parcel_id,date,ndvi_value,temperature_c,rainfall_mm,sensor_status,sensor_ok,mill_id,crop_type,sowing_date,area_hectares
PARCEL_018,2026-05-16,0.595,15.4,0.0,ERROR,False,MILL_SOUTH,sugarcane,2026-01-11,5.82
PARCEL_014,2026-01-27,0.457,27.6,0.0,OK,True,MILL_NORTH,sugarcane,2026-01-05,9.39
PARCEL_006,2026-05-17,0.497,25.8,0.0,OK,True,MILL_WEST,sugarcane,2026-02-11,5.67
PARCEL_004,2026-02-10,0.81,25.0,0.0,OK,True,MILL_NORTH,sugarcane,2026-01-02,3.18
PARCEL_002,2026-01-17,0.269,33.2,0.0,OK,True,MILL_SOUTH,sugarcane,2026-01-16,8.97
PARCEL_015,2026-03-19,0.873,26.3,0.0,OK,True,MILL_SOUTH,sugarcane,2026-01-06,4.87
PARCEL_020,2026-05-08,0.806,16.8,2.7,OK,True,MILL_NORTH,sugarcane,2026-02-19,9.95
PARCEL_010,2026-01-20,0.315,27.9,0.9,OK,True,MILL_EAST,sugarcane,2026-01-07,7.44
PARCEL_012,2026-05-09,0.894,23.8,0.0,BAD_SENSOR,False,MILL_WEST,sugarcane,2026-03-01,6.85
PARCEL_008,2026-02-07,0.278,15.7,4.1,ERROR,False,MILL_EAST,sugarcane,2026-01-22,2.98
PARCEL_019,2026-01-10,0.198,15.3,1.0,OK,True,MILL_SOUTH,sugarcane,2026-01-18,10.19
PARCEL_010,2026-05-10,0.403,18.7,0.0,OK,True,MILL_EAST,sugarcane,2026-01-07,7.44
PARCEL_001,2026-01-16,0.231,34.5,0.0,OK,True,MILL_NORTH,sugarcane,2026-02-10,9.03
PARCEL_023,2026-03-24,0.873,31.3,0.0,OK,True,MILL_WEST,sugarcane,2026-01-26,3.55
PARCEL_020,2026-03-12,0.222,24.4,2.9,OK,True,MILL_NORTH,sugarcane,2026-02-19,9.95
PARCEL_013,2026-01-01,0.23,31.9,0.0,OK,True,MILL_EAST,soybean,2026-02-23,2.71
PARCEL_025,2026-02-04,0.071,33.4,0.0,OK,True,MILL_WEST,sugarcane,2026-02-07,3.02
PARCEL_001,2026-01-26,0.151,22.6,0.0,OK,True,MILL_NORTH,sugarcane,2026-02-10,9.03
PARCEL_013,2026-01-28,0.15,19.2,0.0,OK,True,MILL_EAST,soybean,2026-02-23,2.71
PARCEL_002,2026-04-10,0.672,21.2,0.0,OK,True,MILL_SOUTH,sugarcane,2026-01-16,8.97
PARCEL_023,2026-04-24,0.698,35.1,0.0,OK,True,MILL_WEST,sugarcane,2026-01-26,3.55
PARCEL_022,2026-03-26,0.532,34.7,0.0,ERROR,False,MILL_EAST,sugarcane,2026-01-14,8.04
PARCEL_020,2026-04-18,0.699,35.0,0.0,OK,True,MILL_NORTH,sugarcane,2026-02-19,9.95
PARCEL_024,2026-03-11,0.569,24.2,0.0,OK,True,MILL_EAST,soybean,2026-01-16,5.43
PARCEL_023,2026-05-29,0.51,18.4,2.9,OK,True,MILL_WEST,sugarcane,2026-01-26,3.55
PARCEL_025,2026-01-04,0.083,30.3,0.0,OK,True,MILL_WEST,sugarcane,2026-02-07,3.02
PARCEL_015,2026-01-11,0.257,34.0,0.0,OK,True,MILL_SOUTH,sugarcane,2026-01-06,4.87
PARCEL_012,2026-02-23,0.096,31.6,0.0,OK,True,MILL_WEST,sugarcane,2026-03-01,6.85
PARCEL_007,2026-05-15,0.509,20.8,0.0,OK,True,MILL_NORTH,sugarcane,2026-01-18,8.53
PARCEL_007,2026-05-29,0.583,25.7,0.0,OK,True,MILL_NORTH,sugarcane,2026-01-18,8.53
PARCEL_001,2026-04-23,0.588,20.1,5.8,OK,True,MILL_NORTH,sugarcane,2026-02-10,9.03
PARCEL_014,2026-03-18,0.769,18.0,7.8,OK,True,MILL_NORTH,sugarcane,2026-01-05,9.39
PARCEL_023,2026-03-17,0.499,26.8,0.0,BAD_SENSOR,False,MILL_WEST,sugarcane,2026-01-26,3.55
PARCEL_014,2026-01-07,0.288,19.4,0.0,OK,True,MILL_NORTH,sugarcane,2026-01-05,9.39
PARCEL_019,2026-03-05,0.569,16.9,0.0,OK,True,MILL_SOUTH,sugarcane,2026-01-18,10.19
PARCEL_023,2026-02-11,0.283,15.3,0.0,OK,True,MILL_WEST,sugarcane,2026-01-26,3.55
PARCEL_024,2026-05-17,0.609,23.7,0.0,OK,True,MILL_EAST,soybean,2026-01-16,5.43
PARCEL_017,2026-05-18,0.611,28.8,0.0,OK,True,MILL_EAST,sugarcane,2026-01-14,7.51
PARCEL_009,2026-04-08,0.738,25.7,0.0,OK,True,MILL_EAST,sugarcane,2026-02-18,1.57
PARCEL_007,2026-05-27,0.534,17.3,4.1,BAD_SENSOR,False,MILL_NORTH,sugarcane,2026-01-18,8.53
PARCEL_007,2026-05-17,0.71,30.9,0.0,OK,True,MILL_NORTH,sugarcane,2026-01-18,8.53
PARCEL_023,2026-02-16,0.245,35.1,2.2,OK,True,MILL_WEST,sugarcane,2026-01-26,3.55
PARCEL_010,2026-01-25,0.23,17.0,0.0,OK,True,MILL_EAST,sugarcane,2026-01-07,7.44
PARCEL_021,2026-02-05,0.229,33.7,0.0,OK,True,MILL_EAST,wheat,2026-02-21,3.58
PARCEL_002,2026-03-20,0.757,30.6,0.0,OK,True,MILL_SOUTH,sugarcane,2026-01-16,8.97
PARCEL_018,2026-02-16,0.72,16.4,0.0,OK,True,MILL_SOUTH,sugarcane,2026-01-11,5.82
PARCEL_023,2026-02-14,0.421,34.4,0.0,OK,True,MILL_WEST,sugarcane,2026-01-26,3.55
PARCEL_009,2026-02-28,0.276,19.3,0.0,OK,True,MILL_EAST,sugarcane,2026-02-18,1.57
PARCEL_015,2026-02-20,0.707,23.3,5.0,OK,True,MILL_SOUTH,sugarcane,2026-01-06,4.87
PARCEL_016,2026-01-15,0.184,34.9,1.6,OK,True,MILL_EAST,sugarcane,2026-01-30,4.76
PARCEL_015,2026-02-13,0.802,16.3,0.0,OK,True,MILL_SOUTH,sugarcane,2026-01-06,4.87
PARCEL_015,2026-05-13,0.661,33.2,0.0,OK,True,MILL_SOUTH,sugarcane,2026-01-06,4.87
PARCEL_012,2026-01-07,0.153,20.4,0.0,OK,True,MILL_WEST,sugarcane,2026-03-01,6.85
PARCEL_018,2026-02-19,0.672,24.9,0.0,OK,True,MILL_SOUTH,sugarcane,2026-01-11,5.82
PARCEL_009,2026-01-14,0.138,22.5,5.7,OK,True,MILL_EAST,sugarcane,2026-02-18,1.57
PARCEL_019,2026-01-30,0.335,24.7,0.0,OK,True,MILL_SOUTH,sugarcane,2026-01-18,10.19
PARCEL_001,2026-05-15,0.448,16.4,0.0,OK,True,MILL_NORTH,sugarcane,2026-02-10,9.03
PARCEL_015,2026-03-11,0.728,28.7,0.0,OK,True,MILL_SOUTH,sugarcane,2026-01-06,4.87
PARCEL_005,2026-05-15,0.666,21.8,0.0,OK,True,MILL_NORTH,soybean,2026-02-08,2.79
PARCEL_005,2026-01-17,0.094,33.4,0.0,OK,True,MILL_NORTH,soybean,2026-02-08,2.79
PARCEL_008,2026-05-21,0.639,24.7,0.0,OK,True,MILL_EAST,sugarcane,2026-01-22,2.98
PARCEL_006,2026-04-22,0.597,23.3,0.0,OK,True,MILL_WEST,sugarcane,2026-02-11,5.67
PARCEL_020,2026-03-23,0.589,33.6,0.0,OK,True,MILL_NORTH,sugarcane,2026-02-19,9.95
PARCEL_002,2026-04-21,0.784,28.5,8.0,OK,True,MILL_SOUTH,sugarcane,2026-01-16,8.97
PARCEL_023,2026-02-17,0.392,15.6,0.0,OK,True,MILL_WEST,sugarcane,2026-01-26,3.55
PARCEL_011,2026-04-01,0.586,24.8,0.0,OK,True,MILL_NORTH,wheat,2026-02-21,6.67
PARCEL_004,2026-02-02,0.734,17.9,0.0,OK,True,MILL_NORTH,sugarcane,2026-01-02,3.18
PARCEL_002,2026-04-01,0.682,30.6,0.0,OK,True,MILL_SOUTH,sugarcane,2026-01-16,8.97
PARCEL_005,2026-02-28,0.239,27.4,0.0,OK,True,MILL_NORTH,soybean,2026-02-08,2.79
PARCEL_025,2026-03-24,0.705,22.7,0.0,OK,True,MILL_WEST,sugarcane,2026-02-07,3.02
PARCEL_025,2026-02-23,0.493,23.8,0.0,OK,True,MILL_WEST,sugarcane,2026-02-07,3.02
PARCEL_023,2026-05-19,0.552,24.5,0.0,OK,True,MILL_WEST,sugarcane,2026-01-26,3.55
PARCEL_009,2026-04-18,0.731,24.9,7.2,OK,True,MILL_EAST,sugarcane,2026-02-18,1.57
PARCEL_019,2026-05-12,0.735,24.1,0.0,ERROR,False,MILL_SOUTH,sugarcane,2026-01-18,10.19
PARCEL_009,2026-02-11,0.211,33.2,0.0,OK,True,MILL_EAST,sugarcane,2026-02-18,1.57
PARCEL_021,2026-04-26,0.429,15.9,0.0,OK,True,MILL_EAST,wheat,2026-02-21,3.58
PARCEL_007,2026-04-09,0.696,25.6,0.0,OK,True,MILL_NORTH,sugarcane,2026-01-18,8.53
PARCEL_023,2026-03-06,0.562,33.2,0.0,OK,True,MILL_WEST,sugarcane,2026-01-26,3.55
PARCEL_019,2026-05-26,0.354,28.1,0.0,OK,True,MILL_SOUTH,sugarcane,2026-01-18,10.19
PARCEL_019,2026-03-06,0.695,27.7,0.0,OK,True,MILL_SOUTH,sugarcane,2026-01-18,10.19
PARCEL_012,2026-02-26,0.281,23.5,0.0,OK,True,MILL_WEST,sugarcane,2026-03-01,6.85
PARCEL_015,2026-03-26,0.545,17.6,0.0,OK,True,MILL_SOUTH,sugarcane,2026-01-06,4.87
PARCEL_023,2026-02-06,0.4,34.6,4.4,OK,True,MILL_WEST,sugarcane,2026-01-26,3.55
PARCEL_005,2026-03-13,0.564,21.3,7.9,OK,True,MILL_NORTH,soybean,2026-02-08,2.79
PARCEL_003,2026-05-27,0.661,34.0,0.0,OK,True,MILL_NORTH,soybean,2026-02-13,5.35
PARCEL_017,2026-01-14,0.277,31.3,4.5,OK,True,MILL_EAST,sugarcane,2026-01-14,7.51
PARCEL_014,2026-05-22,0.439,19.4,0.0,OK,True,MILL_NORTH,sugarcane,2026-01-05,9.39
PARCEL_025,2026-05-20,0.622,30.4,0.0,OK,True,MILL_WEST,sugarcane,2026-02-07,3.02
PARCEL_004,2026-01-22,0.379,33.5,0.0,OK,True,MILL_NORTH,sugarcane,2026-01-02,3.18
PARCEL_018,2026-02-07,0.298,33.8,0.0,OK,True,MILL_SOUTH,sugarcane,2026-01-11,5.82
PARCEL_004,2026-05-31,0.589,23.8,0.0,OK,True,MILL_NORTH,sugarcane,2026-01-02,3.18
PARCEL_011,2026-05-04,0.641,17.9,0.0,OK,True,MILL_NORTH,wheat,2026-02-21,6.67
PARCEL_024,2026-03-02,0.604,22.3,0.0,OK,True,MILL_EAST,soybean,2026-01-16,5.43
PARCEL_015,2026-05-25,0.543,35.2,0.0,OK,True,MILL_SOUTH,sugarcane,2026-01-06,4.87
PARCEL_022,2026-01-23,0.248,18.5,0.0,OK,True,MILL_EAST,sugarcane,2026-01-14,8.04
PARCEL_023,2026-03-31,0.525,23.8,0.0,OK,True,MILL_WEST,sugarcane,2026-01-26,3.55
PARCEL_006,2026-04-17,0.778,30.0,0.0,OK,True,MILL_WEST,sugarcane,2026-02-11,5.67
PARCEL_005,2026-01-24,0.205,26.4,0.0,OK,True,MILL_NORTH,soybean,2026-02-08,2.79
PARCEL_021,2026-02-06,0.092,26.7,0.0,OK,True,MILL_EAST,wheat,2026-02-21,3.58
PARCEL_025,2026-02-05,0.223,22.2,0.0,OK,True,MILL_WEST,sugarcane,2026-02-07,3.02
PARCEL_013,2026-05-08,0.426,18.2,0.0,OK,True,MILL_EAST,soybean,2026-02-23,2.71
PARCEL_024,2026-01-12,0.312,16.5,0.0,OK,True,MILL_EAST,soybean,2026-01-16,5.43
PARCEL_021,2026-01-25,0.136,32.1,0.0,OK,True,MILL_EAST,wheat,2026-02-21,3.58
PARCEL_020,2026-05-18,0.508,25.0,0.0,OK,True,MILL_NORTH,sugarcane,2026-02-19,9.95
PARCEL_004,2026-02-21,0.786,23.6,10.0,OK,True,MILL_NORTH,sugarcane,2026-01-02,3.18
PARCEL_001,2026-02-15,0.347,31.4,0.0,BAD_SENSOR,False,MILL_NORTH,sugarcane,2026-02-10,9.03
PARCEL_001,2026-01-13,0.185,32.3,0.0,OK,True,MILL_NORTH,sugarcane,2026-02-10,9.03
PARCEL_010,2026-04-13,0.615,20.8,0.0,OK,True,MILL_EAST,sugarcane,2026-01-07,7.44
PARCEL_005,2026-01-10,0.131,29.9,0.0,OK,True,MILL_NORTH,soybean,2026-02-08,2.79
PARCEL_012,2026-03-31,0.73,16.8,3.0,OK,True,MILL_WEST,sugarcane,2026-03-01,6.85
PARCEL_013,2026-04-29,0.561,23.3,4.0,OK,True,MILL_EAST,soybean,2026-02-23,2.71
PARCEL_010,2026-02-01,0.208,18.1,0.0,OK,True,MILL_EAST,sugarcane,2026-01-07,7.44
PARCEL_019,2026-01-01,0.187,17.9,0.0,OK,True,MILL_SOUTH,sugarcane,2026-01-18,10.19
PARCEL_007,2026-02-20,0.576,25.8,0.9,OK,True,MILL_NORTH,sugarcane,2026-01-18,8.53
PARCEL_005,2026-03-18,0.604,18.4,0.0,OK,True,MILL_NORTH,soybean,2026-02-08,2.79
PARCEL_025,2026-01-23,0.226,27.6,0.0,OK,True,MILL_WEST,sugarcane,2026-02-07,3.02
PARCEL_010,2026-03-19,0.635,29.9,0.0,OK,True,MILL_EAST,sugarcane,2026-01-07,7.44
PARCEL_020,2026-02-06,0.249,24.5,0.0,OK,True,MILL_NORTH,sugarcane,2026-02-19,9.95
PARCEL_013,2026-04-13,0.498,20.0,0.0,OK,True,MILL_EAST,soybean,2026-02-23,2.71
PARCEL_008,2026-01-14,0.158,29.8,4.8,OK,True,MILL_EAST,sugarcane,2026-01-22,2.98
PARCEL_020,2026-04-09,0.569,32.9,0.0,OK,True,MILL_NORTH,sugarcane,2026-02-19,9.95
PARCEL_023,2026-04-09,0.822,28.3,0.0,OK,True,MILL_WEST,sugarcane,2026-01-26,3.55
PARCEL_025,2026-02-22,0.458,35.1,0.0,OK,True,MILL_WEST,sugarcane,2026-02-07,3.02
PARCEL_023,2026-02-25,0.888,29.6,0.0,OK,True,MILL_WEST,sugarcane,2026-01-26,3.55
PARCEL_011,2026-03-27,0.682,20.5,0.0,OK,True,MILL_NORTH,wheat,2026-02-21,6.67
PARCEL_008,2026-01-09,0.129,26.0,3.4,OK,True,MILL_EAST,sugarcane,2026-01-22,2.98
PARCEL_006,2026-01-30,0.035,23.1,0.0,OK,True,MILL_WEST,sugarcane,2026-02-11,5.67
PARCEL_024,2026-04-20,0.526,29.7,0.0,OK,True,MILL_EAST,soybean,2026-01-16,5.43
PARCEL_010,2026-04-11,0.543,33.6,0.0,OK,True,MILL_EAST,sugarcane,2026-01-07,7.44
PARCEL_009,2026-05-15,0.83,28.5,0.0,OK,True,MILL_EAST,sugarcane,2026-02-18,1.57
PARCEL_008,2026-05-11,0.462,19.3,0.0,OK,True,MILL_EAST,sugarcane,2026-01-22,2.98
PARCEL_016,2026-05-22,0.691,20.9,0.0,OK,True,MILL_EAST,sugarcane,2026-01-30,4.76
PARCEL_011,2026-05-10,0.853,32.3,0.0,OK,True,MILL_NORTH,wheat,2026-02-21,6.67
PARCEL_005,2026-02-27,0.401,17.7,0.0,OK,True,MILL_NORTH,soybean,2026-02-08,2.79
PARCEL_010,2026-01-15,0.375,17.0,0.0,OK,True,MILL_EAST,sugarcane,2026-01-07,7.44
PARCEL_009,2026-05-02,0.678,34.1,0.0,OK,True,MILL_EAST,sugarcane,2026-02-18,1.57
PARCEL_010,2026-05-24,0.547,24.7,0.0,OK,True,MILL_EAST,sugarcane,2026-01-07,7.44
PARCEL_018,2026-04-29,0.446,22.0,0.0,OK,True,MILL_SOUTH,sugarcane,2026-01-11,5.82
PARCEL_025,2026-04-04,0.802,29.3,1.8,OK,True,MILL_WEST,sugarcane,2026-02-07,3.02
PARCEL_010,2026-01-22,0.339,34.0,0.0,OK,True,MILL_EAST,sugarcane,2026-01-07,7.44
PARCEL_018,2026-02-24,0.813,33.3,0.0,OK,True,MILL_SOUTH,sugarcane,2026-01-11,5.82
PARCEL_010,2026-05-05,0.659,16.9,0.0,OK,True,MILL_EAST,sugarcane,2026-01-07,7.44
PARCEL_011,2026-04-17,0.533,22.4,0.0,OK,True,MILL_NORTH,wheat,2026-02-21,6.67
PARCEL_019,2026-01-27,0.182,26.7,0.0,ERROR,False,MILL_SOUTH,sugarcane,2026-01-18,10.19
PARCEL_011,2026-02-17,0.094,18.1,0.0,OK,True,MILL_NORTH,wheat,2026-02-21,6.67
PARCEL_010,2026-01-24,0.449,22.2,0.0,OK,True,MILL_EAST,sugarcane,2026-01-07,7.44
PARCEL_002,2026-05-22,0.528,22.3,0.0,OK,True,MILL_SOUTH,sugarcane,2026-01-16,8.97
PARCEL_019,2026-03-25,0.58,15.5,0.0,OK,True,MILL_SOUTH,sugarcane,2026-01-18,10.19
PARCEL_009,2026-03-17,0.226,33.4,0.0,OK,True,MILL_EAST,sugarcane,2026-02-18,1.57
PARCEL_006,2026-04-09,0.79,25.3,0.0,OK,True,MILL_WEST,sugarcane,2026-02-11,5.67
PARCEL_017,2026-01-21,0.246,30.1,0.0,OK,True,MILL_EAST,sugarcane,2026-01-14,7.51
PARCEL_021,2026-05-03,0.525,26.6,0.0,OK,True,MILL_EAST,wheat,2026-02-21,3.58
PARCEL_014,2026-02-01,0.253,20.0,0.0,OK,True,MILL_NORTH,sugarcane,2026-01-05,9.39
PARCEL_007,2026-02-26,0.753,30.8,0.0,OK,True,MILL_NORTH,sugarcane,2026-01-18,8.53
PARCEL_008,2026-01-28,0.262,22.3,0.3,OK,True,MILL_EAST,sugarcane,2026-01-22,2.98
PARCEL_016,2026-01-18,0.085,25.7,0.0,OK,True,MILL_EAST,sugarcane,2026-01-30,4.76
PARCEL_019,2026-05-17,0.533,33.6,2.3,OK,True,MILL_SOUTH,sugarcane,2026-01-18,10.19
PARCEL_009,2026-01-22,0.195,18.1,1.6,OK,True,MILL_EAST,sugarcane,2026-02-18,1.57
PARCEL_023,2026-02-09,0.48,28.7,7.9,OK,True,MILL_WEST,sugarcane,2026-01-26,3.55
PARCEL_015,2026-04-26,0.615,34.0,0.0,ERROR,False,MILL_SOUTH,sugarcane,2026-01-06,4.87
PARCEL_008,2026-03-19,0.799,20.0,0.0,OK,True,MILL_EAST,sugarcane,2026-01-22,2.98
PARCEL_003,2026-05-11,0.536,16.7,0.0,OK,True,MILL_NORTH,soybean,2026-02-13,5.35
PARCEL_007,2026-04-07,0.663,21.2,0.0,OK,True,MILL_NORTH,sugarcane,2026-01-18,8.53
PARCEL_009,2026-01-25,0.172,34.7,0.0,OK,True,MILL_EAST,sugarcane,2026-02-18,1.57
PARCEL_009,2026-05-30,0.545,27.8,0.0,OK,True,MILL_EAST,sugarcane,2026-02-18,1.57
PARCEL_004,2026-01-31,0.342,32.2,0.0,OK,True,MILL_NORTH,sugarcane,2026-01-02,3.18
PARCEL_019,2026-04-07,0.887,15.6,0.0,OK,True,MILL_SOUTH,sugarcane,2026-01-18,10.19
PARCEL_006,2026-04-27,0.715,25.6,0.0,OK,True,MILL_WEST,sugarcane,2026-02-11,5.67
PARCEL_007,2026-05-22,0.647,23.9,0.0,OK,True,MILL_NORTH,sugarcane,2026-01-18,8.53
PARCEL_016,2026-01-10,0.196,28.5,0.0,OK,True,MILL_EAST,sugarcane,2026-01-30,4.76
PARCEL_017,2026-04-01,0.57,23.8,0.0,OK,True,MILL_EAST,sugarcane,2026-01-14,7.51
PARCEL_019,2026-05-09,0.69,34.8,0.0,BAD_SENSOR,False,MILL_SOUTH,sugarcane,2026-01-18,10.19
PARCEL_013,2026-02-23,0.187,18.4,0.0,OK,True,MILL_EAST,soybean,2026-02-23,2.71
PARCEL_018,2026-01-02,0.144,33.4,0.0,OK,True,MILL_SOUTH,sugarcane,2026-01-11,5.82
PARCEL_002,2026-03-23,0.603,17.3,0.0,OK,True,MILL_SOUTH,sugarcane,2026-01-16,8.97
PARCEL_008,2026-02-08,0.228,25.5,0.0,OK,True,MILL_EAST,sugarcane,2026-01-22,2.98
PARCEL_017,2026-01-13,0.141,35.0,0.0,OK,True,MILL_EAST,sugarcane,2026-01-14,7.51
PARCEL_022,2026-01-30,0.24,27.8,5.1,OK,True,MILL_EAST,sugarcane,2026-01-14,8.04
PARCEL_016,2026-05-13,0.569,23.8,0.0,OK,True,MILL_EAST,sugarcane,2026-01-30,4.76
PARCEL_011,2026-03-08,0.351,27.7,0.0,OK,True,MILL_NORTH,wheat,2026-02-21,6.67
PARCEL_011,2026-05-02,0.524,31.8,0.0,OK,True,MILL_NORTH,wheat,2026-02-21,6.67
PARCEL_009,2026-02-16,0.272,23.2,0.0,OK,True,MILL_EAST,sugarcane,2026-02-18,1.57
PARCEL_004,2026-04-27,0.495,34.1,1.1,OK,True,MILL_NORTH,sugarcane,2026-01-02,3.18
PARCEL_012,2026-05-28,0.64,30.7,0.0,OK,True,MILL_WEST,sugarcane,2026-03-01,6.85
PARCEL_014,2026-02-28,0.838,31.0,11.2,OK,True,MILL_NORTH,sugarcane,2026-01-05,9.39
PARCEL_014,2026-04-07,0.565,20.7,0.0,OK,True,MILL_NORTH,sugarcane,2026-01-05,9.39
PARCEL_015,2026-02-08,0.616,26.7,3.5,OK,True,MILL_SOUTH,sugarcane,2026-01-06,4.87
PARCEL_005,2026-04-28,0.413,18.3,0.0,OK,True,MILL_NORTH,soybean,2026-02-08,2.79
PARCEL_023,2026-03-19,0.695,32.3,0.0,OK,True,MILL_WEST,sugarcane,2026-01-26,3.55
PARCEL_008,2026-04-20,0.755,27.0,0.0,OK,True,MILL_EAST,sugarcane,2026-01-22,2.98
PARCEL_011,2026-02-28,0.419,32.3,0.0,OK,True,MILL_NORTH,wheat,2026-02-21,6.67
PARCEL_018,2026-03-05,0.725,19.9,0.0,ERROR,False,MILL_SOUTH,sugarcane,2026-01-11,5.82
PARCEL_014,2026-05-11,0.585,24.9,0.0,OK,True,MILL_NORTH,sugarcane,2026-01-05,9.39
PARCEL_002,2026-03-15,0.787,19.0,0.0,ERROR,False,MILL_SOUTH,sugarcane,2026-01-16,8.97
PARCEL_009,2026-03-10,0.242,25.4,0.0,OK,True,MILL_EAST,sugarcane,2026-02-18,1.57
PARCEL_013,2026-03-31,0.707,16.0,6.3,OK,True,MILL_EAST,soybean,2026-02-23,2.71
PARCEL_010,2026-02-17,0.556,29.0,0.0,OK,True,MILL_EAST,sugarcane,2026-01-07,7.44
PARCEL_013,2026-01-23,0.224,28.1,0.0,BAD_SENSOR,False,MILL_EAST,soybean,2026-02-23,2.71
PARCEL_009,2026-03-20,0.569,30.0,0.0,OK,True,MILL_EAST,sugarcane,2026-02-18,1.57
PARCEL_002,2026-03-08,0.543,22.1,0.0,OK,True,MILL_SOUTH,sugarcane,2026-01-16,8.97
PARCEL_002,2026-04-14,0.734,24.7,0.0,OK,True,MILL_SOUTH,sugarcane,2026-01-16,8.97
PARCEL_003,2026-02-22,0.386,32.0,0.0,OK,True,MILL_NORTH,soybean,2026-02-13,5.35
PARCEL_015,2026-04-04,0.767,29.5,0.0,OK,True,MILL_SOUTH,sugarcane,2026-01-06,4.87
PARCEL_006,2026-02-19,0.3,27.9,0.0,OK,True,MILL_WEST,sugarcane,2026-02-11,5.67
PARCEL_004,2026-02-28,0.587,30.9,1.4,BAD_SENSOR,False,MILL_NORTH,sugarcane,2026-01-02,3.18
PARCEL_010,2026-02-05,0.212,22.8,0.0,OK,True,MILL_EAST,sugarcane,2026-01-07,7.44
PARCEL_004,2026-03-05,0.609,16.9,3.0,BAD_SENSOR,False,MILL_NORTH,sugarcane,2026-01-02,3.18
PARCEL_012,2026-05-08,0.648,28.6,0.0,OK,True,MILL_WEST,sugarcane,2026-03-01,6.85
PARCEL_005,2026-04-18,0.411,28.5,0.0,OK,True,MILL_NORTH,soybean,2026-02-08,2.79
PARCEL_015,2026-04-22,0.589,35.1,2.0,ERROR,False,MILL_SOUTH,sugarcane,2026-01-06,4.87
PARCEL_008,2026-01-31,0.252,23.1,0.0,OK,True,MILL_EAST,sugarcane,2026-01-22,2.98
PARCEL_006,2026-01-31,0.215,32.0,0.0,OK,True,MILL_WEST,sugarcane,2026-02-11,5.67
PARCEL_011,2026-02-06,0.166,33.1,0.0,OK,True,MILL_NORTH,wheat,2026-02-21,6.67
PARCEL_012,2026-01-15,0.038,16.6,0.0,OK,True,MILL_WEST,sugarcane,2026-03-01,6.85
PARCEL_021,2026-03-30,0.71,17.1,0.0,OK,True,MILL_EAST,wheat,2026-02-21,3.58
PARCEL_007,2026-04-01,0.764,23.0,1.0,OK,True,MILL_NORTH,sugarcane,2026-01-18,8.53
PARCEL_018,2026-01-22,0.35,32.5,0.0,OK,True,MILL_SOUTH,sugarcane,2026-01-11,5.82
PARCEL_012,2026-01-03,0.118,15.5,0.0,OK,True,MILL_WEST,sugarcane,2026-03-01,6.85
PARCEL_015,2026-04-23,0.436,33.4,0.0,OK,True,MILL_SOUTH,sugarcane,2026-01-06,4.87
PARCEL_022,2026-04-25,0.575,32.2,1.6,OK,True,MILL_EAST,sugarcane,2026-01-14,8.04
PARCEL_015,2026-05-06,0.49,18.1,0.0,OK,True,MILL_SOUTH,sugarcane,2026-01-06,4.87
PARCEL_014,2026-04-14,0.503,27.8,0.0,OK,True,MILL_NORTH,sugarcane,2026-01-05,9.39
PARCEL_017,2026-01-24,0.288,28.2,0.0,OK,True,MILL_EAST,sugarcane,2026-01-14,7.51
PARCEL_005,2026-01-02,0.168,26.3,6.5,OK,True,MILL_NORTH,soybean,2026-02-08,2.79
PARCEL_023,2026-05-21,0.657,25.2,0.0,OK,True,MILL_WEST,sugarcane,2026-01-26,3.55
PARCEL_007,2026-04-19,0.637,27.2,0.0,OK,True,MILL_NORTH,sugarcane,2026-01-18,8.53
PARCEL_002,2026-02-05,0.43,32.3,0.0,OK,True,MILL_SOUTH,sugarcane,2026-01-16,8.97
PARCEL_019,2026-01-16,0.201,26.9,0.0,OK,True,MILL_SOUTH,sugarcane,2026-01-18,10.19
PARCEL_023,2026-03-16,0.655,17.0,0.0,OK,True,MILL_WEST,sugarcane,2026-01-26,3.55
PARCEL_010,2026-04-15,0.57,17.4,0.0,OK,True,MILL_EAST,sugarcane,2026-01-07,7.44
PARCEL_023,2026-05-15,0.463,28.7,0.2,OK,True,MILL_WEST,sugarcane,2026-01-26,3.55
PARCEL_024,2026-01-29,0.454,31.7,0.0,OK,True,MILL_EAST,soybean,2026-01-16,5.43
PARCEL_021,2026-05-09,0.675,32.0,0.0,OK,True,MILL_EAST,wheat,2026-02-21,3.58
PARCEL_011,2026-05-27,0.462,32.6,0.0,OK,True,MILL_NORTH,wheat,2026-02-21,6.67
PARCEL_023,2026-04-28,0.421,30.8,1.5,OK,True,MILL_WEST,sugarcane,2026-01-26,3.55
PARCEL_022,2026-03-23,0.62,26.9,0.0,OK,True,MILL_EAST,sugarcane,2026-01-14,8.04
PARCEL_005,2026-04-23,0.5,29.2,0.0,OK,True,MILL_NORTH,soybean,2026-02-08,2.79
PARCEL_023,2026-03-05,0.696,23.7,0.0,OK,True,MILL_WEST,sugarcane,2026-01-26,3.55
PARCEL_025,2026-05-01,0.692,28.7,2.0,OK,True,MILL_WEST,sugarcane,2026-02-07,3.02
PARCEL_009,2026-03-25,0.793,23.3,0.0,OK,True,MILL_EAST,sugarcane,2026-02-18,1.57
PARCEL_025,2026-01-28,0.213,28.5,6.0,OK,True,MILL_WEST,sugarcane,2026-02-07,3.02
PARCEL_024,2026-01-07,0.188,25.6,3.0,OK,True,MILL_EAST,soybean,2026-01-16,5.43
PARCEL_019,2026-01-24,0.183,24.0,3.7,OK,True,MILL_SOUTH,sugarcane,2026-01-18,10.19
PARCEL_016,2026-02-22,0.439,27.9,0.0,OK,True,MILL_EAST,sugarcane,2026-01-30,4.76
PARCEL_021,2026-01-23,0.166,18.6,0.0,OK,True,MILL_EAST,wheat,2026-02-21,3.58
PARCEL_006,2026-02-23,0.468,34.1,0.0,OK,True,MILL_WEST,sugarcane,2026-02-11,5.67
PARCEL_024,2026-05-27,0.51,29.0,0.0,ERROR,False,MILL_EAST,soybean,2026-01-16,5.43
PARCEL_012,2026-01-13,0.241,20.1,0.0,OK,True,MILL_WEST,sugarcane,2026-03-01,6.85
PARCEL_016,2026-04-04,0.773,15.9,0.0,OK,True,MILL_EAST,sugarcane,2026-01-30,4.76
PARCEL_002,2026-04-22,0.695,28.4,0.0,OK,True,MILL_SOUTH,sugarcane,2026-01-16,8.97
PARCEL_020,2026-03-15,0.225,31.5,0.0,OK,True,MILL_NORTH,sugarcane,2026-02-19,9.95
PARCEL_010,2026-01-07,0.288,17.1,0.0,OK,True,MILL_EAST,sugarcane,2026-01-07,7.44
PARCEL_003,2026-01-26,0.156,25.9,0.0,OK,True,MILL_NORTH,soybean,2026-02-13,5.35
PARCEL_016,2026-05-05,0.662,18.3,0.0,OK,True,MILL_EAST,sugarcane,2026-01-30,4.76
PARCEL_024,2026-02-13,0.293,22.9,0.0,OK,True,MILL_EAST,soybean,2026-01-16,5.43
PARCEL_008,2026-02-04,0.277,16.9,0.0,OK,True,MILL_EAST,sugarcane,2026-01-22,2.98
PARCEL_008,2026-04-02,0.667,28.5,0.0,OK,True,MILL_EAST,sugarcane,2026-01-22,2.98
PARCEL_010,2026-01-17,0.321,16.0,0.0,OK,True,MILL_EAST,sugarcane,2026-01-07,7.44
PARCEL_013,2026-04-03,0.478,26.7,0.0,OK,True,MILL_EAST,soybean,2026-02-23,2.71
PARCEL_012,2026-01-10,0.187,19.4,0.0,OK,True,MILL_WEST,sugarcane,2026-03-01,6.85
PARCEL_004,2026-02-05,0.6,28.7,0.0,OK,True,MILL_NORTH,sugarcane,2026-01-02,3.18
PARCEL_017,2026-03-17,0.573,17.4,0.0,BAD_SENSOR,False,MILL_EAST,sugarcane,2026-01-14,7.51
PARCEL_003,2026-01-01,0.149,23.8,0.0,OK,True,MILL_NORTH,soybean,2026-02-13,5.35
PARCEL_014,2026-02-19,0.691,28.6,0.0,OK,True,MILL_NORTH,sugarcane,2026-01-05,9.39
PARCEL_012,2026-01-22,0.041,31.9,0.0,BAD_SENSOR,False,MILL_WEST,sugarcane,2026-03-01,6.85
PARCEL_017,2026-01-15,0.371,21.6,0.0,OK,True,MILL_EAST,sugarcane,2026-01-14,7.51
PARCEL_001,2026-04-15,0.819,25.2,5.7,OK,True,MILL_NORTH,sugarcane,2026-02-10,9.03
PARCEL_023,2026-02-08,0.435,15.5,0.0,OK,True,MILL_WEST,sugarcane,2026-01-26,3.55
PARCEL_013,2026-03-29,0.415,34.2,0.0,OK,True,MILL_EAST,soybean,2026-02-23,2.71
PARCEL_003,2026-04-21,0.519,30.7,0.0,OK,True,MILL_NORTH,soybean,2026-02-13,5.35
PARCEL_006,2026-02-15,0.44,26.1,3.6,OK,True,MILL_WEST,sugarcane,2026-02-11,5.67
PARCEL_007,2026-05-14,0.591,18.3,1.9,OK,True,MILL_NORTH,sugarcane,2026-01-18,8.53
PARCEL_024,2026-04-04,0.619,18.9,3.1,OK,True,MILL_EAST,soybean,2026-01-16,5.43
PARCEL_011,2026-05-14,0.565,34.3,3.4,OK,True,MILL_NORTH,wheat,2026-02-21,6.67
PARCEL_014,2026-05-25,0.528,23.0,5.5,OK,True,MILL_NORTH,sugarcane,2026-01-05,9.39
PARCEL_008,2026-05-08,0.419,17.8,0.0,OK,True,MILL_EAST,sugarcane,2026-01-22,2.98
PARCEL_023,2026-01-19,0.258,15.4,0.0,OK,True,MILL_WEST,sugarcane,2026-01-26,3.55
PARCEL_010,2026-03-10,0.682,21.1,0.0,ERROR,False,MILL_EAST,sugarcane,2026-01-07,7.44
PARCEL_004,2026-05-17,0.662,20.7,0.0,OK,True,MILL_NORTH,sugarcane,2026-01-02,3.18
PARCEL_002,2026-05-16,0.531,15.9,2.0,OK,True,MILL_SOUTH,sugarcane,2026-01-16,8.97
PARCEL_019,2026-01-06,0.192,22.8,0.0,OK,True,MILL_SOUTH,sugarcane,2026-01-18,10.19
PARCEL_005,2026-01-06,0.232,32.1,0.0,OK,True,MILL_NORTH,soybean,2026-02-08,2.79
PARCEL_024,2026-04-03,0.634,34.9,0.0,OK,True,MILL_EAST,soybean,2026-01-16,5.43
PARCEL_009,2026-03-29,0.685,19.1,0.0,OK,True,MILL_EAST,sugarcane,2026-02-18,1.57
PARCEL_024,2026-02-14,0.346,32.4,0.0,OK,True,MILL_EAST,soybean,2026-01-16,5.43
PARCEL_015,2026-01-12,0.426,26.1,0.4,ERROR,False,MILL_SOUTH,sugarcane,2026-01-06,4.87
PARCEL_002,2026-01-31,0.428,16.0,2.7,OK,True,MILL_SOUTH,sugarcane,2026-01-16,8.97
PARCEL_014,2026-01-05,0.49,33.3,0.0,OK,True,MILL_NORTH,sugarcane,2026-01-05,9.39
PARCEL_008,2026-01-29,0.24,28.4,0.0,OK,True,MILL_EAST,sugarcane,2026-01-22,2.98
PARCEL_025,2026-05-05,0.703,17.2,0.0,OK,True,MILL_WEST,sugarcane,2026-02-07,3.02
PARCEL_019,2026-02-21,0.827,16.9,0.0,OK,True,MILL_SOUTH,sugarcane,2026-01-18,10.19
PARCEL_010,2026-05-02,0.584,34.9,0.0,OK,True,MILL_EAST,sugarcane,2026-01-07,7.44
PARCEL_006,2026-02-02,0.145,20.3,0.0,OK,True,MILL_WEST,sugarcane,2026-02-11,5.67
PARCEL_025,2026-04-17,0.879,15.9,0.0,OK,True,MILL_WEST,sugarcane,2026-02-07,3.02
PARCEL_016,2026-05-11,0.656,32.3,0.0,OK,True,MILL_EAST,sugarcane,2026-01-30,4.76
PARCEL_016,2026-01-24,0.084,28.7,0.0,OK,True,MILL_EAST,sugarcane,2026-01-30,4.76
PARCEL_004,2026-02-09,0.653,28.2,3.5,OK,True,MILL_NORTH,sugarcane,2026-01-02,3.18
PARCEL_022,2026-04-19,0.637,27.5,0.0,OK,True,MILL_EAST,sugarcane,2026-01-14,8.04
PARCEL_007,2026-04-15,0.848,22.5,0.0,OK,True,MILL_NORTH,sugarcane,2026-01-18,8.53
PARCEL_021,2026-05-17,0.64,23.7,0.0,OK,True,MILL_EAST,wheat,2026-02-21,3.58
PARCEL_011,2026-03-22,0.293,25.9,2.9,OK,True,MILL_NORTH,wheat,2026-02-21,6.67
PARCEL_021,2026-04-09,0.393,22.6,1.4,OK,True,MILL_EAST,wheat,2026-02-21,3.58
PARCEL_023,2026-02-13,0.339,30.9,0.0,BAD_SENSOR,False,MILL_WEST,sugarcane,2026-01-26,3.55
PARCEL_002,2026-02-13,0.317,20.6,0.0,OK,True,MILL_SOUTH,sugarcane,2026-01-16,8.97
PARCEL_021,2026-04-15,0.695,24.3,5.8,OK,True,MILL_EAST,wheat,2026-02-21,3.58
PARCEL_018,2026-02-13,0.651,18.7,0.0,OK,True,MILL_SOUTH,sugarcane,2026-01-11,5.82
PARCEL_022,2026-04-21,0.539,28.5,0.0,OK,True,MILL_EAST,sugarcane,2026-01-14,8.04
PARCEL_003,2026-03-21,0.387,34.9,0.0,OK,True,MILL_NORTH,soybean,2026-02-13,5.35
PARCEL_023,2026-01-11,0.252,26.0,0.0,OK,True,MILL_WEST,sugarcane,2026-01-26,3.55
PARCEL_001,2026-01-11,0.141,23.7,0.0,OK,True,MILL_NORTH,sugarcane,2026-02-10,9.03
PARCEL_016,2026-05-08,0.569,33.7,0.0,OK,True,MILL_EAST,sugarcane,2026-01-30,4.76
PARCEL_017,2026-03-26,0.601,30.1,0.0,OK,True,MILL_EAST,sugarcane,2026-01-14,7.51
PARCEL_020,2026-01-13,0.199,18.2,0.0,OK,True,MILL_NORTH,sugarcane,2026-02-19,9.95
PARCEL_014,2026-03-15,0.627,27.2,0.0,OK,True,MILL_NORTH,sugarcane,2026-01-05,9.39
PARCEL_019,2026-01-17,0.114,17.6,6.2,OK,True,MILL_SOUTH,sugarcane,2026-01-18,10.19
PARCEL_009,2026-01-11,0.091,19.2,0.0,OK,True,MILL_EAST,sugarcane,2026-02-18,1.57
PARCEL_013,2026-02-08,0.15,33.6,3.5,OK,True,MILL_EAST,soybean,2026-02-23,2.71
PARCEL_005,2026-03-28,0.52,26.8,0.0,OK,True,MILL_NORTH,soybean,2026-02-08,2.79
PARCEL_009,2026-01-08,0.169,19.9,0.0,OK,True,MILL_EAST,sugarcane,2026-02-18,1.57
PARCEL_013,2026-04-07,0.4,34.2,0.0,OK,True,MILL_EAST,soybean,2026-02-23,2.71
PARCEL_009,2026-02-06,0.11,22.4,0.0,OK,True,MILL_EAST,sugarcane,2026-02-18,1.57
PARCEL_019,2026-02-05,0.286,20.9,6.5,OK,True,MILL_SOUTH,sugarcane,2026-01-18,10.19
PARCEL_025,2026-02-16,0.464,25.0,0.0,OK,True,MILL_WEST,sugarcane,2026-02-07,3.02
PARCEL_006,2026-05-26,0.539,22.7,0.0,OK,True,MILL_WEST,sugarcane,2026-02-11,5.67
PARCEL_008,2026-02-24,0.797,31.0,1.1,OK,True,MILL_EAST,sugarcane,2026-01-22,2.98
PARCEL_004,2026-02-18,0.743,18.0,0.0,OK,True,MILL_NORTH,sugarcane,2026-01-02,3.18
PARCEL_004,2026-02-14,0.798,28.6,2.7,OK,True,MILL_NORTH,sugarcane,2026-01-02,3.18
PARCEL_007,2026-02-16,0.369,24.0,0.0,OK,True,MILL_NORTH,sugarcane,2026-01-18,8.53
PARCEL_012,2026-05-07,0.845,16.1,6.4,OK,True,MILL_WEST,sugarcane,2026-03-01,6.85
PARCEL_021,2026-03-24,0.547,29.1,4.2,OK,True,MILL_EAST,wheat,2026-02-21,3.58
PARCEL_013,2026-03-18,0.55,17.4,0.0,BAD_SENSOR,False,MILL_EAST,soybean,2026-02-23,2.71
PARCEL_017,2026-01-17,0.297,20.4,0.0,OK,True,MILL_EAST,sugarcane,2026-01-14,7.51
PARCEL_014,2026-03-23,0.578,16.8,0.0,OK,True,MILL_NORTH,sugarcane,2026-01-05,9.39
PARCEL_004,2026-05-13,0.579,25.9,0.0,OK,True,MILL_NORTH,sugarcane,2026-01-02,3.18
PARCEL_017,2026-02-07,0.223,30.9,0.0,OK,True,MILL_EAST,sugarcane,2026-01-14,7.51
PARCEL_013,2026-02-06,0.118,29.2,5.4,OK,True,MILL_EAST,soybean,2026-02-23,2.71
PARCEL_014,2026-02-25,0.573,29.3,0.0,OK,True,MILL_NORTH,sugarcane,2026-01-05,9.39
PARCEL_014,2026-02-08,0.771,25.4,0.0,OK,True,MILL_NORTH,sugarcane,2026-01-05,9.39
PARCEL_009,2026-03-15,0.418,16.6,0.0,OK,True,MILL_EAST,sugarcane,2026-02-18,1.57
PARCEL_006,2026-01-23,0.181,34.2,0.0,OK,True,MILL_WEST,sugarcane,2026-02-11,5.67
PARCEL_013,2026-01-08,0.243,17.1,0.0,ERROR,False,MILL_EAST,soybean,2026-02-23,2.71
PARCEL_013,2026-04-05,0.656,30.2,0.0,OK,True,MILL_EAST,soybean,2026-02-23,2.71
PARCEL_005,2026-04-15,0.626,35.0,0.0,OK,True,MILL_NORTH,soybean,2026-02-08,2.79
PARCEL_024,2026-03-14,0.623,19.7,3.2,OK,True,MILL_EAST,soybean,2026-01-16,5.43
PARCEL_002,2026-04-11,0.734,31.5,0.0,OK,True,MILL_SOUTH,sugarcane,2026-01-16,8.97
PARCEL_025,2026-03-12,0.65,18.4,0.0,OK,True,MILL_WEST,sugarcane,2026-02-07,3.02
PARCEL_017,2026-03-22,0.844,24.0,0.0,OK,True,MILL_EAST,sugarcane,2026-01-14,7.51
PARCEL_019,2026-01-28,0.235,32.9,0.0,OK,True,MILL_SOUTH,sugarcane,2026-01-18,10.19
PARCEL_014,2026-04-03,0.508,17.4,0.0,OK,True,MILL_NORTH,sugarcane,2026-01-05,9.39
PARCEL_020,2026-02-16,0.162,18.3,0.0,OK,True,MILL_NORTH,sugarcane,2026-02-19,9.95
PARCEL_005,2026-02-19,0.358,27.2,0.0,OK,True,MILL_NORTH,soybean,2026-02-08,2.79
PARCEL_018,2026-03-21,0.666,34.1,0.0,OK,True,MILL_SOUTH,sugarcane,2026-01-11,5.82
PARCEL_005,2026-01-31,0.126,22.2,0.0,OK,True,MILL_NORTH,soybean,2026-02-08,2.79
PARCEL_022,2026-04-12,0.548,19.8,0.0,OK,True,MILL_EAST,sugarcane,2026-01-14,8.04
PARCEL_001,2026-03-23,0.723,21.6,0.0,OK,True,MILL_NORTH,sugarcane,2026-02-10,9.03
PARCEL_009,2026-02-01,0.146,18.1,0.0,OK,True,MILL_EAST,sugarcane,2026-02-18,1.57
PARCEL_019,2026-04-22,0.547,19.6,0.0,OK,True,MILL_SOUTH,sugarcane,2026-01-18,10.19
PARCEL_019,2026-04-19,0.753,24.5,0.0,OK,True,MILL_SOUTH,sugarcane,2026-01-18,10.19
PARCEL_001,2026-02-17,0.377,20.9,0.0,OK,True,MILL_NORTH,sugarcane,2026-02-10,9.03
PARCEL_022,2026-01-31,0.185,18.3,0.6,OK,True,MILL_EAST,sugarcane,2026-01-14,8.04
PARCEL_013,2026-03-13,0.353,21.3,0.0,ERROR,False,MILL_EAST,soybean,2026-02-23,2.71
PARCEL_010,2026-01-29,0.435,24.2,0.0,OK,True,MILL_EAST,sugarcane,2026-01-07,7.44
PARCEL_002,2026-03-12,0.753,23.4,0.0,ERROR,False,MILL_SOUTH,sugarcane,2026-01-16,8.97
PARCEL_022,2026-02-23,0.852,19.7,0.0,OK,True,MILL_EAST,sugarcane,2026-01-14,8.04
PARCEL_015,2026-03-20,0.762,20.1,0.0,OK,True,MILL_SOUTH,sugarcane,2026-01-06,4.87
PARCEL_017,2026-05-20,0.719,30.8,0.0,OK,True,MILL_EAST,sugarcane,2026-01-14,7.51
PARCEL_019,2026-04-13,0.652,16.1,5.8,OK,True,MILL_SOUTH,sugarcane,2026-01-18,10.19
PARCEL_001,2026-03-14,0.81,22.3,0.0,OK,True,MILL_NORTH,sugarcane,2026-02-10,9.03
PARCEL_013,2026-02-03,0.112,17.7,0.0,OK,True,MILL_EAST,soybean,2026-02-23,2.71
PARCEL_001,2026-01-07,0.184,23.0,0.0,OK,True,MILL_NORTH,sugarcane,2026-02-10,9.03
PARCEL_013,2026-04-28,0.576,28.3,0.0,OK,True,MILL_EAST,soybean,2026-02-23,2.71
PARCEL_014,2026-01-30,0.469,33.8,0.0,OK,True,MILL_NORTH,sugarcane,2026-01-05,9.39
PARCEL_024,2026-05-13,0.581,33.1,0.0,OK,True,MILL_EAST,soybean,2026-01-16,5.43
PARCEL_017,2026-01-22,0.304,26.4,4.3,OK,True,MILL_EAST,sugarcane,2026-01-14,7.51
PARCEL_017,2026-03-03,0.701,26.8,1.9,OK,True,MILL_EAST,sugarcane,2026-01-14,7.51
PARCEL_008,2026-03-20,0.775,24.0,6.2,OK,True,MILL_EAST,sugarcane,2026-01-22,2.98
PARCEL_019,2026-03-23,0.606,28.4,1.0,ERROR,False,MILL_SOUTH,sugarcane,2026-01-18,10.19
PARCEL_002,2026-05-30,0.584,30.8,0.0,OK,True,MILL_SOUTH,sugarcane,2026-01-16,8.97
PARCEL_007,2026-03-08,0.596,24.6,0.0,OK,True,MILL_NORTH,sugarcane,2026-01-18,8.53
PARCEL_019,2026-02-02,0.254,30.5,0.0,BAD_SENSOR,False,MILL_SOUTH,sugarcane,2026-01-18,10.19
PARCEL_004,2026-03-04,0.839,34.7,0.1,OK,True,MILL_NORTH,sugarcane,2026-01-02,3.18
PARCEL_001,2026-05-05,0.719,18.4,0.0,OK,True,MILL_NORTH,sugarcane,2026-02-10,9.03
PARCEL_013,2026-01-14,0.208,20.9,3.3,OK,True,MILL_EAST,soybean,2026-02-23,2.71
PARCEL_006,2026-01-27,0.11,17.4,2.5,OK,True,MILL_WEST,sugarcane,2026-02-11,5.67
PARCEL_002,2026-05-19,0.394,18.5,0.0,OK,True,MILL_SOUTH,sugarcane,2026-01-16,8.97
PARCEL_025,2026-02-06,0.189,15.9,0.0,OK,True,MILL_WEST,sugarcane,2026-02-07,3.02
PARCEL_019,2026-05-03,0.682,21.2,0.0,OK,True,MILL_SOUTH,sugarcane,2026-01-18,10.19
PARCEL_005,2026-02-02,0.257,33.7,0.0,OK,True,MILL_NORTH,soybean,2026-02-08,2.79
PARCEL_001,2026-02-24,0.398,23.8,0.0,OK,True,MILL_NORTH,sugarcane,2026-02-10,9.03
PARCEL_008,2026-04-13,0.53,34.7,0.0,OK,True,MILL_EAST,sugarcane,2026-01-22,2.98
PARCEL_019,2026-02-07,0.344,24.0,0.0,OK,True,MILL_SOUTH,sugarcane,2026-01-18,10.19
PARCEL_010,2026-03-24,0.703,16.0,0.0,OK,True,MILL_EAST,sugarcane,2026-01-07,7.44
PARCEL_023,2026-02-10,0.439,30.3,0.0,OK,True,MILL_WEST,sugarcane,2026-01-26,3.55
PARCEL_018,2026-01-24,0.407,28.6,0.0,ERROR,False,MILL_SOUTH,sugarcane,2026-01-11,5.82
PARCEL_012,2026-03-27,0.17,29.4,10.1,OK,True,MILL_WEST,sugarcane,2026-03-01,6.85
PARCEL_003,2026-05-28,0.541,34.9,0.0,BAD_SENSOR,False,MILL_NORTH,soybean,2026-02-13,5.35
PARCEL_022,2026-03-11,0.577,28.3,0.0,OK,True,MILL_EAST,sugarcane,2026-01-14,8.04
PARCEL_012,2026-05-26,0.633,31.2,0.0,OK,True,MILL_WEST,sugarcane,2026-03-01,6.85
PARCEL_004,2026-01-21,0.304,17.9,0.0,OK,True,MILL_NORTH,sugarcane,2026-01-02,3.18
PARCEL_004,2026-03-16,0.648,23.5,0.0,OK,True,MILL_NORTH,sugarcane,2026-01-02,3.18
PARCEL_016,2026-01-08,0.265,24.6,0.0,OK,True,MILL_EAST,sugarcane,2026-01-30,4.76
PARCEL_025,2026-01-06,0.083,33.8,0.0,OK,True,MILL_WEST,sugarcane,2026-02-07,3.02
PARCEL_025,2026-03-02,0.336,23.0,0.0,OK,True,MILL_WEST,sugarcane,2026-02-07,3.02
PARCEL_005,2026-04-11,0.519,26.0,0.0,BAD_SENSOR,False,MILL_NORTH,soybean,2026-02-08,2.79
PARCEL_024,2026-05-21,0.354,16.8,0.0,OK,True,MILL_EAST,soybean,2026-01-16,5.43
PARCEL_004,2026-04-15,0.638,20.6,0.0,OK,True,MILL_NORTH,sugarcane,2026-01-02,3.18
PARCEL_003,2026-02-13,0.347,22.8,0.0,OK,True,MILL_NORTH,soybean,2026-02-13,5.35
PARCEL_021,2026-04-21,0.695,31.1,7.0,OK,True,MILL_EAST,wheat,2026-02-21,3.58
PARCEL_015,2026-05-24,0.613,18.4,0.0,OK,True,MILL_SOUTH,sugarcane,2026-01-06,4.87
PARCEL_007,2026-01-13,0.157,27.1,0.0,OK,True,MILL_NORTH,sugarcane,2026-01-18,8.53
PARCEL_018,2026-05-03,0.565,27.3,0.0,OK,True,MILL_SOUTH,sugarcane,2026-01-11,5.82
PARCEL_006,2026-02-05,0.222,22.9,0.0,OK,True,MILL_WEST,sugarcane,2026-02-11,5.67
PARCEL_025,2026-05-30,0.477,30.2,0.0,OK,True,MILL_WEST,sugarcane,2026-02-07,3.02
PARCEL_023,2026-04-27,0.608,23.9,0.0,ERROR,False,MILL_WEST,sugarcane,2026-01-26,3.55
PARCEL_005,2026-05-19,0.51,20.9,0.0,OK,True,MILL_NORTH,soybean,2026-02-08,2.79
PARCEL_001,2026-04-18,0.74,32.2,0.0,OK,True,MILL_NORTH,sugarcane,2026-02-10,9.03
PARCEL_012,2026-01-27,0.185,24.2,0.0,OK,True,MILL_WEST,sugarcane,2026-03-01,6.85
PARCEL_013,2026-04-09,0.599,30.7,0.0,OK,True,MILL_EAST,soybean,2026-02-23,2.71
PARCEL_003,2026-01-03,0.099,29.1,1.1,OK,True,MILL_NORTH,soybean,2026-02-13,5.35
PARCEL_003,2026-03-31,0.436,31.4,0.0,OK,True,MILL_NORTH,soybean,2026-02-13,5.35
PARCEL_020,2026-05-22,0.565,15.4,0.0,OK,True,MILL_NORTH,sugarcane,2026-02-19,9.95
PARCEL_024,2026-01-24,0.265,21.3,0.0,OK,True,MILL_EAST,soybean,2026-01-16,5.43
PARCEL_009,2026-01-28,0.289,26.6,0.0,OK,True,MILL_EAST,sugarcane,2026-02-18,1.57
PARCEL_003,2026-02-23,0.484,23.3,1.0,OK,True,MILL_NORTH,soybean,2026-02-13,5.35
PARCEL_002,2026-02-23,0.684,29.7,0.0,OK,True,MILL_SOUTH,sugarcane,2026-01-16,8.97
PARCEL_002,2026-03-16,0.633,20.4,4.7,OK,True,MILL_SOUTH,sugarcane,2026-01-16,8.97
PARCEL_024,2026-01-18,0.354,25.5,0.0,OK,True,MILL_EAST,soybean,2026-01-16,5.43
PARCEL_012,2026-05-04,0.817,20.1,0.0,OK,True,MILL_WEST,sugarcane,2026-03-01,6.85
PARCEL_020,2026-04-30,0.834,25.8,0.0,OK,True,MILL_NORTH,sugarcane,2026-02-19,9.95
PARCEL_010,2026-02-19,0.663,30.8,0.0,OK,True,MILL_EAST,sugarcane,2026-01-07,7.44
PARCEL_014,2026-04-05,0.615,33.6,1.4,BAD_SENSOR,False,MILL_NORTH,sugarcane,2026-01-05,9.39
PARCEL_016,2026-03-08,0.77,18.6,0.0,OK,True,MILL_EAST,sugarcane,2026-01-30,4.76
PARCEL_021,2026-03-10,0.117,21.6,0.0,OK,True,MILL_EAST,wheat,2026-02-21,3.58
PARCEL_005,2026-04-03,0.502,29.5,0.0,OK,True,MILL_NORTH,soybean,2026-02-08,2.79
PARCEL_025,2026-05-27,0.559,20.4,8.3,BAD_SENSOR,False,MILL_WEST,sugarcane,2026-02-07,3.02
PARCEL_020,2026-03-06,0.302,26.6,0.0,OK,True,MILL_NORTH,sugarcane,2026-02-19,9.95
PARCEL_022,2026-03-31,0.657,35.1,0.0,OK,True,MILL_EAST,sugarcane,2026-01-14,8.04
PARCEL_009,2026-01-19,0.239,24.7,0.0,OK,True,MILL_EAST,sugarcane,2026-02-18,1.57
PARCEL_014,2026-04-04,0.587,28.5,6.6,OK,True,MILL_NORTH,sugarcane,2026-01-05,9.39
PARCEL_018,2026-03-23,0.776,27.2,0.4,OK,True,MILL_SOUTH,sugarcane,2026-01-11,5.82
PARCEL_025,2026-04-02,0.576,24.3,0.0,OK,True,MILL_WEST,sugarcane,2026-02-07,3.02
PARCEL_001,2026-03-04,0.265,28.5,0.0,BAD_SENSOR,False,MILL_NORTH,sugarcane,2026-02-10,9.03
PARCEL_018,2026-03-16,0.783,27.8,0.0,OK,True,MILL_SOUTH,sugarcane,2026-01-11,5.82
PARCEL_011,2026-01-20,0.23,24.9,0.0,OK,True,MILL_NORTH,wheat,2026-02-21,6.67
PARCEL_021,2026-02-27,0.203,31.2,0.0,OK,True,MILL_EAST,wheat,2026-02-21,3.58
PARCEL_021,2026-05-02,0.716,19.0,0.0,OK,True,MILL_EAST,wheat,2026-02-21,3.58
PARCEL_019,2026-03-22,0.763,32.3,0.0,OK,True,MILL_SOUTH,sugarcane,2026-01-18,10.19
PARCEL_022,2026-01-07,0.231,31.2,0.0,OK,True,MILL_EAST,sugarcane,2026-01-14,8.04
PARCEL_011,2026-04-18,0.64,34.2,0.0,OK,True,MILL_NORTH,wheat,2026-02-21,6.67
PARCEL_022,2026-05-07,0.535,19.8,0.0,OK,True,MILL_EAST,sugarcane,2026-01-14,8.04
PARCEL_020,2026-01-23,0.292,18.8,0.0,ERROR,False,MILL_NORTH,sugarcane,2026-02-19,9.95
PARCEL_002,2026-02-01,0.39,22.7,0.0,OK,True,MILL_SOUTH,sugarcane,2026-01-16,8.97
PARCEL_019,2026-04-02,0.613,27.2,0.0,OK,True,MILL_SOUTH,sugarcane,2026-01-18,10.19
PARCEL_008,2026-01-21,0.079,30.1,0.0,OK,True,MILL_EAST,sugarcane,2026-01-22,2.98
PARCEL_008,2026-01-02,0.217,21.3,0.0,BAD_SENSOR,False,MILL_EAST,sugarcane,2026-01-22,2.98
PARCEL_006,2026-04-23,0.789,27.0,0.0,OK,True,MILL_WEST,sugarcane,2026-02-11,5.67
PARCEL_009,2026-03-02,0.391,32.1,0.0,OK,True,MILL_EAST,sugarcane,2026-02-18,1.57
PARCEL_014,2026-02-24,0.776,30.2,0.0,OK,True,MILL_NORTH,sugarcane,2026-01-05,9.39
PARCEL_012,2026-02-27,0.173,22.9,0.0,OK,True,MILL_WEST,sugarcane,2026-03-01,6.85
PARCEL_009,2026-01-05,0.219,28.8,0.0,OK,True,MILL_EAST,sugarcane,2026-02-18,1.57
PARCEL_012,2026-01-01,0.25,20.2,7.8,OK,True,MILL_WEST,sugarcane,2026-03-01,6.85
PARCEL_017,2026-02-27,0.655,18.4,2.5,OK,True,MILL_EAST,sugarcane,2026-01-14,7.51
PARCEL_012,2026-04-06,0.754,31.6,0.0,OK,True,MILL_WEST,sugarcane,2026-03-01,6.85
PARCEL_021,2026-05-25,0.787,21.0,0.0,OK,True,MILL_EAST,wheat,2026-02-21,3.58
PARCEL_022,2026-05-22,0.697,31.0,0.0,OK,True,MILL_EAST,sugarcane,2026-01-14,8.04
PARCEL_002,2026-02-22,0.627,22.9,0.0,OK,True,MILL_SOUTH,sugarcane,2026-01-16,8.97
PARCEL_014,2026-04-23,0.469,30.1,0.0,OK,True,MILL_NORTH,sugarcane,2026-01-05,9.39
PARCEL_011,2026-03-31,0.658,20.4,0.0,OK,True,MILL_NORTH,wheat,2026-02-21,6.67
PARCEL_021,2026-03-07,0.264,25.4,0.0,OK,True,MILL_EAST,wheat,2026-02-21,3.58
PARCEL_020,2026-03-07,0.317,33.5,0.0,OK,True,MILL_NORTH,sugarcane,2026-02-19,9.95
PARCEL_011,2026-05-06,0.489,33.2,0.0,OK,True,MILL_NORTH,wheat,2026-02-21,6.67
PARCEL_006,2026-01-25,0.104,17.2,0.0,OK,True,MILL_WEST,sugarcane,2026-02-11,5.67
PARCEL_009,2026-04-26,0.586,19.9,6.5,ERROR,False,MILL_EAST,sugarcane,2026-02-18,1.57
PARCEL_022,2026-04-26,0.492,30.6,0.0,OK,True,MILL_EAST,sugarcane,2026-01-14,8.04
PARCEL_022,2026-03-22,0.73,34.0,7.8,OK,True,MILL_EAST,sugarcane,2026-01-14,8.04
PARCEL_013,2026-01-12,0.079,15.2,0.0,OK,True,MILL_EAST,soybean,2026-02-23,2.71
PARCEL_018,2026-03-18,0.548,32.6,0.0,OK,True,MILL_SOUTH,sugarcane,2026-01-11,5.82
PARCEL_022,2026-05-08,0.32,15.9,0.0,OK,True,MILL_EAST,sugarcane,2026-01-14,8.04
PARCEL_005,2026-05-01,0.539,17.2,0.0,OK,True,MILL_NORTH,soybean,2026-02-08,2.79
PARCEL_004,2026-03-02,0.664,23.3,0.0,OK,True,MILL_NORTH,sugarcane,2026-01-02,3.18
PARCEL_024,2026-01-27,0.195,22.9,1.7,OK,True,MILL_EAST,soybean,2026-01-16,5.43
PARCEL_013,2026-05-16,0.561,26.1,0.0,OK,True,MILL_EAST,soybean,2026-02-23,2.71
PARCEL_025,2026-03-05,0.429,22.8,0.0,OK,True,MILL_WEST,sugarcane,2026-02-07,3.02
PARCEL_005,2026-01-25,0.223,30.4,0.0,OK,True,MILL_NORTH,soybean,2026-02-08,2.79
PARCEL_003,2026-03-28,0.692,20.8,0.0,OK,True,MILL_NORTH,soybean,2026-02-13,5.35
PARCEL_003,2026-03-05,0.11,30.9,0.0,OK,True,MILL_NORTH,soybean,2026-02-13,5.35
PARCEL_001,2026-03-08,0.182,24.4,2.9,OK,True,MILL_NORTH,sugarcane,2026-02-10,9.03
PARCEL_021,2026-02-22,0.366,32.0,0.2,OK,True,MILL_EAST,wheat,2026-02-21,3.58
PARCEL_024,2026-05-14,0.48,26.4,0.0,OK,True,MILL_EAST,soybean,2026-01-16,5.43
PARCEL_023,2026-04-22,0.656,20.5,0.0,OK,True,MILL_WEST,sugarcane,2026-01-26,3.55
PARCEL_020,2026-01-30,0.257,33.2,3.0,OK,True,MILL_NORTH,sugarcane,2026-02-19,9.95
PARCEL_024,2026-02-11,0.224,16.7,0.0,OK,True,MILL_EAST,soybean,2026-01-16,5.43
PARCEL_014,2026-04-22,0.712,30.4,0.0,OK,True,MILL_NORTH,sugarcane,2026-01-05,9.39
PARCEL_003,2026-02-14,0.209,26.7,0.0,OK,True,MILL_NORTH,soybean,2026-02-13,5.35
PARCEL_020,2026-02-22,0.392,16.6,4.6,OK,True,MILL_NORTH,sugarcane,2026-02-19,9.95
PARCEL_016,2026-02-03,0.26,28.7,0.0,OK,True,MILL_EAST,sugarcane,2026-01-30,4.76
PARCEL_001,2026-03-09,0.249,35.4,0.0,OK,True,MILL_NORTH,sugarcane,2026-02-10,9.03
PARCEL_011,2026-01-13,0.122,18.0,0.0,OK,True,MILL_NORTH,wheat,2026-02-21,6.67
PARCEL_007,2026-05-02,0.582,31.7,1.1,OK,True,MILL_NORTH,sugarcane,2026-01-18,8.53
PARCEL_016,2026-05-19,0.514,26.9,0.0,OK,True,MILL_EAST,sugarcane,2026-01-30,4.76
PARCEL_010,2026-05-13,0.547,23.0,0.0,OK,True,MILL_EAST,sugarcane,2026-01-07,7.44
PARCEL_017,2026-05-04,0.623,35.2,0.0,OK,True,MILL_EAST,sugarcane,2026-01-14,7.51
PARCEL_018,2026-05-10,0.702,21.2,0.0,OK,True,MILL_SOUTH,sugarcane,2026-01-11,5.82
PARCEL_020,2026-04-13,0.617,27.5,0.0,ERROR,False,MILL_NORTH,sugarcane,2026-02-19,9.95
PARCEL_021,2026-02-15,0.264,21.9,0.0,OK,True,MILL_EAST,wheat,2026-02-21,3.58
PARCEL_010,2026-03-31,0.569,27.2,5.3,OK,True,MILL_EAST,sugarcane,2026-01-07,7.44
PARCEL_022,2026-02-11,0.425,34.5,1.4,OK,True,MILL_EAST,sugarcane,2026-01-14,8.04
PARCEL_018,2026-03-17,0.842,28.2,0.0,OK,True,MILL_SOUTH,sugarcane,2026-01-11,5.82
PARCEL_021,2026-01-31,0.238,33.7,0.0,OK,True,MILL_EAST,wheat,2026-02-21,3.58
PARCEL_008,2026-04-09,0.638,17.2,0.0,OK,True,MILL_EAST,sugarcane,2026-01-22,2.98
PARCEL_018,2026-01-21,0.227,24.8,0.0,OK,True,MILL_SOUTH,sugarcane,2026-01-11,5.82
PARCEL_024,2026-04-10,0.555,17.6,0.0,OK,True,MILL_EAST,soybean,2026-01-16,5.43
PARCEL_010,2026-02-26,0.713,24.0,8.0,OK,True,MILL_EAST,sugarcane,2026-01-07,7.44
PARCEL_002,2026-04-05,0.558,23.0,0.0,OK,True,MILL_SOUTH,sugarcane,2026-01-16,8.97
PARCEL_022,2026-02-26,0.824,30.5,0.0,OK,True,MILL_EAST,sugarcane,2026-01-14,8.04
PARCEL_001,2026-05-19,0.402,22.9,0.0,OK,True,MILL_NORTH,sugarcane,2026-02-10,9.03
PARCEL_012,2026-03-26,0.287,32.4,0.0,OK,True,MILL_WEST,sugarcane,2026-03-01,6.85
PARCEL_017,2026-04-16,0.403,29.8,0.0,BAD_SENSOR,False,MILL_EAST,sugarcane,2026-01-14,7.51
PARCEL_005,2026-01-14,0.156,17.8,0.0,OK,True,MILL_NORTH,soybean,2026-02-08,2.79
PARCEL_016,2026-01-02,0.144,19.2,0.0,OK,True,MILL_EAST,sugarcane,2026-01-30,4.76
PARCEL_008,2026-03-18,0.62,32.5,0.0,OK,True,MILL_EAST,sugarcane,2026-01-22,2.98
PARCEL_023,2026-01-28,0.391,18.7,0.0,OK,True,MILL_WEST,sugarcane,2026-01-26,3.55
PARCEL_010,2026-03-22,0.844,33.7,0.0,OK,True,MILL_EAST,sugarcane,2026-01-07,7.44
PARCEL_012,2026-01-20,0.302,23.4,0.0,OK,True,MILL_WEST,sugarcane,2026-03-01,6.85
PARCEL_015,2026-01-17,0.433,34.0,0.0,OK,True,MILL_SOUTH,sugarcane,2026-01-06,4.87
PARCEL_014,2026-01-10,0.307,16.8,0.0,OK,True,MILL_NORTH,sugarcane,2026-01-05,9.39
PARCEL_003,2026-05-29,0.567,34.1,0.0,OK,True,MILL_NORTH,soybean,2026-02-13,5.35
PARCEL_003,2026-03-23,0.354,26.9,0.0,OK,True,MILL_NORTH,soybean,2026-02-13,5.35
PARCEL_015,2026-02-01,0.348,29.5,7.6,OK,True,MILL_SOUTH,sugarcane,2026-01-06,4.87
PARCEL_023,2026-01-03,0.224,16.5,0.0,OK,True,MILL_WEST,sugarcane,2026-01-26,3.55
PARCEL_012,2026-05-27,0.598,27.9,3.2,ERROR,False,MILL_WEST,sugarcane,2026-03-01,6.85
PARCEL_006,2026-04-03,0.555,33.9,0.0,OK,True,MILL_WEST,sugarcane,2026-02-11,5.67
PARCEL_022,2026-01-16,0.39,24.7,0.0,OK,True,MILL_EAST,sugarcane,2026-01-14,8.04
PARCEL_019,2026-02-01,0.326,26.6,0.0,OK,True,MILL_SOUTH,sugarcane,2026-01-18,10.19
PARCEL_016,2026-02-16,0.465,31.3,0.0,OK,True,MILL_EAST,sugarcane,2026-01-30,4.76
PARCEL_013,2026-03-09,0.369,30.5,0.0,OK,True,MILL_EAST,soybean,2026-02-23,2.71
PARCEL_014,2026-02-05,0.759,30.5,0.0,OK,True,MILL_NORTH,sugarcane,2026-01-05,9.39
PARCEL_001,2026-03-29,0.784,32.8,0.0,OK,True,MILL_NORTH,sugarcane,2026-02-10,9.03
PARCEL_002,2026-01-01,0.079,28.0,0.0,OK,True,MILL_SOUTH,sugarcane,2026-01-16,8.97
PARCEL_012,2026-01-29,0.271,23.2,0.0,BAD_SENSOR,False,MILL_WEST,sugarcane,2026-03-01,6.85
PARCEL_002,2026-03-03,0.767,25.1,0.0,OK,True,MILL_SOUTH,sugarcane,2026-01-16,8.97
PARCEL_003,2026-05-21,0.576,30.2,0.0,OK,True,MILL_NORTH,soybean,2026-02-13,5.35
PARCEL_009,2026-05-21,0.443,27.4,0.0,OK,True,MILL_EAST,sugarcane,2026-02-18,1.57
PARCEL_019,2026-01-05,0.212,16.5,0.0,OK,True,MILL_SOUTH,sugarcane,2026-01-18,10.19
PARCEL_022,2026-03-04,0.683,34.9,0.0,OK,True,MILL_EAST,sugarcane,2026-01-14,8.04
PARCEL_024,2026-02-22,0.606,28.1,0.0,OK,True,MILL_EAST,soybean,2026-01-16,5.43
PARCEL_010,2026-05-26,0.467,33.0,4.3,OK,True,MILL_EAST,sugarcane,2026-01-07,7.44
PARCEL_025,2026-01-21,0.181,24.8,0.0,OK,True,MILL_WEST,sugarcane,2026-02-07,3.02
PARCEL_021,2026-04-14,0.551,24.0,0.0,OK,True,MILL_EAST,wheat,2026-02-21,3.58
PARCEL_005,2026-02-01,0.091,30.6,6.8,OK,True,MILL_NORTH,soybean,2026-02-08,2.79
PARCEL_021,2026-01-08,0.25,25.2,0.0,OK,True,MILL_EAST,wheat,2026-02-21,3.58
PARCEL_006,2026-01-26,0.196,22.3,0.0,OK,True,MILL_WEST,sugarcane,2026-02-11,5.67
PARCEL_013,2026-04-22,0.601,20.9,0.0,OK,True,MILL_EAST,soybean,2026-02-23,2.71
PARCEL_016,2026-03-19,0.799,30.4,0.0,OK,True,MILL_EAST,sugarcane,2026-01-30,4.76
PARCEL_017,2026-04-06,0.859,24.1,0.0,OK,True,MILL_EAST,sugarcane,2026-01-14,7.51
PARCEL_021,2026-01-24,0.253,23.8,6.8,OK,True,MILL_EAST,wheat,2026-02-21,3.58
PARCEL_018,2026-04-07,0.614,34.8,0.0,OK,True,MILL_SOUTH,sugarcane,2026-01-11,5.82
PARCEL_014,2026-02-18,0.501,17.2,0.0,OK,True,MILL_NORTH,sugarcane,2026-01-05,9.39
PARCEL_015,2026-03-09,0.684,27.0,0.0,OK,True,MILL_SOUTH,sugarcane,2026-01-06,4.87
PARCEL_018,2026-05-05,0.445,26.8,0.0,OK,True,MILL_SOUTH,sugarcane,2026-01-11,5.82
PARCEL_011,2026-05-21,0.496,25.9,0.0,ERROR,False,MILL_NORTH,wheat,2026-02-21,6.67
PARCEL_021,2026-05-07,0.595,29.2,0.0,OK,True,MILL_EAST,wheat,2026-02-21,3.58
PARCEL_004,2026-02-19,0.745,22.8,0.0,OK,True,MILL_NORTH,sugarcane,2026-01-02,3.18
PARCEL_014,2026-05-27,0.763,32.6,0.0,OK,True,MILL_NORTH,sugarcane,2026-01-05,9.39
PARCEL_007,2026-03-10,0.777,28.8,8.9,OK,True,MILL_NORTH,sugarcane,2026-01-18,8.53
PARCEL_006,2026-03-04,0.336,17.2,0.0,OK,True,MILL_WEST,sugarcane,2026-02-11,5.67
PARCEL_003,2026-01-19,0.202,20.1,0.0,OK,True,MILL_NORTH,soybean,2026-02-13,5.35
PARCEL_012,2026-05-17,0.556,31.8,4.8,OK,True,MILL_WEST,sugarcane,2026-03-01,6.85
PARCEL_002,2026-05-09,0.618,29.6,0.0,OK,True,MILL_SOUTH,sugarcane,2026-01-16,8.97
PARCEL_018,2026-01-25,0.25,27.6,3.0,OK,True,MILL_SOUTH,sugarcane,2026-01-11,5.82
PARCEL_015,2026-03-22,0.734,22.6,1.6,BAD_SENSOR,False,MILL_SOUTH,sugarcane,2026-01-06,4.87
PARCEL_020,2026-01-25,0.092,30.9,0.0,OK,True,MILL_NORTH,sugarcane,2026-02-19,9.95
PARCEL_022,2026-04-28,0.712,20.9,0.0,OK,True,MILL_EAST,sugarcane,2026-01-14,8.04
PARCEL_003,2026-03-26,0.503,15.7,0.0,OK,True,MILL_NORTH,soybean,2026-02-13,5.35
PARCEL_019,2026-03-02,0.634,25.6,0.0,OK,True,MILL_SOUTH,sugarcane,2026-01-18,10.19
PARCEL_021,2026-02-28,0.257,22.4,0.0,OK,True,MILL_EAST,wheat,2026-02-21,3.58
PARCEL_025,2026-04-10,0.667,29.7,1.0,OK,True,MILL_WEST,sugarcane,2026-02-07,3.02
PARCEL_024,2026-03-12,0.563,30.1,0.0,OK,True,MILL_EAST,soybean,2026-01-16,5.43
PARCEL_010,2026-04-02,0.641,26.0,2.5,ERROR,False,MILL_EAST,sugarcane,2026-01-07,7.44
PARCEL_022,2026-01-29,0.232,16.2,1.0,OK,True,MILL_EAST,sugarcane,2026-01-14,8.04
PARCEL_003,2026-01-18,0.191,24.0,3.7,OK,True,MILL_NORTH,soybean,2026-02-13,5.35
PARCEL_023,2026-01-06,0.209,33.3,0.0,OK,True,MILL_WEST,sugarcane,2026-01-26,3.55
PARCEL_025,2026-01-12,0.109,19.3,2.3,BAD_SENSOR,False,MILL_WEST,sugarcane,2026-02-07,3.02
PARCEL_006,2026-02-17,0.253,25.3,0.0,OK,True,MILL_WEST,sugarcane,2026-02-11,5.67
PARCEL_003,2026-05-13,0.644,28.7,0.0,OK,True,MILL_NORTH,soybean,2026-02-13,5.35
PARCEL_002,2026-02-02,0.324,25.2,0.0,OK,True,MILL_SOUTH,sugarcane,2026-01-16,8.97
PARCEL_003,2026-01-21,0.228,22.9,0.0,OK,True,MILL_NORTH,soybean,2026-02-13,5.35
PARCEL_004,2026-01-12,0.174,25.4,0.0,OK,True,MILL_NORTH,sugarcane,2026-01-02,3.18
PARCEL_016,2026-05-03,0.562,34.8,2.3,OK,True,MILL_EAST,sugarcane,2026-01-30,4.76
PARCEL_020,2026-03-25,0.751,25.5,0.0,OK,True,MILL_NORTH,sugarcane,2026-02-19,9.95
PARCEL_003,2026-05-26,0.611,24.4,0.0,OK,True,MILL_NORTH,soybean,2026-02-13,5.35
PARCEL_005,2026-04-08,0.42,29.4,0.0,OK,True,MILL_NORTH,soybean,2026-02-08,2.79
PARCEL_014,2026-03-03,0.845,28.3,0.0,OK,True,MILL_NORTH,sugarcane,2026-01-05,9.39
PARCEL_009,2026-05-25,0.55,17.2,0.0,BAD_SENSOR,False,MILL_EAST,sugarcane,2026-02-18,1.57
PARCEL_007,2026-01-08,0.111,25.2,0.0,ERROR,False,MILL_NORTH,sugarcane,2026-01-18,8.53
PARCEL_010,2026-01-14,0.459,33.9,0.0,OK,True,MILL_EAST,sugarcane,2026-01-07,7.44
PARCEL_020,2026-05-23,0.736,17.8,0.0,OK,True,MILL_NORTH,sugarcane,2026-02-19,9.95
PARCEL_017,2026-02-11,0.256,21.4,0.0,OK,True,MILL_EAST,sugarcane,2026-01-14,7.51
PARCEL_007,2026-01-14,0.255,26.4,0.0,OK,True,MILL_NORTH,sugarcane,2026-01-18,8.53
PARCEL_011,2026-01-05,0.128,30.6,0.0,OK,True,MILL_NORTH,wheat,2026-02-21,6.67
PARCEL_015,2026-05-29,0.611,24.7,0.0,OK,True,MILL_SOUTH,sugarcane,2026-01-06,4.87
PARCEL_009,2026-05-23,0.636,15.7,0.0,OK,True,MILL_EAST,sugarcane,2026-02-18,1.57
PARCEL_008,2026-03-10,0.75,27.5,0.0,OK,True,MILL_EAST,sugarcane,2026-01-22,2.98
PARCEL_022,2026-05-24,0.416,18.7,1.4,OK,True,MILL_EAST,sugarcane,2026-01-14,8.04
PARCEL_007,2026-01-07,0.122,17.0,4.4,OK,True,MILL_NORTH,sugarcane,2026-01-18,8.53
PARCEL_024,2026-05-02,0.485,25.8,0.0,OK,True,MILL_EAST,soybean,2026-01-16,5.43
PARCEL_016,2026-01-26,0.194,20.6,2.4,BAD_SENSOR,False,MILL_EAST,sugarcane,2026-01-30,4.76
PARCEL_022,2026-02-24,0.615,18.0,5.2,OK,True,MILL_EAST,sugarcane,2026-01-14,8.04
PARCEL_006,2026-05-30,0.456,18.0,0.0,OK,True,MILL_WEST,sugarcane,2026-02-11,5.67
PARCEL_017,2026-03-11,0.638,27.4,5.7,ERROR,False,MILL_EAST,sugarcane,2026-01-14,7.51
PARCEL_014,2026-04-11,0.735,21.2,0.0,OK,True,MILL_NORTH,sugarcane,2026-01-05,9.39
PARCEL_025,2026-04-14,0.68,23.5,5.8,OK,True,MILL_WEST,sugarcane,2026-02-07,3.02
PARCEL_016,2026-03-09,0.738,21.8,0.0,OK,True,MILL_EAST,sugarcane,2026-01-30,4.76
PARCEL_005,2026-04-01,0.434,25.3,2.3,OK,True,MILL_NORTH,soybean,2026-02-08,2.79
PARCEL_015,2026-03-06,0.786,34.6,0.0,OK,True,MILL_SOUTH,sugarcane,2026-01-06,4.87
PARCEL_025,2026-01-11,0.21,25.2,1.4,OK,True,MILL_WEST,sugarcane,2026-02-07,3.02
PARCEL_009,2026-04-07,0.771,18.7,10.0,OK,True,MILL_EAST,sugarcane,2026-02-18,1.57
PARCEL_004,2026-05-01,0.641,34.6,1.2,OK,True,MILL_NORTH,sugarcane,2026-01-02,3.18
PARCEL_001,2026-03-24,0.81,16.0,0.0,OK,True,MILL_NORTH,sugarcane,2026-02-10,9.03
PARCEL_011,2026-01-25,0.189,24.1,1.5,OK,True,MILL_NORTH,wheat,2026-02-21,6.67
PARCEL_024,2026-05-31,0.514,15.5,6.9,OK,True,MILL_EAST,soybean,2026-01-16,5.43
PARCEL_025,2026-04-19,0.561,24.5,0.0,OK,True,MILL_WEST,sugarcane,2026-02-07,3.02
PARCEL_002,2026-01-19,0.302,34.9,0.0,OK,True,MILL_SOUTH,sugarcane,2026-01-16,8.97
PARCEL_020,2026-02-28,0.41,24.3,2.5,OK,True,MILL_NORTH,sugarcane,2026-02-19,9.95
PARCEL_016,2026-03-17,0.814,16.3,0.0,OK,True,MILL_EAST,sugarcane,2026-01-30,4.76
PARCEL_017,2026-02-03,0.31,29.2,4.1,OK,True,MILL_EAST,sugarcane,2026-01-14,7.51
PARCEL_002,2026-03-06,0.626,34.6,7.2,OK,True,MILL_SOUTH,sugarcane,2026-01-16,8.97
PARCEL_013,2026-05-29,0.509,18.1,0.0,OK,True,MILL_EAST,soybean,2026-02-23,2.71
PARCEL_025,2026-04-18,0.624,20.4,0.0,OK,True,MILL_WEST,sugarcane,2026-02-07,3.02
PARCEL_018,2026-04-13,0.432,20.6,0.0,OK,True,MILL_SOUTH,sugarcane,2026-01-11,5.82
PARCEL_012,2026-02-28,0.191,32.9,0.0,OK,True,MILL_WEST,sugarcane,2026-03-01,6.85
PARCEL_021,2026-02-09,0.208,26.5,0.0,OK,True,MILL_EAST,wheat,2026-02-21,3.58
PARCEL_018,2026-05-21,0.502,22.2,0.0,OK,True,MILL_SOUTH,sugarcane,2026-01-11,5.82
PARCEL_006,2026-02-24,0.3,30.7,0.0,OK,True,MILL_WEST,sugarcane,2026-02-11,5.67
PARCEL_007,2026-05-31,0.444,18.5,0.0,OK,True,MILL_NORTH,sugarcane,2026-01-18,8.53
PARCEL_008,2026-03-06,0.691,22.1,2.8,OK,True,MILL_EAST,sugarcane,2026-01-22,2.98
PARCEL_020,2026-02-21,0.254,31.1,0.0,OK,True,MILL_NORTH,sugarcane,2026-02-19,9.95
PARCEL_016,2026-02-09,0.333,29.9,0.0,OK,True,MILL_EAST,sugarcane,2026-01-30,4.76
PARCEL_007,2026-03-26,0.542,28.6,2.7,OK,True,MILL_NORTH,sugarcane,2026-01-18,8.53
PARCEL_011,2026-04-28,0.526,29.9,0.0,OK,True,MILL_NORTH,wheat,2026-02-21,6.67
PARCEL_005,2026-05-09,0.598,32.6,4.8,OK,True,MILL_NORTH,soybean,2026-02-08,2.79
PARCEL_010,2026-05-20,0.634,32.9,0.0,OK,True,MILL_EAST,sugarcane,2026-01-07,7.44
PARCEL_002,2026-04-15,0.942,26.0,0.0,OK,True,MILL_SOUTH,sugarcane,2026-01-16,8.97
PARCEL_009,2026-01-12,0.207,17.1,0.0,OK,True,MILL_EAST,sugarcane,2026-02-18,1.57
PARCEL_023,2026-03-30,0.625,29.4,0.0,OK,True,MILL_WEST,sugarcane,2026-01-26,3.55
PARCEL_003,2026-05-30,0.501,15.5,1.0,OK,True,MILL_NORTH,soybean,2026-02-13,5.35
PARCEL_018,2026-02-26,0.541,17.1,0.0,OK,True,MILL_SOUTH,sugarcane,2026-01-11,5.82
PARCEL_003,2026-02-26,0.356,25.1,0.0,OK,True,MILL_NORTH,soybean,2026-02-13,5.35
PARCEL_011,2026-05-15,0.482,25.7,0.0,OK,True,MILL_NORTH,wheat,2026-02-21,6.67
PARCEL_016,2026-02-14,0.264,28.2,9.6,BAD_SENSOR,False,MILL_EAST,sugarcane,2026-01-30,4.76
PARCEL_011,2026-02-22,0.404,33.0,0.0,OK,True,MILL_NORTH,wheat,2026-02-21,6.67
PARCEL_017,2026-01-20,0.228,20.6,0.0,OK,True,MILL_EAST,sugarcane,2026-01-14,7.51
PARCEL_003,2026-05-05,0.558,21.2,0.0,OK,True,MILL_NORTH,soybean,2026-02-13,5.35
PARCEL_005,2026-01-04,0.227,17.2,8.9,OK,True,MILL_NORTH,soybean,2026-02-08,2.79
PARCEL_013,2026-03-23,0.395,17.0,0.0,OK,True,MILL_EAST,soybean,2026-02-23,2.71
PARCEL_008,2026-01-07,0.06,27.2,0.0,OK,True,MILL_EAST,sugarcane,2026-01-22,2.98
PARCEL_014,2026-02-26,0.591,21.9,0.0,OK,True,MILL_NORTH,sugarcane,2026-01-05,9.39
PARCEL_016,2026-04-22,0.682,29.9,0.0,OK,True,MILL_EAST,sugarcane,2026-01-30,4.76
PARCEL_017,2026-03-28,0.685,35.2,0.0,OK,True,MILL_EAST,sugarcane,2026-01-14,7.51
PARCEL_002,2026-05-17,0.422,19.5,0.0,OK,True,MILL_SOUTH,sugarcane,2026-01-16,8.97
PARCEL_007,2026-01-31,0.354,17.8,0.0,ERROR,False,MILL_NORTH,sugarcane,2026-01-18,8.53
PARCEL_024,2026-02-15,0.519,34.2,0.0,OK,True,MILL_EAST,soybean,2026-01-16,5.43
PARCEL_019,2026-04-06,0.678,26.3,0.0,OK,True,MILL_SOUTH,sugarcane,2026-01-18,10.19
PARCEL_006,2026-03-05,0.392,30.3,0.0,OK,True,MILL_WEST,sugarcane,2026-02-11,5.67
PARCEL_025,2026-01-03,0.139,26.9,0.0,OK,True,MILL_WEST,sugarcane,2026-02-07,3.02
PARCEL_012,2026-02-24,0.179,26.5,0.0,OK,True,MILL_WEST,sugarcane,2026-03-01,6.85
PARCEL_017,2026-05-09,0.49,23.1,3.0,OK,True,MILL_EAST,sugarcane,2026-01-14,7.51
PARCEL_006,2026-04-14,0.762,23.3,4.3,ERROR,False,MILL_WEST,sugarcane,2026-02-11,5.67
PARCEL_007,2026-01-27,0.548,23.9,0.0,OK,True,MILL_NORTH,sugarcane,2026-01-18,8.53
PARCEL_002,2026-03-01,0.638,30.0,0.0,OK,True,MILL_SOUTH,sugarcane,2026-01-16,8.97
PARCEL_001,2026-02-10,0.434,17.0,0.0,OK,True,MILL_NORTH,sugarcane,2026-02-10,9.03
PARCEL_017,2026-04-09,0.779,17.9,0.0,OK,True,MILL_EAST,sugarcane,2026-01-14,7.51
PARCEL_016,2026-05-23,0.638,29.8,0.0,OK,True,MILL_EAST,sugarcane,2026-01-30,4.76
PARCEL_020,2026-02-15,0.16,27.9,0.0,OK,True,MILL_NORTH,sugarcane,2026-02-19,9.95
PARCEL_025,2026-02-03,0.065,32.8,0.0,OK,True,MILL_WEST,sugarcane,2026-02-07,3.02
PARCEL_017,2026-05-14,0.72,25.7,0.0,OK,True,MILL_EAST,sugarcane,2026-01-14,7.51
PARCEL_002,2026-01-10,0.236,34.0,0.0,OK,True,MILL_SOUTH,sugarcane,2026-01-16,8.97
PARCEL_012,2026-01-25,0.111,28.7,0.0,OK,True,MILL_WEST,sugarcane,2026-03-01,6.85
PARCEL_023,2026-01-23,0.118,17.4,0.0,OK,True,MILL_WEST,sugarcane,2026-01-26,3.55
PARCEL_019,2026-03-01,0.851,26.9,3.6,OK,True,MILL_SOUTH,sugarcane,2026-01-18,10.19
PARCEL_006,2026-03-03,0.381,20.2,0.0,OK,True,MILL_WEST,sugarcane,2026-02-11,5.67
PARCEL_020,2026-04-17,0.652,34.3,3.1,ERROR,False,MILL_NORTH,sugarcane,2026-02-19,9.95
PARCEL_025,2026-01-24,0.169,21.8,0.0,OK,True,MILL_WEST,sugarcane,2026-02-07,3.02
PARCEL_013,2026-02-09,0.222,24.8,5.3,OK,True,MILL_EAST,soybean,2026-02-23,2.71
PARCEL_006,2026-05-31,0.377,23.0,0.0,OK,True,MILL_WEST,sugarcane,2026-02-11,5.67
PARCEL_017,2026-03-29,0.736,18.1,0.0,BAD_SENSOR,False,MILL_EAST,sugarcane,2026-01-14,7.51
PARCEL_013,2026-05-19,0.642,33.7,0.0,OK,True,MILL_EAST,soybean,2026-02-23,2.71
PARCEL_003,2026-04-05,0.566,20.3,0.0,OK,True,MILL_NORTH,soybean,2026-02-13,5.35
PARCEL_018,2026-02-20,0.703,15.7,0.0,OK,True,MILL_SOUTH,sugarcane,2026-01-11,5.82
PARCEL_003,2026-03-02,0.301,33.7,0.0,OK,True,MILL_NORTH,soybean,2026-02-13,5.35
PARCEL_019,2026-04-15,0.626,33.9,2.1,OK,True,MILL_SOUTH,sugarcane,2026-01-18,10.19
PARCEL_010,2026-04-05,0.796,34.7,0.0,OK,True,MILL_EAST,sugarcane,2026-01-07,7.44
PARCEL_014,2026-01-22,0.472,18.6,0.0,OK,True,MILL_NORTH,sugarcane,2026-01-05,9.39
PARCEL_023,2026-05-27,0.569,25.0,0.0,OK,True,MILL_WEST,sugarcane,2026-01-26,3.55
PARCEL_020,2026-01-18,0.247,25.9,0.0,OK,True,MILL_NORTH,sugarcane,2026-02-19,9.95
PARCEL_017,2026-04-08,0.864,19.1,4.5,OK,True,MILL_EAST,sugarcane,2026-01-14,7.51
PARCEL_023,2026-04-14,0.736,21.7,0.0,OK,True,MILL_WEST,sugarcane,2026-01-26,3.55
PARCEL_002,2026-03-18,0.806,17.8,0.0,OK,True,MILL_SOUTH,sugarcane,2026-01-16,8.97
PARCEL_015,2026-04-08,0.722,18.1,4.8,OK,True,MILL_SOUTH,sugarcane,2026-01-06,4.87
PARCEL_004,2026-03-06,0.678,26.7,0.0,OK,True,MILL_NORTH,sugarcane,2026-01-02,3.18
PARCEL_001,2026-04-03,0.618,24.6,2.5,OK,True,MILL_NORTH,sugarcane,2026-02-10,9.03
PARCEL_017,2026-01-30,0.342,17.2,0.0,OK,True,MILL_EAST,sugarcane,2026-01-14,7.51
PARCEL_025,2026-02-27,0.333,27.3,0.0,ERROR,False,MILL_WEST,sugarcane,2026-02-07,3.02
PARCEL_008,2026-05-10,0.682,30.1,0.0,OK,True,MILL_EAST,sugarcane,2026-01-22,2.98
PARCEL_019,2026-03-20,0.745,24.9,0.0,OK,True,MILL_SOUTH,sugarcane,2026-01-18,10.19
PARCEL_018,2026-02-23,0.643,30.4,0.0,OK,True,MILL_SOUTH,sugarcane,2026-01-11,5.82
PARCEL_009,2026-04-17,0.782,30.9,0.0,OK,True,MILL_EAST,sugarcane,2026-02-18,1.57
PARCEL_025,2026-02-15,0.218,28.7,0.0,OK,True,MILL_WEST,sugarcane,2026-02-07,3.02
PARCEL_021,2026-05-30,0.531,28.5,0.0,OK,True,MILL_EAST,wheat,2026-02-21,3.58
PARCEL_020,2026-03-24,0.67,35.3,2.4,OK,True,MILL_NORTH,sugarcane,2026-02-19,9.95
PARCEL_022,2026-01-14,0.358,32.6,0.0,OK,True,MILL_EAST,sugarcane,2026-01-14,8.04
PARCEL_005,2026-05-10,0.535,31.3,0.0,OK,True,MILL_NORTH,soybean,2026-02-08,2.79
PARCEL_011,2026-05-17,0.546,26.7,0.0,OK,True,MILL_NORTH,wheat,2026-02-21,6.67
PARCEL_016,2026-05-27,0.634,21.3,0.0,OK,True,MILL_EAST,sugarcane,2026-01-30,4.76
PARCEL_022,2026-05-25,0.388,31.4,0.0,OK,True,MILL_EAST,sugarcane,2026-01-14,8.04
PARCEL_022,2026-04-16,0.461,24.0,0.0,OK,True,MILL_EAST,sugarcane,2026-01-14,8.04
PARCEL_014,2026-05-17,0.645,29.9,0.0,OK,True,MILL_NORTH,sugarcane,2026-01-05,9.39
PARCEL_011,2026-03-10,0.39,33.1,0.0,OK,True,MILL_NORTH,wheat,2026-02-21,6.67
PARCEL_014,2026-03-09,0.846,16.7,4.3,OK,True,MILL_NORTH,sugarcane,2026-01-05,9.39
PARCEL_002,2026-05-04,0.597,23.8,0.0,OK,True,MILL_SOUTH,sugarcane,2026-01-16,8.97
PARCEL_001,2026-01-10,0.206,33.8,0.0,OK,True,MILL_NORTH,sugarcane,2026-02-10,9.03
PARCEL_008,2026-01-04,0.18,18.8,7.0,OK,True,MILL_EAST,sugarcane,2026-01-22,2.98
PARCEL_017,2026-01-08,0.133,20.0,0.0,OK,True,MILL_EAST,sugarcane,2026-01-14,7.51
PARCEL_011,2026-02-24,0.524,21.6,0.0,OK,True,MILL_NORTH,wheat,2026-02-21,6.67
PARCEL_018,2026-05-18,0.366,33.7,0.0,OK,True,MILL_SOUTH,sugarcane,2026-01-11,5.82
PARCEL_005,2026-05-12,0.621,22.7,0.0,OK,True,MILL_NORTH,soybean,2026-02-08,2.79
PARCEL_025,2026-05-03,0.776,15.7,0.0,OK,True,MILL_WEST,sugarcane,2026-02-07,3.02
PARCEL_014,2026-05-08,0.368,18.0,0.0,OK,True,MILL_NORTH,sugarcane,2026-01-05,9.39
PARCEL_008,2026-03-31,0.71,27.2,0.0,OK,True,MILL_EAST,sugarcane,2026-01-22,2.98
PARCEL_007,2026-02-12,0.319,30.1,6.9,OK,True,MILL_NORTH,sugarcane,2026-01-18,8.53
PARCEL_020,2026-03-22,0.713,17.5,0.0,OK,True,MILL_NORTH,sugarcane,2026-02-19,9.95
PARCEL_021,2026-03-03,0.36,29.1,0.0,OK,True,MILL_EAST,wheat,2026-02-21,3.58
PARCEL_010,2026-01-26,0.407,16.8,0.0,OK,True,MILL_EAST,sugarcane,2026-01-07,7.44
PARCEL_005,2026-02-14,0.26,21.7,0.0,OK,True,MILL_NORTH,soybean,2026-02-08,2.79
PARCEL_016,2026-05-20,0.504,29.1,0.0,OK,True,MILL_EAST,sugarcane,2026-01-30,4.76
PARCEL_004,2026-02-26,0.751,34.7,0.0,OK,True,MILL_NORTH,sugarcane,2026-01-02,3.18
PARCEL_009,2026-01-15,0.115,25.5,7.4,OK,True,MILL_EAST,sugarcane,2026-02-18,1.57
PARCEL_021,2026-02-07,0.16,17.2,0.0,OK,True,MILL_EAST,wheat,2026-02-21,3.58
PARCEL_021,2026-05-19,0.49,28.3,0.0,OK,True,MILL_EAST,wheat,2026-02-21,3.58
PARCEL_009,2026-03-24,0.717,30.6,0.0,OK,True,MILL_EAST,sugarcane,2026-02-18,1.57
PARCEL_015,2026-04-18,0.414,34.5,0.0,OK,True,MILL_SOUTH,sugarcane,2026-01-06,4.87
PARCEL_014,2026-05-05,0.571,30.2,0.0,OK,True,MILL_NORTH,sugarcane,2026-01-05,9.39
PARCEL_025,2026-03-06,0.273,34.7,0.0,OK,True,MILL_WEST,sugarcane,2026-02-07,3.02
PARCEL_011,2026-02-08,0.185,31.2,0.0,OK,True,MILL_NORTH,wheat,2026-02-21,6.67
PARCEL_002,2026-01-29,0.275,16.1,0.0,OK,True,MILL_SOUTH,sugarcane,2026-01-16,8.97
PARCEL_010,2026-04-22,0.63,27.8,0.0,OK,True,MILL_EAST,sugarcane,2026-01-07,7.44
PARCEL_012,2026-02-09,0.21,22.9,0.0,OK,True,MILL_WEST,sugarcane,2026-03-01,6.85
PARCEL_024,2026-02-24,0.687,20.6,0.0,OK,True,MILL_EAST,soybean,2026-01-16,5.43
PARCEL_014,2026-04-15,0.614,24.4,0.0,OK,True,MILL_NORTH,sugarcane,2026-01-05,9.39
PARCEL_004,2026-04-28,0.308,23.8,0.0,OK,True,MILL_NORTH,sugarcane,2026-01-02,3.18
PARCEL_004,2026-04-01,0.54,22.6,0.0,BAD_SENSOR,False,MILL_NORTH,sugarcane,2026-01-02,3.18
PARCEL_018,2026-01-26,0.392,21.5,4.2,OK,True,MILL_SOUTH,sugarcane,2026-01-11,5.82
PARCEL_012,2026-03-13,0.336,25.3,1.4,OK,True,MILL_WEST,sugarcane,2026-03-01,6.85
PARCEL_012,2026-03-04,0.203,30.6,0.0,OK,True,MILL_WEST,sugarcane,2026-03-01,6.85
PARCEL_024,2026-03-26,0.533,26.5,3.4,OK,True,MILL_EAST,soybean,2026-01-16,5.43
PARCEL_006,2026-01-15,0.219,26.3,0.0,BAD_SENSOR,False,MILL_WEST,sugarcane,2026-02-11,5.67
PARCEL_021,2026-01-30,0.195,23.9,0.0,OK,True,MILL_EAST,wheat,2026-02-21,3.58
PARCEL_008,2026-02-16,0.487,29.7,0.0,OK,True,MILL_EAST,sugarcane,2026-01-22,2.98
PARCEL_020,2026-03-05,0.308,27.7,2.6,BAD_SENSOR,False,MILL_NORTH,sugarcane,2026-02-19,9.95
PARCEL_017,2026-05-06,0.356,31.2,0.0,OK,True,MILL_EAST,sugarcane,2026-01-14,7.51
PARCEL_017,2026-05-21,0.621,15.5,3.3,OK,True,MILL_EAST,sugarcane,2026-01-14,7.51
PARCEL_012,2026-04-07,0.634,21.8,6.3,OK,True,MILL_WEST,sugarcane,2026-03-01,6.85
PARCEL_002,2026-02-19,0.724,16.4,0.0,OK,True,MILL_SOUTH,sugarcane,2026-01-16,8.97
PARCEL_020,2026-01-28,0.21,29.1,3.4,OK,True,MILL_NORTH,sugarcane,2026-02-19,9.95
PARCEL_003,2026-03-14,0.287,21.8,0.0,OK,True,MILL_NORTH,soybean,2026-02-13,5.35
PARCEL_002,2026-04-24,0.546,32.5,0.0,OK,True,MILL_SOUTH,sugarcane,2026-01-16,8.97
PARCEL_002,2026-04-20,0.627,17.1,0.0,OK,True,MILL_SOUTH,sugarcane,2026-01-16,8.97
PARCEL_012,2026-03-28,0.484,20.1,0.0,OK,True,MILL_WEST,sugarcane,2026-03-01,6.85
PARCEL_004,2026-03-28,0.832,20.5,0.0,OK,True,MILL_NORTH,sugarcane,2026-01-02,3.18
PARCEL_010,2026-03-25,0.729,25.7,0.0,OK,True,MILL_EAST,sugarcane,2026-01-07,7.44
PARCEL_020,2026-01-21,0.135,22.1,0.0,OK,True,MILL_NORTH,sugarcane,2026-02-19,9.95
PARCEL_019,2026-03-30,0.67,21.0,0.0,OK,True,MILL_SOUTH,sugarcane,2026-01-18,10.19
PARCEL_019,2026-02-10,0.298,34.5,0.0,OK,True,MILL_SOUTH,sugarcane,2026-01-18,10.19
PARCEL_017,2026-04-30,0.43,30.4,0.0,OK,True,MILL_EAST,sugarcane,2026-01-14,7.51
PARCEL_003,2026-05-23,0.739,24.5,0.0,OK,True,MILL_NORTH,soybean,2026-02-13,5.35
PARCEL_018,2026-01-23,0.258,16.7,5.0,OK,True,MILL_SOUTH,sugarcane,2026-01-11,5.82
PARCEL_003,2026-03-04,0.443,19.5,2.0,OK,True,MILL_NORTH,soybean,2026-02-13,5.35
PARCEL_012,2026-02-10,0.189,24.3,0.0,OK,True,MILL_WEST,sugarcane,2026-03-01,6.85
PARCEL_009,2026-03-31,0.763,18.0,0.0,OK,True,MILL_EAST,sugarcane,2026-02-18,1.57
PARCEL_020,2026-02-20,0.471,19.8,0.0,OK,True,MILL_NORTH,sugarcane,2026-02-19,9.95
PARCEL_015,2026-04-11,0.397,26.8,0.0,OK,True,MILL_SOUTH,sugarcane,2026-01-06,4.87
PARCEL_005,2026-01-26,0.094,23.5,2.4,OK,True,MILL_NORTH,soybean,2026-02-08,2.79
PARCEL_006,2026-04-29,0.527,18.7,3.8,OK,True,MILL_WEST,sugarcane,2026-02-11,5.67
PARCEL_013,2026-03-30,0.471,32.4,0.0,OK,True,MILL_EAST,soybean,2026-02-23,2.71
PARCEL_010,2026-04-07,0.677,20.8,12.0,OK,True,MILL_EAST,sugarcane,2026-01-07,7.44
PARCEL_020,2026-01-19,0.122,29.8,0.0,OK,True,MILL_NORTH,sugarcane,2026-02-19,9.95
PARCEL_016,2026-03-06,0.752,20.8,0.0,OK,True,MILL_EAST,sugarcane,2026-01-30,4.76
PARCEL_015,2026-04-09,0.633,24.9,0.0,OK,True,MILL_SOUTH,sugarcane,2026-01-06,4.87
PARCEL_007,2026-02-28,0.737,15.7,0.0,OK,True,MILL_NORTH,sugarcane,2026-01-18,8.53
PARCEL_015,2026-05-12,0.668,27.4,7.7,OK,True,MILL_SOUTH,sugarcane,2026-01-06,4.87
PARCEL_002,2026-03-26,0.617,18.2,0.0,OK,True,MILL_SOUTH,sugarcane,2026-01-16,8.97
PARCEL_019,2026-01-13,0.213,27.3,0.0,OK,True,MILL_SOUTH,sugarcane,2026-01-18,10.19
PARCEL_020,2026-04-15,0.667,16.3,6.7,OK,True,MILL_NORTH,sugarcane,2026-02-19,9.95
PARCEL_014,2026-04-17,0.641,32.9,0.0,OK,True,MILL_NORTH,sugarcane,2026-01-05,9.39
PARCEL_014,2026-05-26,0.48,29.7,0.0,OK,True,MILL_NORTH,sugarcane,2026-01-05,9.39
PARCEL_010,2026-03-03,0.671,34.1,1.0,OK,True,MILL_EAST,sugarcane,2026-01-07,7.44
PARCEL_010,2026-03-26,0.858,30.6,4.0,OK,True,MILL_EAST,sugarcane,2026-01-07,7.44
PARCEL_009,2026-05-13,0.695,22.0,0.0,OK,True,MILL_EAST,sugarcane,2026-02-18,1.57
PARCEL_023,2026-03-15,0.545,24.0,0.0,ERROR,False,MILL_WEST,sugarcane,2026-01-26,3.55
PARCEL_012,2026-04-02,0.572,18.2,3.2,ERROR,False,MILL_WEST,sugarcane,2026-03-01,6.85
PARCEL_014,2026-04-09,0.611,33.4,0.0,OK,True,MILL_NORTH,sugarcane,2026-01-05,9.39
PARCEL_005,2026-02-23,0.134,24.9,0.0,OK,True,MILL_NORTH,soybean,2026-02-08,2.79
PARCEL_017,2026-01-03,0.205,15.4,0.0,OK,True,MILL_EAST,sugarcane,2026-01-14,7.51
PARCEL_004,2026-01-29,0.323,29.9,0.0,OK,True,MILL_NORTH,sugarcane,2026-01-02,3.18
PARCEL_008,2026-03-27,0.518,16.1,0.0,OK,True,MILL_EAST,sugarcane,2026-01-22,2.98
PARCEL_009,2026-02-20,0.323,18.9,0.0,OK,True,MILL_EAST,sugarcane,2026-02-18,1.57
PARCEL_006,2026-02-11,0.276,27.2,0.0,OK,True,MILL_WEST,sugarcane,2026-02-11,5.67
PARCEL_022,2026-01-18,0.32,15.6,0.0,OK,True,MILL_EAST,sugarcane,2026-01-14,8.04
PARCEL_016,2026-05-09,0.542,20.8,0.1,OK,True,MILL_EAST,sugarcane,2026-01-30,4.76
PARCEL_012,2026-01-21,0.131,31.2,6.5,OK,True,MILL_WEST,sugarcane,2026-03-01,6.85
PARCEL_021,2026-04-11,0.477,22.9,0.0,BAD_SENSOR,False,MILL_EAST,wheat,2026-02-21,3.58
PARCEL_020,2026-05-12,0.709,33.3,0.0,OK,True,MILL_NORTH,sugarcane,2026-02-19,9.95
PARCEL_025,2026-03-03,0.423,30.9,1.3,OK,True,MILL_WEST,sugarcane,2026-02-07,3.02
PARCEL_013,2026-02-14,0.289,33.4,6.1,OK,True,MILL_EAST,soybean,2026-02-23,2.71
PARCEL_014,2026-02-11,0.785,16.7,0.0,OK,True,MILL_NORTH,sugarcane,2026-01-05,9.39
PARCEL_020,2026-01-20,0.139,24.0,0.0,OK,True,MILL_NORTH,sugarcane,2026-02-19,9.95
PARCEL_016,2026-01-28,0.168,31.2,3.9,OK,True,MILL_EAST,sugarcane,2026-01-30,4.76
PARCEL_022,2026-05-19,0.449,28.3,0.0,OK,True,MILL_EAST,sugarcane,2026-01-14,8.04
PARCEL_005,2026-02-24,0.305,31.3,0.0,OK,True,MILL_NORTH,soybean,2026-02-08,2.79
PARCEL_005,2026-03-23,0.457,20.6,0.0,OK,True,MILL_NORTH,soybean,2026-02-08,2.79
PARCEL_011,2026-03-09,0.502,22.1,0.0,ERROR,False,MILL_NORTH,wheat,2026-02-21,6.67
PARCEL_010,2026-04-26,0.523,22.0,0.0,OK,True,MILL_EAST,sugarcane,2026-01-07,7.44
PARCEL_014,2026-01-09,0.288,21.4,0.0,OK,True,MILL_NORTH,sugarcane,2026-01-05,9.39
PARCEL_016,2026-02-18,0.306,30.9,0.0,BAD_SENSOR,False,MILL_EAST,sugarcane,2026-01-30,4.76
PARCEL_017,2026-03-09,0.782,29.3,0.0,OK,True,MILL_EAST,sugarcane,2026-01-14,7.51
PARCEL_025,2026-02-09,0.201,25.8,0.0,OK,True,MILL_WEST,sugarcane,2026-02-07,3.02
PARCEL_005,2026-01-20,0.199,28.4,0.0,OK,True,MILL_NORTH,soybean,2026-02-08,2.79
PARCEL_025,2026-03-04,0.4,22.0,0.0,OK,True,MILL_WEST,sugarcane,2026-02-07,3.02
PARCEL_003,2026-03-18,0.524,27.5,4.4,OK,True,MILL_NORTH,soybean,2026-02-13,5.35
PARCEL_010,2026-02-07,0.605,27.2,0.0,OK,True,MILL_EAST,sugarcane,2026-01-07,7.44
PARCEL_023,2026-01-20,0.212,15.2,0.0,OK,True,MILL_WEST,sugarcane,2026-01-26,3.55
PARCEL_024,2026-04-14,0.419,16.1,0.0,OK,True,MILL_EAST,soybean,2026-01-16,5.43
PARCEL_021,2026-01-21,0.051,21.9,0.0,OK,True,MILL_EAST,wheat,2026-02-21,3.58
PARCEL_016,2026-01-14,0.153,26.6,0.0,OK,True,MILL_EAST,sugarcane,2026-01-30,4.76
PARCEL_017,2026-02-19,0.745,20.8,0.0,OK,True,MILL_EAST,sugarcane,2026-01-14,7.51
PARCEL_018,2026-04-25,0.55,23.2,0.0,OK,True,MILL_SOUTH,sugarcane,2026-01-11,5.82
PARCEL_004,2026-02-25,0.747,29.4,0.0,OK,True,MILL_NORTH,sugarcane,2026-01-02,3.18
PARCEL_022,2026-03-25,0.805,25.3,0.0,OK,True,MILL_EAST,sugarcane,2026-01-14,8.04
PARCEL_003,2026-01-16,0.176,22.8,0.0,OK,True,MILL_NORTH,soybean,2026-02-13,5.35
PARCEL_011,2026-03-02,0.356,25.9,0.0,OK,True,MILL_NORTH,wheat,2026-02-21,6.67
PARCEL_022,2026-02-02,0.38,33.1,0.0,BAD_SENSOR,False,MILL_EAST,sugarcane,2026-01-14,8.04
PARCEL_002,2026-05-23,0.542,17.0,4.5,OK,True,MILL_SOUTH,sugarcane,2026-01-16,8.97
PARCEL_021,2026-01-07,0.078,29.4,0.0,OK,True,MILL_EAST,wheat,2026-02-21,3.58
PARCEL_023,2026-02-12,0.363,19.7,5.1,OK,True,MILL_WEST,sugarcane,2026-01-26,3.55
PARCEL_021,2026-01-17,0.168,17.4,0.0,OK,True,MILL_EAST,wheat,2026-02-21,3.58
PARCEL_001,2026-05-09,0.809,22.9,11.3,OK,True,MILL_NORTH,sugarcane,2026-02-10,9.03
PARCEL_005,2026-01-21,0.078,19.3,0.0,OK,True,MILL_NORTH,soybean,2026-02-08,2.79
PARCEL_024,2026-01-10,0.139,24.1,14.3,OK,True,MILL_EAST,soybean,2026-01-16,5.43
PARCEL_017,2026-02-02,0.438,22.9,0.0,OK,True,MILL_EAST,sugarcane,2026-01-14,7.51
PARCEL_017,2026-03-16,0.803,21.7,0.0,OK,True,MILL_EAST,sugarcane,2026-01-14,7.51
PARCEL_014,2026-05-16,0.427,17.6,2.9,OK,True,MILL_NORTH,sugarcane,2026-01-05,9.39
PARCEL_004,2026-01-18,0.176,28.0,0.0,OK,True,MILL_NORTH,sugarcane,2026-01-02,3.18
PARCEL_024,2026-04-22,0.592,23.3,0.0,OK,True,MILL_EAST,soybean,2026-01-16,5.43
PARCEL_014,2026-04-27,0.512,34.1,0.0,OK,True,MILL_NORTH,sugarcane,2026-01-05,9.39
PARCEL_021,2026-04-02,0.453,15.7,0.0,OK,True,MILL_EAST,wheat,2026-02-21,3.58
PARCEL_002,2026-05-29,0.474,20.8,0.0,OK,True,MILL_SOUTH,sugarcane,2026-01-16,8.97
PARCEL_017,2026-05-13,0.487,16.4,0.0,OK,True,MILL_EAST,sugarcane,2026-01-14,7.51
PARCEL_016,2026-03-10,0.811,28.4,0.0,OK,True,MILL_EAST,sugarcane,2026-01-30,4.76
PARCEL_009,2026-02-03,0.116,23.3,0.0,ERROR,False,MILL_EAST,sugarcane,2026-02-18,1.57
PARCEL_019,2026-03-08,0.572,20.4,2.3,ERROR,False,MILL_SOUTH,sugarcane,2026-01-18,10.19
PARCEL_008,2026-01-24,0.278,33.5,3.4,OK,True,MILL_EAST,sugarcane,2026-01-22,2.98
PARCEL_001,2026-02-25,0.377,16.8,0.0,OK,True,MILL_NORTH,sugarcane,2026-02-10,9.03
PARCEL_010,2026-03-23,0.616,23.2,0.0,BAD_SENSOR,False,MILL_EAST,sugarcane,2026-01-07,7.44
PARCEL_003,2026-04-07,0.435,19.9,3.6,OK,True,MILL_NORTH,soybean,2026-02-13,5.35
PARCEL_010,2026-01-21,0.448,32.1,0.0,OK,True,MILL_EAST,sugarcane,2026-01-07,7.44
PARCEL_009,2026-03-01,0.34,22.6,0.0,OK,True,MILL_EAST,sugarcane,2026-02-18,1.57
PARCEL_006,2026-01-10,0.163,25.3,0.0,OK,True,MILL_WEST,sugarcane,2026-02-11,5.67
PARCEL_018,2026-01-12,0.171,33.5,0.0,OK,True,MILL_SOUTH,sugarcane,2026-01-11,5.82
PARCEL_011,2026-03-16,0.134,20.1,0.0,OK,True,MILL_NORTH,wheat,2026-02-21,6.67
PARCEL_006,2026-03-23,0.705,27.2,0.0,OK,True,MILL_WEST,sugarcane,2026-02-11,5.67
PARCEL_007,2026-01-04,0.196,16.7,0.0,OK,True,MILL_NORTH,sugarcane,2026-01-18,8.53
PARCEL_023,2026-03-11,0.901,20.8,0.0,ERROR,False,MILL_WEST,sugarcane,2026-01-26,3.55
PARCEL_006,2026-01-02,0.152,18.0,0.0,OK,True,MILL_WEST,sugarcane,2026-02-11,5.67
PARCEL_012,2026-05-23,0.609,18.4,11.1,OK,True,MILL_WEST,sugarcane,2026-03-01,6.85
PARCEL_014,2026-01-04,0.219,20.3,0.0,OK,True,MILL_NORTH,sugarcane,2026-01-05,9.39
PARCEL_024,2026-01-15,0.219,28.0,2.6,OK,True,MILL_EAST,soybean,2026-01-16,5.43
PARCEL_021,2026-05-08,0.528,30.9,0.0,OK,True,MILL_EAST,wheat,2026-02-21,3.58
PARCEL_002,2026-04-28,0.423,19.2,0.0,OK,True,MILL_SOUTH,sugarcane,2026-01-16,8.97
PARCEL_009,2026-01-20,0.027,28.5,0.0,OK,True,MILL_EAST,sugarcane,2026-02-18,1.57
PARCEL_020,2026-05-29,0.64,30.9,0.0,BAD_SENSOR,False,MILL_NORTH,sugarcane,2026-02-19,9.95
PARCEL_019,2026-03-31,0.581,22.0,2.9,OK,True,MILL_SOUTH,sugarcane,2026-01-18,10.19
PARCEL_001,2026-05-18,0.597,15.5,0.0,OK,True,MILL_NORTH,sugarcane,2026-02-10,9.03
PARCEL_008,2026-02-05,0.222,28.6,0.0,OK,True,MILL_EAST,sugarcane,2026-01-22,2.98
PARCEL_025,2026-01-29,0.264,32.1,0.0,OK,True,MILL_WEST,sugarcane,2026-02-07,3.02
PARCEL_007,2026-03-20,0.684,27.6,8.5,OK,True,MILL_NORTH,sugarcane,2026-01-18,8.53
PARCEL_003,2026-04-09,0.435,33.4,0.0,OK,True,MILL_NORTH,soybean,2026-02-13,5.35
PARCEL_001,2026-02-12,0.363,19.2,0.0,OK,True,MILL_NORTH,sugarcane,2026-02-10,9.03
PARCEL_017,2026-03-23,0.609,30.5,2.1,OK,True,MILL_EAST,sugarcane,2026-01-14,7.51
PARCEL_010,2026-03-27,0.624,28.3,5.8,OK,True,MILL_EAST,sugarcane,2026-01-07,7.44
PARCEL_022,2026-04-15,0.421,33.6,0.0,OK,True,MILL_EAST,sugarcane,2026-01-14,8.04
PARCEL_009,2026-03-26,0.73,26.9,0.0,OK,True,MILL_EAST,sugarcane,2026-02-18,1.57
PARCEL_022,2026-01-04,0.173,34.2,0.0,OK,True,MILL_EAST,sugarcane,2026-01-14,8.04
PARCEL_006,2026-01-28,0.065,27.2,0.0,BAD_SENSOR,False,MILL_WEST,sugarcane,2026-02-11,5.67
PARCEL_008,2026-04-18,0.608,34.7,0.0,OK,True,MILL_EAST,sugarcane,2026-01-22,2.98
PARCEL_021,2026-01-20,0.163,25.6,0.0,OK,True,MILL_EAST,wheat,2026-02-21,3.58
PARCEL_006,2026-02-10,0.28,26.7,0.0,OK,True,MILL_WEST,sugarcane,2026-02-11,5.67
PARCEL_003,2026-05-20,0.363,22.4,0.0,OK,True,MILL_NORTH,soybean,2026-02-13,5.35
PARCEL_003,2026-04-17,0.565,22.1,0.0,OK,True,MILL_NORTH,soybean,2026-02-13,5.35
PARCEL_012,2026-04-10,0.678,28.6,0.0,OK,True,MILL_WEST,sugarcane,2026-03-01,6.85
PARCEL_003,2026-03-01,0.306,22.5,0.0,OK,True,MILL_NORTH,soybean,2026-02-13,5.35
PARCEL_021,2026-04-07,0.478,15.7,0.0,OK,True,MILL_EAST,wheat,2026-02-21,3.58
PARCEL_010,2026-05-19,0.662,22.8,0.0,OK,True,MILL_EAST,sugarcane,2026-01-07,7.44
PARCEL_019,2026-05-25,0.48,24.4,0.0,OK,True,MILL_SOUTH,sugarcane,2026-01-18,10.19
PARCEL_011,2026-02-13,0.184,19.6,0.0,OK,True,MILL_NORTH,wheat,2026-02-21,6.67
PARCEL_024,2026-05-01,0.607,20.1,8.6,OK,True,MILL_EAST,soybean,2026-01-16,5.43
PARCEL_012,2026-01-16,0.187,33.7,0.0,OK,True,MILL_WEST,sugarcane,2026-03-01,6.85
PARCEL_019,2026-05-22,0.629,16.5,0.0,OK,True,MILL_SOUTH,sugarcane,2026-01-18,10.19
PARCEL_019,2026-04-09,0.756,25.7,0.0,OK,True,MILL_SOUTH,sugarcane,2026-01-18,10.19
PARCEL_021,2026-03-17,0.173,22.1,0.0,OK,True,MILL_EAST,wheat,2026-02-21,3.58
PARCEL_008,2026-05-01,0.431,26.3,0.0,OK,True,MILL_EAST,sugarcane,2026-01-22,2.98
PARCEL_006,2026-05-08,0.685,20.7,0.0,OK,True,MILL_WEST,sugarcane,2026-02-11,5.67
PARCEL_018,2026-02-03,0.378,18.6,0.0,OK,True,MILL_SOUTH,sugarcane,2026-01-11,5.82
PARCEL_022,2026-03-03,0.664,33.2,0.0,OK,True,MILL_EAST,sugarcane,2026-01-14,8.04
PARCEL_004,2026-01-30,0.221,27.4,0.0,OK,True,MILL_NORTH,sugarcane,2026-01-02,3.18
PARCEL_003,2026-03-20,0.456,24.8,3.0,OK,True,MILL_NORTH,soybean,2026-02-13,5.35
PARCEL_014,2026-05-28,0.55,21.0,0.0,OK,True,MILL_NORTH,sugarcane,2026-01-05,9.39
PARCEL_011,2026-04-19,0.635,22.6,0.0,OK,True,MILL_NORTH,wheat,2026-02-21,6.67
PARCEL_009,2026-02-22,0.345,25.9,0.0,OK,True,MILL_EAST,sugarcane,2026-02-18,1.57
PARCEL_009,2026-01-16,0.201,25.8,0.7,ERROR,False,MILL_EAST,sugarcane,2026-02-18,1.57
PARCEL_017,2026-01-25,0.357,19.9,2.3,OK,True,MILL_EAST,sugarcane,2026-01-14,7.51
PARCEL_011,2026-01-21,0.181,28.0,6.8,OK,True,MILL_NORTH,wheat,2026-02-21,6.67
PARCEL_003,2026-05-14,0.458,24.8,0.0,OK,True,MILL_NORTH,soybean,2026-02-13,5.35
PARCEL_006,2026-02-13,0.245,22.7,0.0,OK,True,MILL_WEST,sugarcane,2026-02-11,5.67
PARCEL_011,2026-02-18,0.217,19.1,0.0,OK,True,MILL_NORTH,wheat,2026-02-21,6.67
PARCEL_004,2026-03-12,0.867,21.0,0.0,OK,True,MILL_NORTH,sugarcane,2026-01-02,3.18
PARCEL_012,2026-03-16,0.352,22.6,0.0,OK,True,MILL_WEST,sugarcane,2026-03-01,6.85
PARCEL_006,2026-01-11,0.208,17.8,1.4,ERROR,False,MILL_WEST,sugarcane,2026-02-11,5.67
PARCEL_009,2026-05-22,0.454,24.7,7.8,OK,True,MILL_EAST,sugarcane,2026-02-18,1.57
PARCEL_011,2026-01-19,0.232,24.9,0.0,OK,True,MILL_NORTH,wheat,2026-02-21,6.67
PARCEL_009,2026-02-15,0.238,26.3,0.0,OK,True,MILL_EAST,sugarcane,2026-02-18,1.57
PARCEL_025,2026-03-09,0.907,21.2,2.6,OK,True,MILL_WEST,sugarcane,2026-02-07,3.02
PARCEL_025,2026-05-12,0.557,26.9,0.0,OK,True,MILL_WEST,sugarcane,2026-02-07,3.02
PARCEL_018,2026-03-22,0.608,31.6,0.0,OK,True,MILL_SOUTH,sugarcane,2026-01-11,5.82
PARCEL_025,2026-05-02,0.649,31.9,0.0,BAD_SENSOR,False,MILL_WEST,sugarcane,2026-02-07,3.02
PARCEL_004,2026-03-09,0.693,19.8,0.0,OK,True,MILL_NORTH,sugarcane,2026-01-02,3.18
PARCEL_015,2026-01-15,0.5,23.9,0.4,OK,True,MILL_SOUTH,sugarcane,2026-01-06,4.87
PARCEL_010,2026-02-27,0.694,24.6,0.4,OK,True,MILL_EAST,sugarcane,2026-01-07,7.44
PARCEL_008,2026-02-12,0.375,22.6,0.0,OK,True,MILL_EAST,sugarcane,2026-01-22,2.98
PARCEL_020,2026-03-10,0.248,23.8,0.0,OK,True,MILL_NORTH,sugarcane,2026-02-19,9.95
PARCEL_018,2026-03-13,0.719,26.4,0.0,OK,True,MILL_SOUTH,sugarcane,2026-01-11,5.82
PARCEL_023,2026-05-03,0.421,27.3,0.0,OK,True,MILL_WEST,sugarcane,2026-01-26,3.55
PARCEL_007,2026-05-30,0.636,33.2,0.0,OK,True,MILL_NORTH,sugarcane,2026-01-18,8.53
PARCEL_003,2026-03-29,0.484,29.1,0.0,OK,True,MILL_NORTH,soybean,2026-02-13,5.35
PARCEL_024,2026-01-13,0.201,16.0,0.0,OK,True,MILL_EAST,soybean,2026-01-16,5.43
PARCEL_013,2026-01-21,0.05,20.8,2.5,OK,True,MILL_EAST,soybean,2026-02-23,2.71
PARCEL_024,2026-05-28,0.536,16.4,0.0,OK,True,MILL_EAST,soybean,2026-01-16,5.43
PARCEL_006,2026-01-06,0.163,17.8,0.0,OK,True,MILL_WEST,sugarcane,2026-02-11,5.67
PARCEL_023,2026-05-09,0.67,24.4,0.0,OK,True,MILL_WEST,sugarcane,2026-01-26,3.55
PARCEL_006,2026-02-01,0.217,28.1,0.0,OK,True,MILL_WEST,sugarcane,2026-02-11,5.67
PARCEL_011,2026-01-04,0.216,23.0,0.0,OK,True,MILL_NORTH,wheat,2026-02-21,6.67
PARCEL_002,2026-01-04,0.24,28.7,0.0,OK,True,MILL_SOUTH,sugarcane,2026-01-16,8.97
PARCEL_014,2026-05-29,0.712,23.8,0.0,OK,True,MILL_NORTH,sugarcane,2026-01-05,9.39
PARCEL_019,2026-01-12,0.014,32.3,0.0,OK,True,MILL_SOUTH,sugarcane,2026-01-18,10.19
PARCEL_008,2026-02-20,0.269,17.8,0.0,OK,True,MILL_EAST,sugarcane,2026-01-22,2.98
PARCEL_011,2026-04-23,0.578,23.2,0.0,OK,True,MILL_NORTH,wheat,2026-02-21,6.67
PARCEL_022,2026-02-09,0.235,22.2,0.0,ERROR,False,MILL_EAST,sugarcane,2026-01-14,8.04
PARCEL_011,2026-03-24,0.625,16.7,0.0,OK,True,MILL_NORTH,wheat,2026-02-21,6.67
PARCEL_018,2026-04-17,0.435,19.9,0.0,OK,True,MILL_SOUTH,sugarcane,2026-01-11,5.82
PARCEL_023,2026-01-02,0.26,17.7,0.0,OK,True,MILL_WEST,sugarcane,2026-01-26,3.55
PARCEL_007,2026-01-25,0.192,20.4,0.0,OK,True,MILL_NORTH,sugarcane,2026-01-18,8.53
PARCEL_008,2026-03-09,0.803,21.1,0.1,OK,True,MILL_EAST,sugarcane,2026-01-22,2.98
PARCEL_005,2026-02-16,0.341,21.7,5.6,OK,True,MILL_NORTH,soybean,2026-02-08,2.79
PARCEL_007,2026-02-25,0.681,20.9,1.5,OK,True,MILL_NORTH,sugarcane,2026-01-18,8.53
PARCEL_023,2026-04-11,0.687,15.9,0.0,OK,True,MILL_WEST,sugarcane,2026-01-26,3.55
PARCEL_022,2026-02-01,0.392,17.7,0.0,OK,True,MILL_EAST,sugarcane,2026-01-14,8.04
PARCEL_001,2026-03-21,0.614,20.2,3.4,OK,True,MILL_NORTH,sugarcane,2026-02-10,9.03
PARCEL_005,2026-05-17,0.601,29.2,0.0,OK,True,MILL_NORTH,soybean,2026-02-08,2.79
PARCEL_024,2026-04-24,0.519,16.1,0.0,OK,True,MILL_EAST,soybean,2026-01-16,5.43
PARCEL_022,2026-05-18,0.578,18.8,0.0,OK,True,MILL_EAST,sugarcane,2026-01-14,8.04
PARCEL_019,2026-03-16,0.924,20.5,2.0,OK,True,MILL_SOUTH,sugarcane,2026-01-18,10.19
PARCEL_022,2026-01-21,0.382,28.1,0.0,OK,True,MILL_EAST,sugarcane,2026-01-14,8.04
PARCEL_010,2026-02-04,0.312,19.0,3.6,OK,True,MILL_EAST,sugarcane,2026-01-07,7.44
PARCEL_022,2026-02-19,0.836,28.2,1.6,OK,True,MILL_EAST,sugarcane,2026-01-14,8.04
PARCEL_008,2026-01-11,0.216,21.2,0.0,OK,True,MILL_EAST,sugarcane,2026-01-22,2.98
PARCEL_011,2026-01-12,0.25,22.1,4.1,OK,True,MILL_NORTH,wheat,2026-02-21,6.67
PARCEL_022,2026-05-12,0.605,22.1,0.0,OK,True,MILL_EAST,sugarcane,2026-01-14,8.04
PARCEL_012,2026-02-22,0.144,22.8,0.0,OK,True,MILL_WEST,sugarcane,2026-03-01,6.85
PARCEL_022,2026-03-18,0.812,17.6,0.0,OK,True,MILL_EAST,sugarcane,2026-01-14,8.04
PARCEL_016,2026-01-30,0.379,17.4,0.0,OK,True,MILL_EAST,sugarcane,2026-01-30,4.76
PARCEL_014,2026-03-11,0.739,21.2,0.0,BAD_SENSOR,False,MILL_NORTH,sugarcane,2026-01-05,9.39
PARCEL_016,2026-03-25,0.661,18.7,0.0,OK,True,MILL_EAST,sugarcane,2026-01-30,4.76
PARCEL_014,2026-01-21,0.453,34.9,0.0,ERROR,False,MILL_NORTH,sugarcane,2026-01-05,9.39
PARCEL_002,2026-05-01,0.485,27.4,0.0,OK,True,MILL_SOUTH,sugarcane,2026-01-16,8.97
PARCEL_018,2026-02-01,0.182,32.9,0.0,OK,True,MILL_SOUTH,sugarcane,2026-01-11,5.82
PARCEL_009,2026-04-21,0.767,24.2,0.0,OK,True,MILL_EAST,sugarcane,2026-02-18,1.57
PARCEL_010,2026-04-21,0.5,28.7,2.4,OK,True,MILL_EAST,sugarcane,2026-01-07,7.44
PARCEL_019,2026-02-16,0.431,24.3,0.0,OK,True,MILL_SOUTH,sugarcane,2026-01-18,10.19
PARCEL_010,2026-04-28,0.631,21.9,0.0,OK,True,MILL_EAST,sugarcane,2026-01-07,7.44
PARCEL_003,2026-03-03,0.305,25.3,0.0,OK,True,MILL_NORTH,soybean,2026-02-13,5.35
PARCEL_023,2026-05-11,0.607,31.8,0.0,OK,True,MILL_WEST,sugarcane,2026-01-26,3.55
PARCEL_003,2026-04-20,0.52,28.1,1.7,OK,True,MILL_NORTH,soybean,2026-02-13,5.35
PARCEL_003,2026-02-02,0.111,16.5,0.0,OK,True,MILL_NORTH,soybean,2026-02-13,5.35
PARCEL_007,2026-03-04,0.856,29.3,0.0,OK,True,MILL_NORTH,sugarcane,2026-01-18,8.53
PARCEL_024,2026-03-25,0.633,30.9,5.6,OK,True,MILL_EAST,soybean,2026-01-16,5.43
PARCEL_008,2026-01-10,0.231,22.6,0.0,OK,True,MILL_EAST,sugarcane,2026-01-22,2.98
PARCEL_001,2026-01-28,0.224,33.7,5.7,OK,True,MILL_NORTH,sugarcane,2026-02-10,9.03
PARCEL_014,2026-03-12,0.743,16.0,0.0,OK,True,MILL_NORTH,sugarcane,2026-01-05,9.39
PARCEL_016,2026-02-10,0.432,20.0,4.7,OK,True,MILL_EAST,sugarcane,2026-01-30,4.76
PARCEL_011,2026-02-11,0.142,24.3,0.0,BAD_SENSOR,False,MILL_NORTH,wheat,2026-02-21,6.67
PARCEL_025,2026-04-20,0.678,32.4,0.0,OK,True,MILL_WEST,sugarcane,2026-02-07,3.02
PARCEL_017,2026-05-16,0.493,19.5,0.0,OK,True,MILL_EAST,sugarcane,2026-01-14,7.51
PARCEL_006,2026-04-28,0.701,33.1,0.0,OK,True,MILL_WEST,sugarcane,2026-02-11,5.67
PARCEL_008,2026-03-17,0.568,22.7,4.2,OK,True,MILL_EAST,sugarcane,2026-01-22,2.98
PARCEL_016,2026-04-15,0.846,21.3,0.0,ERROR,False,MILL_EAST,sugarcane,2026-01-30,4.76
PARCEL_013,2026-01-07,0.171,30.2,0.0,OK,True,MILL_EAST,soybean,2026-02-23,2.71
PARCEL_011,2026-03-07,0.42,16.3,0.0,OK,True,MILL_NORTH,wheat,2026-02-21,6.67
PARCEL_009,2026-04-19,0.64,23.2,0.0,OK,True,MILL_EAST,sugarcane,2026-02-18,1.57
PARCEL_011,2026-02-25,0.187,33.8,0.0,BAD_SENSOR,False,MILL_NORTH,wheat,2026-02-21,6.67
PARCEL_019,2026-01-23,0.334,15.3,0.0,OK,True,MILL_SOUTH,sugarcane,2026-01-18,10.19
PARCEL_013,2026-03-25,0.639,18.6,0.2,OK,True,MILL_EAST,soybean,2026-02-23,2.71
PARCEL_022,2026-05-17,0.508,32.5,0.0,OK,True,MILL_EAST,sugarcane,2026-01-14,8.04
PARCEL_013,2026-04-02,0.492,31.8,0.0,OK,True,MILL_EAST,soybean,2026-02-23,2.71
PARCEL_023,2026-03-04,0.74,18.8,6.1,OK,True,MILL_WEST,sugarcane,2026-01-26,3.55
PARCEL_022,2026-05-11,0.639,22.2,0.0,OK,True,MILL_EAST,sugarcane,2026-01-14,8.04
PARCEL_014,2026-03-27,0.859,16.5,0.0,OK,True,MILL_NORTH,sugarcane,2026-01-05,9.39
PARCEL_012,2026-03-02,0.301,26.7,0.0,OK,True,MILL_WEST,sugarcane,2026-03-01,6.85
PARCEL_001,2026-03-06,0.337,22.0,0.0,OK,True,MILL_NORTH,sugarcane,2026-02-10,9.03
PARCEL_020,2026-05-16,0.615,22.3,0.0,OK,True,MILL_NORTH,sugarcane,2026-02-19,9.95
PARCEL_013,2026-05-21,0.398,27.5,0.0,OK,True,MILL_EAST,soybean,2026-02-23,2.71
PARCEL_025,2026-04-06,0.755,31.5,0.0,BAD_SENSOR,False,MILL_WEST,sugarcane,2026-02-07,3.02
PARCEL_008,2026-02-22,0.717,29.5,0.0,OK,True,MILL_EAST,sugarcane,2026-01-22,2.98
PARCEL_020,2026-01-15,0.115,25.9,0.0,OK,True,MILL_NORTH,sugarcane,2026-02-19,9.95
PARCEL_023,2026-02-15,0.298,22.2,0.0,OK,True,MILL_WEST,sugarcane,2026-01-26,3.55
PARCEL_020,2026-01-06,0.133,18.6,0.0,OK,True,MILL_NORTH,sugarcane,2026-02-19,9.95
PARCEL_009,2026-04-06,0.84,31.3,0.0,OK,True,MILL_EAST,sugarcane,2026-02-18,1.57
PARCEL_002,2026-02-08,0.289,24.3,0.0,OK,True,MILL_SOUTH,sugarcane,2026-01-16,8.97
PARCEL_018,2026-05-22,0.524,23.2,0.0,OK,True,MILL_SOUTH,sugarcane,2026-01-11,5.82
PARCEL_018,2026-05-06,0.52,33.7,0.0,BAD_SENSOR,False,MILL_SOUTH,sugarcane,2026-01-11,5.82
PARCEL_022,2026-05-30,0.411,17.2,0.0,OK,True,MILL_EAST,sugarcane,2026-01-14,8.04
PARCEL_024,2026-04-09,0.587,29.0,0.0,OK,True,MILL_EAST,soybean,2026-01-16,5.43
PARCEL_016,2026-04-09,0.714,27.0,9.1,OK,True,MILL_EAST,sugarcane,2026-01-30,4.76
PARCEL_021,2026-01-29,0.212,24.8,0.0,OK,True,MILL_EAST,wheat,2026-02-21,3.58
PARCEL_015,2026-03-30,0.646,18.6,0.0,OK,True,MILL_SOUTH,sugarcane,2026-01-06,4.87
PARCEL_014,2026-05-23,0.488,29.0,0.0,ERROR,False,MILL_NORTH,sugarcane,2026-01-05,9.39
PARCEL_002,2026-03-02,0.68,34.6,0.0,OK,True,MILL_SOUTH,sugarcane,2026-01-16,8.97
PARCEL_019,2026-03-29,0.576,24.9,0.0,OK,True,MILL_SOUTH,sugarcane,2026-01-18,10.19
PARCEL_025,2026-03-17,0.72,16.7,6.1,OK,True,MILL_WEST,sugarcane,2026-02-07,3.02
PARCEL_015,2026-03-24,0.727,28.7,6.1,OK,True,MILL_SOUTH,sugarcane,2026-01-06,4.87
PARCEL_007,2026-04-16,0.595,20.4,0.0,ERROR,False,MILL_NORTH,sugarcane,2026-01-18,8.53
PARCEL_018,2026-04-26,0.716,27.1,5.0,BAD_SENSOR,False,MILL_SOUTH,sugarcane,2026-01-11,5.82
PARCEL_011,2026-03-13,0.24,33.5,0.0,OK,True,MILL_NORTH,wheat,2026-02-21,6.67
PARCEL_019,2026-03-09,0.678,31.4,0.0,OK,True,MILL_SOUTH,sugarcane,2026-01-18,10.19
PARCEL_019,2026-02-26,0.86,23.1,4.0,OK,True,MILL_SOUTH,sugarcane,2026-01-18,10.19
PARCEL_006,2026-04-24,0.694,25.2,0.0,OK,True,MILL_WEST,sugarcane,2026-02-11,5.67
PARCEL_009,2026-01-01,0.26,21.3,0.0,OK,True,MILL_EAST,sugarcane,2026-02-18,1.57
PARCEL_018,2026-04-04,0.687,26.3,0.0,OK,True,MILL_SOUTH,sugarcane,2026-01-11,5.82
PARCEL_008,2026-01-13,0.113,27.0,0.0,OK,True,MILL_EAST,sugarcane,2026-01-22,2.98
PARCEL_004,2026-01-27,0.147,21.6,0.0,OK,True,MILL_NORTH,sugarcane,2026-01-02,3.18
PARCEL_010,2026-05-17,0.395,24.8,0.0,OK,True,MILL_EAST,sugarcane,2026-01-07,7.44
PARCEL_024,2026-04-30,0.439,23.6,0.0,OK,True,MILL_EAST,soybean,2026-01-16,5.43
PARCEL_014,2026-01-15,0.271,21.2,0.0,OK,True,MILL_NORTH,sugarcane,2026-01-05,9.39
PARCEL_003,2026-04-24,0.446,18.0,0.0,OK,True,MILL_NORTH,soybean,2026-02-13,5.35
PARCEL_021,2026-03-14,0.302,23.3,1.1,OK,True,MILL_EAST,wheat,2026-02-21,3.58
PARCEL_022,2026-01-03,0.047,23.2,0.5,OK,True,MILL_EAST,sugarcane,2026-01-14,8.04
PARCEL_023,2026-04-16,0.65,16.6,0.0,OK,True,MILL_WEST,sugarcane,2026-01-26,3.55
PARCEL_021,2026-05-27,0.416,21.5,0.0,OK,True,MILL_EAST,wheat,2026-02-21,3.58
PARCEL_001,2026-01-24,0.27,16.2,0.0,OK,True,MILL_NORTH,sugarcane,2026-02-10,9.03
PARCEL_007,2026-05-25,0.465,28.4,0.0,OK,True,MILL_NORTH,sugarcane,2026-01-18,8.53
PARCEL_010,2026-04-17,0.644,22.0,0.0,OK,True,MILL_EAST,sugarcane,2026-01-07,7.44
PARCEL_019,2026-04-11,0.89,22.3,0.0,OK,True,MILL_SOUTH,sugarcane,2026-01-18,10.19
PARCEL_024,2026-05-22,0.639,31.2,5.0,OK,True,MILL_EAST,soybean,2026-01-16,5.43
PARCEL_007,2026-04-27,0.691,28.8,0.0,OK,True,MILL_NORTH,sugarcane,2026-01-18,8.53
PARCEL_019,2026-05-01,0.522,30.7,0.0,OK,True,MILL_SOUTH,sugarcane,2026-01-18,10.19
PARCEL_004,2026-03-14,0.543,15.6,0.0,OK,True,MILL_NORTH,sugarcane,2026-01-02,3.18
PARCEL_013,2026-05-26,0.531,28.9,0.0,OK,True,MILL_EAST,soybean,2026-02-23,2.71
PARCEL_002,2026-04-27,0.538,27.4,0.0,OK,True,MILL_SOUTH,sugarcane,2026-01-16,8.97
PARCEL_021,2026-02-04,0.13,25.2,0.0,OK,True,MILL_EAST,wheat,2026-02-21,3.58
PARCEL_023,2026-01-17,0.17,20.0,4.7,OK,True,MILL_WEST,sugarcane,2026-01-26,3.55
PARCEL_009,2026-04-30,0.733,30.1,0.0,OK,True,MILL_EAST,sugarcane,2026-02-18,1.57
PARCEL_008,2026-01-01,0.31,28.2,11.7,OK,True,MILL_EAST,sugarcane,2026-01-22,2.98
PARCEL_010,2026-03-04,0.606,15.5,3.2,OK,True,MILL_EAST,sugarcane,2026-01-07,7.44
PARCEL_016,2026-02-26,0.222,30.1,0.0,OK,True,MILL_EAST,sugarcane,2026-01-30,4.76
PARCEL_013,2026-01-03,0.155,21.0,0.0,OK,True,MILL_EAST,soybean,2026-02-23,2.71
PARCEL_008,2026-02-09,0.353,21.7,3.3,OK,True,MILL_EAST,sugarcane,2026-01-22,2.98
PARCEL_005,2026-04-25,0.555,24.2,0.0,OK,True,MILL_NORTH,soybean,2026-02-08,2.79
PARCEL_016,2026-02-01,0.395,16.8,0.0,OK,True,MILL_EAST,sugarcane,2026-01-30,4.76
PARCEL_025,2026-05-18,0.604,28.3,0.0,OK,True,MILL_WEST,sugarcane,2026-02-07,3.02
PARCEL_025,2026-01-16,0.13,16.2,0.0,OK,True,MILL_WEST,sugarcane,2026-02-07,3.02
PARCEL_025,2026-05-23,0.72,18.8,0.0,OK,True,MILL_WEST,sugarcane,2026-02-07,3.02
PARCEL_018,2026-02-14,0.825,27.0,0.0,OK,True,MILL_SOUTH,sugarcane,2026-01-11,5.82
PARCEL_004,2026-04-19,0.654,29.5,0.0,OK,True,MILL_NORTH,sugarcane,2026-01-02,3.18
PARCEL_020,2026-04-14,0.834,28.7,0.2,OK,True,MILL_NORTH,sugarcane,2026-02-19,9.95
PARCEL_024,2026-03-15,0.573,19.3,8.2,OK,True,MILL_EAST,soybean,2026-01-16,5.43
PARCEL_003,2026-05-09,0.569,29.3,0.1,OK,True,MILL_NORTH,soybean,2026-02-13,5.35
PARCEL_010,2026-01-11,0.254,25.5,0.0,OK,True,MILL_EAST,sugarcane,2026-01-07,7.44
PARCEL_001,2026-04-25,0.69,28.9,0.0,ERROR,False,MILL_NORTH,sugarcane,2026-02-10,9.03
PARCEL_024,2026-05-19,0.457,18.4,0.0,OK,True,MILL_EAST,soybean,2026-01-16,5.43
PARCEL_012,2026-05-15,0.61,24.9,0.0,BAD_SENSOR,False,MILL_WEST,sugarcane,2026-03-01,6.85
PARCEL_015,2026-02-25,0.671,34.1,0.0,OK,True,MILL_SOUTH,sugarcane,2026-01-06,4.87
PARCEL_022,2026-04-09,0.515,30.1,0.0,OK,True,MILL_EAST,sugarcane,2026-01-14,8.04
PARCEL_005,2026-03-31,0.477,22.2,5.0,OK,True,MILL_NORTH,soybean,2026-02-08,2.79
PARCEL_005,2026-05-14,0.446,35.0,5.5,BAD_SENSOR,False,MILL_NORTH,soybean,2026-02-08,2.79
PARCEL_020,2026-01-11,0.085,29.1,0.0,OK,True,MILL_NORTH,sugarcane,2026-02-19,9.95
PARCEL_013,2026-01-19,0.188,19.3,0.0,OK,True,MILL_EAST,soybean,2026-02-23,2.71
PARCEL_005,2026-03-29,0.595,24.0,0.0,OK,True,MILL_NORTH,soybean,2026-02-08,2.79
PARCEL_025,2026-01-19,0.332,26.1,0.0,OK,True,MILL_WEST,sugarcane,2026-02-07,3.02
PARCEL_003,2026-01-20,0.337,32.7,3.3,OK,True,MILL_NORTH,soybean,2026-02-13,5.35
PARCEL_020,2026-04-20,0.663,26.2,0.0,OK,True,MILL_NORTH,sugarcane,2026-02-19,9.95
PARCEL_021,2026-04-23,0.648,34.4,0.0,OK,True,MILL_EAST,wheat,2026-02-21,3.58
PARCEL_012,2026-05-05,0.655,17.8,4.5,OK,True,MILL_WEST,sugarcane,2026-03-01,6.85
PARCEL_006,2026-01-08,0.111,23.4,0.0,OK,True,MILL_WEST,sugarcane,2026-02-11,5.67
PARCEL_015,2026-04-03,0.871,28.6,0.0,BAD_SENSOR,False,MILL_SOUTH,sugarcane,2026-01-06,4.87
PARCEL_020,2026-03-01,0.168,29.4,0.0,BAD_SENSOR,False,MILL_NORTH,sugarcane,2026-02-19,9.95
PARCEL_004,2026-05-29,0.594,31.5,0.0,OK,True,MILL_NORTH,sugarcane,2026-01-02,3.18
PARCEL_011,2026-03-11,0.416,29.3,0.0,OK,True,MILL_NORTH,wheat,2026-02-21,6.67
PARCEL_019,2026-05-06,0.756,15.4,0.0,OK,True,MILL_SOUTH,sugarcane,2026-01-18,10.19
PARCEL_024,2026-03-03,0.645,31.4,7.3,ERROR,False,MILL_EAST,soybean,2026-01-16,5.43
PARCEL_016,2026-03-15,0.86,18.6,0.0,OK,True,MILL_EAST,sugarcane,2026-01-30,4.76
PARCEL_023,2026-03-26,0.762,25.4,0.0,ERROR,False,MILL_WEST,sugarcane,2026-01-26,3.55
PARCEL_004,2026-03-01,0.705,20.1,4.9,OK,True,MILL_NORTH,sugarcane,2026-01-02,3.18
PARCEL_014,2026-04-18,0.517,20.6,0.0,OK,True,MILL_NORTH,sugarcane,2026-01-05,9.39
PARCEL_013,2026-03-21,0.218,29.3,0.0,OK,True,MILL_EAST,soybean,2026-02-23,2.71
PARCEL_022,2026-02-14,0.728,32.0,0.0,OK,True,MILL_EAST,sugarcane,2026-01-14,8.04
PARCEL_003,2026-05-04,0.485,17.4,3.4,OK,True,MILL_NORTH,soybean,2026-02-13,5.35
PARCEL_005,2026-03-11,0.361,24.9,0.0,OK,True,MILL_NORTH,soybean,2026-02-08,2.79
PARCEL_012,2026-02-14,0.107,19.0,0.0,OK,True,MILL_WEST,sugarcane,2026-03-01,6.85
PARCEL_010,2026-04-24,0.628,27.2,5.4,OK,True,MILL_EAST,sugarcane,2026-01-07,7.44
PARCEL_021,2026-05-15,0.396,21.5,0.0,OK,True,MILL_EAST,wheat,2026-02-21,3.58
PARCEL_020,2026-05-15,0.711,16.2,0.0,OK,True,MILL_NORTH,sugarcane,2026-02-19,9.95
PARCEL_016,2026-04-27,0.843,33.8,0.0,OK,True,MILL_EAST,sugarcane,2026-01-30,4.76
PARCEL_022,2026-02-08,0.292,26.7,3.3,OK,True,MILL_EAST,sugarcane,2026-01-14,8.04
PARCEL_016,2026-02-02,0.23,19.7,0.0,BAD_SENSOR,False,MILL_EAST,sugarcane,2026-01-30,4.76
PARCEL_012,2026-03-14,0.404,16.9,2.0,OK,True,MILL_WEST,sugarcane,2026-03-01,6.85
PARCEL_013,2026-02-13,0.157,30.8,8.3,OK,True,MILL_EAST,soybean,2026-02-23,2.71
PARCEL_019,2026-03-17,0.736,25.9,0.0,BAD_SENSOR,False,MILL_SOUTH,sugarcane,2026-01-18,10.19
PARCEL_024,2026-04-21,0.545,30.8,0.0,OK,True,MILL_EAST,soybean,2026-01-16,5.43
PARCEL_017,2026-02-18,0.601,35.0,0.0,OK,True,MILL_EAST,sugarcane,2026-01-14,7.51
PARCEL_011,2026-05-03,0.575,32.6,0.0,OK,True,MILL_NORTH,wheat,2026-02-21,6.67
PARCEL_021,2026-04-30,0.545,35.3,0.0,OK,True,MILL_EAST,wheat,2026-02-21,3.58
PARCEL_015,2026-02-19,0.597,22.1,0.0,OK,True,MILL_SOUTH,sugarcane,2026-01-06,4.87
PARCEL_004,2026-04-03,0.577,21.7,0.0,OK,True,MILL_NORTH,sugarcane,2026-01-02,3.18
PARCEL_010,2026-03-15,0.737,17.4,0.0,OK,True,MILL_EAST,sugarcane,2026-01-07,7.44
PARCEL_004,2026-01-05,0.411,18.9,0.0,OK,True,MILL_NORTH,sugarcane,2026-01-02,3.18
PARCEL_009,2026-05-29,0.479,17.8,0.0,OK,True,MILL_EAST,sugarcane,2026-02-18,1.57
PARCEL_006,2026-04-30,0.508,34.3,0.0,OK,True,MILL_WEST,sugarcane,2026-02-11,5.67
PARCEL_013,2026-02-25,0.288,25.7,0.0,OK,True,MILL_EAST,soybean,2026-02-23,2.71
PARCEL_019,2026-05-16,0.614,29.8,3.2,ERROR,False,MILL_SOUTH,sugarcane,2026-01-18,10.19
PARCEL_016,2026-03-07,0.741,23.4,0.0,OK,True,MILL_EAST,sugarcane,2026-01-30,4.76
PARCEL_024,2026-01-23,0.231,21.1,0.0,OK,True,MILL_EAST,soybean,2026-01-16,5.43
PARCEL_002,2026-01-11,0.282,17.9,0.0,OK,True,MILL_SOUTH,sugarcane,2026-01-16,8.97
PARCEL_002,2026-01-21,0.22,26.1,0.0,OK,True,MILL_SOUTH,sugarcane,2026-01-16,8.97
PARCEL_018,2026-05-25,0.351,27.1,0.0,OK,True,MILL_SOUTH,sugarcane,2026-01-11,5.82
PARCEL_005,2026-05-02,0.451,30.0,0.0,OK,True,MILL_NORTH,soybean,2026-02-08,2.79
PARCEL_017,2026-04-22,0.751,26.7,4.1,OK,True,MILL_EAST,sugarcane,2026-01-14,7.51
PARCEL_018,2026-03-24,0.676,20.2,0.0,OK,True,MILL_SOUTH,sugarcane,2026-01-11,5.82
PARCEL_016,2026-04-08,0.535,31.9,0.0,OK,True,MILL_EAST,sugarcane,2026-01-30,4.76
PARCEL_001,2026-04-08,0.545,18.4,0.0,OK,True,MILL_NORTH,sugarcane,2026-02-10,9.03
PARCEL_008,2026-02-21,0.803,16.4,0.0,OK,True,MILL_EAST,sugarcane,2026-01-22,2.98
PARCEL_018,2026-01-30,0.353,25.3,9.8,OK,True,MILL_SOUTH,sugarcane,2026-01-11,5.82
PARCEL_015,2026-03-07,0.66,22.9,0.0,OK,True,MILL_SOUTH,sugarcane,2026-01-06,4.87
PARCEL_018,2026-03-30,0.593,17.8,0.0,OK,True,MILL_SOUTH,sugarcane,2026-01-11,5.82
PARCEL_009,2026-05-10,0.678,25.5,0.0,OK,True,MILL_EAST,sugarcane,2026-02-18,1.57
PARCEL_013,2026-03-05,0.222,34.4,0.0,BAD_SENSOR,False,MILL_EAST,soybean,2026-02-23,2.71
PARCEL_002,2026-04-12,0.618,15.8,0.0,OK,True,MILL_SOUTH,sugarcane,2026-01-16,8.97
PARCEL_005,2026-04-21,0.592,31.1,0.0,OK,True,MILL_NORTH,soybean,2026-02-08,2.79
PARCEL_007,2026-05-09,0.649,27.4,0.0,OK,True,MILL_NORTH,sugarcane,2026-01-18,8.53
PARCEL_019,2026-03-12,0.689,32.4,0.0,OK,True,MILL_SOUTH,sugarcane,2026-01-18,10.19
PARCEL_001,2026-05-11,0.585,32.3,0.0,OK,True,MILL_NORTH,sugarcane,2026-02-10,9.03
PARCEL_010,2026-05-31,0.458,33.1,3.6,OK,True,MILL_EAST,sugarcane,2026-01-07,7.44
PARCEL_021,2026-05-01,0.692,32.7,0.0,OK,True,MILL_EAST,wheat,2026-02-21,3.58
PARCEL_017,2026-05-12,0.488,15.7,0.0,OK,True,MILL_EAST,sugarcane,2026-01-14,7.51
PARCEL_011,2026-02-21,0.465,19.0,7.2,OK,True,MILL_NORTH,wheat,2026-02-21,6.67
PARCEL_018,2026-03-04,0.603,31.1,0.0,OK,True,MILL_SOUTH,sugarcane,2026-01-11,5.82
PARCEL_014,2026-02-23,0.572,18.0,0.0,OK,True,MILL_NORTH,sugarcane,2026-01-05,9.39
PARCEL_020,2026-04-10,0.639,25.5,5.1,OK,True,MILL_NORTH,sugarcane,2026-02-19,9.95
PARCEL_003,2026-02-08,0.167,26.4,0.0,OK,True,MILL_NORTH,soybean,2026-02-13,5.35
PARCEL_006,2026-01-16,0.085,33.5,2.5,OK,True,MILL_WEST,sugarcane,2026-02-11,5.67
PARCEL_006,2026-01-03,0.262,29.6,0.0,BAD_SENSOR,False,MILL_WEST,sugarcane,2026-02-11,5.67
PARCEL_015,2026-05-27,0.443,20.0,0.0,OK,True,MILL_SOUTH,sugarcane,2026-01-06,4.87
PARCEL_018,2026-04-30,0.414,15.6,5.1,OK,True,MILL_SOUTH,sugarcane,2026-01-11,5.82
PARCEL_004,2026-04-25,0.639,16.8,0.0,OK,True,MILL_NORTH,sugarcane,2026-01-02,3.18
PARCEL_023,2026-05-25,0.498,26.6,3.8,OK,True,MILL_WEST,sugarcane,2026-01-26,3.55
PARCEL_015,2026-02-14,0.707,21.3,0.0,OK,True,MILL_SOUTH,sugarcane,2026-01-06,4.87
PARCEL_020,2026-01-22,0.238,31.3,0.0,OK,True,MILL_NORTH,sugarcane,2026-02-19,9.95
PARCEL_017,2026-03-12,0.592,33.1,0.0,OK,True,MILL_EAST,sugarcane,2026-01-14,7.51
PARCEL_006,2026-01-20,0.237,31.0,0.0,OK,True,MILL_WEST,sugarcane,2026-02-11,5.67
PARCEL_013,2026-04-08,0.613,27.0,0.0,OK,True,MILL_EAST,soybean,2026-02-23,2.71
PARCEL_018,2026-01-15,0.377,33.2,0.0,OK,True,MILL_SOUTH,sugarcane,2026-01-11,5.82
PARCEL_002,2026-02-14,0.245,20.2,0.0,OK,True,MILL_SOUTH,sugarcane,2026-01-16,8.97
PARCEL_023,2026-01-21,0.168,18.1,0.0,OK,True,MILL_WEST,sugarcane,2026-01-26,3.55
PARCEL_004,2026-01-02,0.172,22.6,0.0,OK,True,MILL_NORTH,sugarcane,2026-01-02,3.18
PARCEL_004,2026-02-17,0.756,18.4,1.9,OK,True,MILL_NORTH,sugarcane,2026-01-02,3.18
PARCEL_022,2026-05-20,0.529,18.4,0.0,OK,True,MILL_EAST,sugarcane,2026-01-14,8.04
PARCEL_010,2026-04-08,0.429,20.4,0.0,OK,True,MILL_EAST,sugarcane,2026-01-07,7.44
PARCEL_022,2026-04-14,0.489,33.3,0.0,OK,True,MILL_EAST,sugarcane,2026-01-14,8.04
PARCEL_023,2026-04-29,0.462,18.4,0.0,OK,True,MILL_WEST,sugarcane,2026-01-26,3.55
PARCEL_024,2026-03-10,0.464,16.7,0.0,OK,True,MILL_EAST,soybean,2026-01-16,5.43
PARCEL_018,2026-03-06,0.674,26.3,0.0,OK,True,MILL_SOUTH,sugarcane,2026-01-11,5.82
PARCEL_020,2026-05-11,0.691,31.7,0.0,OK,True,MILL_NORTH,sugarcane,2026-02-19,9.95
PARCEL_003,2026-04-14,0.573,19.9,0.0,OK,True,MILL_NORTH,soybean,2026-02-13,5.35
PARCEL_002,2026-02-15,0.63,18.2,0.0,OK,True,MILL_SOUTH,sugarcane,2026-01-16,8.97
PARCEL_004,2026-04-21,0.616,21.4,0.0,OK,True,MILL_NORTH,sugarcane,2026-01-02,3.18
PARCEL_024,2026-01-20,0.191,21.4,2.6,OK,True,MILL_EAST,soybean,2026-01-16,5.43
PARCEL_013,2026-02-28,0.4,16.5,0.0,OK,True,MILL_EAST,soybean,2026-02-23,2.71
PARCEL_014,2026-03-05,0.542,24.3,0.0,ERROR,False,MILL_NORTH,sugarcane,2026-01-05,9.39
PARCEL_024,2026-03-04,0.484,20.5,0.0,OK,True,MILL_EAST,soybean,2026-01-16,5.43
PARCEL_004,2026-04-14,0.416,28.8,0.0,OK,True,MILL_NORTH,sugarcane,2026-01-02,3.18
PARCEL_024,2026-05-09,0.524,27.8,0.0,OK,True,MILL_EAST,soybean,2026-01-16,5.43
PARCEL_021,2026-02-23,0.239,30.7,0.0,OK,True,MILL_EAST,wheat,2026-02-21,3.58
PARCEL_023,2026-02-04,0.188,15.9,0.0,OK,True,MILL_WEST,sugarcane,2026-01-26,3.55
PARCEL_004,2026-03-30,0.718,16.6,0.0,OK,True,MILL_NORTH,sugarcane,2026-01-02,3.18
PARCEL_014,2026-03-26,0.772,31.6,5.6,OK,True,MILL_NORTH,sugarcane,2026-01-05,9.39
PARCEL_017,2026-04-12,0.776,26.5,0.0,OK,True,MILL_EAST,sugarcane,2026-01-14,7.51
PARCEL_002,2026-04-07,0.794,32.4,1.6,OK,True,MILL_SOUTH,sugarcane,2026-01-16,8.97
PARCEL_022,2026-03-30,0.631,15.8,0.0,OK,True,MILL_EAST,sugarcane,2026-01-14,8.04
PARCEL_019,2026-04-04,0.508,18.6,0.4,OK,True,MILL_SOUTH,sugarcane,2026-01-18,10.19
PARCEL_021,2026-05-13,0.551,26.5,0.0,OK,True,MILL_EAST,wheat,2026-02-21,3.58
PARCEL_022,2026-05-09,0.649,27.5,0.0,OK,True,MILL_EAST,sugarcane,2026-01-14,8.04
PARCEL_012,2026-05-01,0.758,21.3,0.0,OK,True,MILL_WEST,sugarcane,2026-03-01,6.85
PARCEL_012,2026-02-05,0.254,23.9,0.0,OK,True,MILL_WEST,sugarcane,2026-03-01,6.85
PARCEL_002,2026-04-04,0.873,24.0,0.0,ERROR,False,MILL_SOUTH,sugarcane,2026-01-16,8.97
PARCEL_016,2026-01-01,0.008,21.9,0.0,OK,True,MILL_EAST,sugarcane,2026-01-30,4.76
PARCEL_013,2026-05-15,0.539,18.8,6.6,OK,True,MILL_EAST,soybean,2026-02-23,2.71
PARCEL_022,2026-02-13,0.722,22.6,0.0,OK,True,MILL_EAST,sugarcane,2026-01-14,8.04
PARCEL_011,2026-05-23,0.448,33.0,3.0,BAD_SENSOR,False,MILL_NORTH,wheat,2026-02-21,6.67
PARCEL_002,2026-01-24,0.312,35.0,0.0,OK,True,MILL_SOUTH,sugarcane,2026-01-16,8.97
PARCEL_007,2026-03-09,0.906,18.0,0.0,OK,True,MILL_NORTH,sugarcane,2026-01-18,8.53
PARCEL_025,2026-03-13,0.82,33.1,0.0,OK,True,MILL_WEST,sugarcane,2026-02-07,3.02
PARCEL_002,2026-05-06,0.615,31.7,0.0,OK,True,MILL_SOUTH,sugarcane,2026-01-16,8.97
PARCEL_006,2026-03-25,0.739,22.6,0.0,OK,True,MILL_WEST,sugarcane,2026-02-11,5.67
PARCEL_008,2026-02-03,0.362,16.3,0.0,OK,True,MILL_EAST,sugarcane,2026-01-22,2.98
PARCEL_008,2026-02-14,0.351,33.9,0.0,OK,True,MILL_EAST,sugarcane,2026-01-22,2.98
PARCEL_001,2026-01-14,0.214,32.1,0.0,OK,True,MILL_NORTH,sugarcane,2026-02-10,9.03
PARCEL_005,2026-04-16,0.508,22.2,4.6,OK,True,MILL_NORTH,soybean,2026-02-08,2.79
PARCEL_001,2026-04-14,0.696,17.0,0.0,ERROR,False,MILL_NORTH,sugarcane,2026-02-10,9.03
PARCEL_021,2026-01-18,0.196,21.6,0.0,OK,True,MILL_EAST,wheat,2026-02-21,3.58
PARCEL_021,2026-04-16,0.577,21.2,0.0,OK,True,MILL_EAST,wheat,2026-02-21,3.58
PARCEL_013,2026-03-20,0.342,27.2,0.0,OK,True,MILL_EAST,soybean,2026-02-23,2.71
PARCEL_024,2026-02-05,0.326,27.2,0.0,ERROR,False,MILL_EAST,soybean,2026-01-16,5.43
PARCEL_013,2026-04-11,0.374,31.2,0.0,OK,True,MILL_EAST,soybean,2026-02-23,2.71
PARCEL_002,2026-03-04,0.744,29.5,0.0,OK,True,MILL_SOUTH,sugarcane,2026-01-16,8.97
PARCEL_007,2026-03-12,0.844,24.7,6.8,ERROR,False,MILL_NORTH,sugarcane,2026-01-18,8.53
PARCEL_015,2026-01-19,0.324,22.7,0.0,OK,True,MILL_SOUTH,sugarcane,2026-01-06,4.87
PARCEL_012,2026-01-14,0.231,21.2,0.0,OK,True,MILL_WEST,sugarcane,2026-03-01,6.85
PARCEL_006,2026-02-18,0.161,16.9,0.0,OK,True,MILL_WEST,sugarcane,2026-02-11,5.67
PARCEL_003,2026-04-16,0.605,29.1,0.0,OK,True,MILL_NORTH,soybean,2026-02-13,5.35
PARCEL_001,2026-02-14,0.434,18.9,0.0,OK,True,MILL_NORTH,sugarcane,2026-02-10,9.03
PARCEL_008,2026-01-20,0.191,29.8,0.0,OK,True,MILL_EAST,sugarcane,2026-01-22,2.98
PARCEL_014,2026-03-13,0.643,16.1,3.3,OK,True,MILL_NORTH,sugarcane,2026-01-05,9.39
PARCEL_022,2026-05-03,0.601,29.4,0.0,OK,True,MILL_EAST,sugarcane,2026-01-14,8.04
PARCEL_021,2026-03-22,0.213,28.1,0.0,OK,True,MILL_EAST,wheat,2026-02-21,3.58
PARCEL_022,2026-05-02,0.536,35.2,0.0,OK,True,MILL_EAST,sugarcane,2026-01-14,8.04
PARCEL_020,2026-02-13,0.211,31.5,0.0,OK,True,MILL_NORTH,sugarcane,2026-02-19,9.95
PARCEL_025,2026-03-26,0.635,24.1,0.0,OK,True,MILL_WEST,sugarcane,2026-02-07,3.02
PARCEL_015,2026-01-04,0.18,22.6,7.5,OK,True,MILL_SOUTH,sugarcane,2026-01-06,4.87
PARCEL_005,2026-03-09,0.373,34.0,0.0,OK,True,MILL_NORTH,soybean,2026-02-08,2.79
PARCEL_006,2026-02-14,0.358,16.5,1.8,OK,True,MILL_WEST,sugarcane,2026-02-11,5.67
PARCEL_020,2026-01-29,0.244,17.1,0.0,BAD_SENSOR,False,MILL_NORTH,sugarcane,2026-02-19,9.95
PARCEL_015,2026-05-16,0.505,32.0,0.0,OK,True,MILL_SOUTH,sugarcane,2026-01-06,4.87
PARCEL_023,2026-04-07,0.808,15.8,3.3,OK,True,MILL_WEST,sugarcane,2026-01-26,3.55
PARCEL_020,2026-05-20,0.585,24.6,0.0,OK,True,MILL_NORTH,sugarcane,2026-02-19,9.95
PARCEL_024,2026-03-30,0.443,22.0,0.0,OK,True,MILL_EAST,soybean,2026-01-16,5.43
PARCEL_025,2026-03-19,0.821,20.7,0.0,OK,True,MILL_WEST,sugarcane,2026-02-07,3.02
PARCEL_023,2026-03-20,0.682,26.2,0.0,ERROR,False,MILL_WEST,sugarcane,2026-01-26,3.55
PARCEL_022,2026-01-15,0.37,16.7,0.0,OK,True,MILL_EAST,sugarcane,2026-01-14,8.04
PARCEL_013,2026-05-14,0.504,33.4,0.0,OK,True,MILL_EAST,soybean,2026-02-23,2.71
PARCEL_002,2026-01-25,0.425,17.7,0.0,BAD_SENSOR,False,MILL_SOUTH,sugarcane,2026-01-16,8.97
PARCEL_018,2026-01-29,0.298,27.1,0.0,OK,True,MILL_SOUTH,sugarcane,2026-01-11,5.82
PARCEL_001,2026-04-06,0.77,25.0,0.0,OK,True,MILL_NORTH,sugarcane,2026-02-10,9.03
PARCEL_007,2026-01-11,0.305,15.9,0.0,BAD_SENSOR,False,MILL_NORTH,sugarcane,2026-01-18,8.53
PARCEL_001,2026-01-04,0.342,27.0,0.0,OK,True,MILL_NORTH,sugarcane,2026-02-10,9.03
PARCEL_024,2026-04-01,0.557,34.9,0.0,OK,True,MILL_EAST,soybean,2026-01-16,5.43
PARCEL_024,2026-01-08,0.156,30.4,0.0,OK,True,MILL_EAST,soybean,2026-01-16,5.43
PARCEL_015,2026-04-14,0.46,21.2,0.0,OK,True,MILL_SOUTH,sugarcane,2026-01-06,4.87
PARCEL_002,2026-05-18,0.541,31.6,5.4,OK,True,MILL_SOUTH,sugarcane,2026-01-16,8.97
PARCEL_018,2026-04-23,0.412,23.5,0.0,OK,True,MILL_SOUTH,sugarcane,2026-01-11,5.82
PARCEL_001,2026-04-20,0.793,32.1,4.1,OK,True,MILL_NORTH,sugarcane,2026-02-10,9.03
PARCEL_021,2026-02-16,0.288,23.5,0.0,OK,True,MILL_EAST,wheat,2026-02-21,3.58
PARCEL_008,2026-02-26,0.612,33.5,0.0,OK,True,MILL_EAST,sugarcane,2026-01-22,2.98
PARCEL_012,2026-03-15,0.377,16.7,3.5,ERROR,False,MILL_WEST,sugarcane,2026-03-01,6.85
PARCEL_021,2026-04-03,0.524,28.0,0.0,OK,True,MILL_EAST,wheat,2026-02-21,3.58
PARCEL_023,2026-04-13,0.82,20.1,0.0,OK,True,MILL_WEST,sugarcane,2026-01-26,3.55
PARCEL_015,2026-01-25,0.216,32.3,0.0,BAD_SENSOR,False,MILL_SOUTH,sugarcane,2026-01-06,4.87
PARCEL_008,2026-01-26,0.141,25.0,0.0,OK,True,MILL_EAST,sugarcane,2026-01-22,2.98
PARCEL_008,2026-03-24,0.76,21.6,7.2,ERROR,False,MILL_EAST,sugarcane,2026-01-22,2.98
PARCEL_009,2026-03-13,0.151,15.7,0.0,OK,True,MILL_EAST,sugarcane,2026-02-18,1.57
PARCEL_012,2026-01-02,0.168,19.7,2.7,BAD_SENSOR,False,MILL_WEST,sugarcane,2026-03-01,6.85
PARCEL_014,2026-02-10,0.85,16.1,0.0,OK,True,MILL_NORTH,sugarcane,2026-01-05,9.39
PARCEL_015,2026-03-13,0.552,16.9,0.0,OK,True,MILL_SOUTH,sugarcane,2026-01-06,4.87
PARCEL_004,2026-05-23,0.309,19.3,0.0,OK,True,MILL_NORTH,sugarcane,2026-01-02,3.18
PARCEL_013,2026-02-04,0.138,29.1,0.0,OK,True,MILL_EAST,soybean,2026-02-23,2.71
PARCEL_011,2026-01-15,0.194,34.1,0.0,OK,True,MILL_NORTH,wheat,2026-02-21,6.67
PARCEL_012,2026-04-23,0.675,25.1,0.0,OK,True,MILL_WEST,sugarcane,2026-03-01,6.85
PARCEL_016,2026-02-21,0.283,29.2,0.0,OK,True,MILL_EAST,sugarcane,2026-01-30,4.76
PARCEL_005,2026-05-03,0.587,15.5,0.0,OK,True,MILL_NORTH,soybean,2026-02-08,2.79
PARCEL_022,2026-05-16,0.492,17.6,0.0,OK,True,MILL_EAST,sugarcane,2026-01-14,8.04
PARCEL_004,2026-02-22,0.509,21.7,0.0,OK,True,MILL_NORTH,sugarcane,2026-01-02,3.18
PARCEL_016,2026-03-23,0.746,27.0,0.0,OK,True,MILL_EAST,sugarcane,2026-01-30,4.76
PARCEL_002,2026-03-17,0.839,29.3,2.4,OK,True,MILL_SOUTH,sugarcane,2026-01-16,8.97
PARCEL_010,2026-03-08,0.73,25.2,0.0,OK,True,MILL_EAST,sugarcane,2026-01-07,7.44
PARCEL_006,2026-04-10,0.753,24.0,0.0,OK,True,MILL_WEST,sugarcane,2026-02-11,5.67
PARCEL_006,2026-01-22,0.219,30.8,0.0,OK,True,MILL_WEST,sugarcane,2026-02-11,5.67
PARCEL_001,2026-02-20,0.348,24.9,0.0,OK,True,MILL_NORTH,sugarcane,2026-02-10,9.03
PARCEL_010,2026-05-15,0.615,22.6,5.4,OK,True,MILL_EAST,sugarcane,2026-01-07,7.44
PARCEL_006,2026-02-09,0.138,30.9,0.0,OK,True,MILL_WEST,sugarcane,2026-02-11,5.67
PARCEL_018,2026-02-17,0.654,17.2,0.0,OK,True,MILL_SOUTH,sugarcane,2026-01-11,5.82
PARCEL_023,2026-02-26,0.713,18.2,0.0,OK,True,MILL_WEST,sugarcane,2026-01-26,3.55
PARCEL_012,2026-05-31,0.31,33.9,0.0,OK,True,MILL_WEST,sugarcane,2026-03-01,6.85
PARCEL_025,2026-04-09,0.538,16.0,0.1,OK,True,MILL_WEST,sugarcane,2026-02-07,3.02
PARCEL_010,2026-03-18,0.733,34.5,0.0,OK,True,MILL_EAST,sugarcane,2026-01-07,7.44
PARCEL_024,2026-05-23,0.45,16.6,0.0,OK,True,MILL_EAST,soybean,2026-01-16,5.43
PARCEL_025,2026-01-26,0.231,17.9,0.0,OK,True,MILL_WEST,sugarcane,2026-02-07,3.02
PARCEL_023,2026-01-07,0.12,18.1,0.0,OK,True,MILL_WEST,sugarcane,2026-01-26,3.55
PARCEL_020,2026-05-28,0.712,28.5,0.0,OK,True,MILL_NORTH,sugarcane,2026-02-19,9.95
PARCEL_021,2026-02-03,0.211,17.4,0.0,OK,True,MILL_EAST,wheat,2026-02-21,3.58
PARCEL_002,2026-03-14,0.604,17.7,0.0,OK,True,MILL_SOUTH,sugarcane,2026-01-16,8.97
PARCEL_016,2026-04-14,0.742,26.9,0.0,OK,True,MILL_EAST,sugarcane,2026-01-30,4.76
PARCEL_004,2026-04-24,0.563,23.2,0.0,OK,True,MILL_NORTH,sugarcane,2026-01-02,3.18
PARCEL_024,2026-03-16,0.49,24.2,0.0,OK,True,MILL_EAST,soybean,2026-01-16,5.43
PARCEL_016,2026-03-05,0.681,19.1,0.0,OK,True,MILL_EAST,sugarcane,2026-01-30,4.76
PARCEL_024,2026-01-02,0.156,31.6,0.0,OK,True,MILL_EAST,soybean,2026-01-16,5.43
PARCEL_002,2026-02-16,0.788,25.7,2.1,OK,True,MILL_SOUTH,sugarcane,2026-01-16,8.97
PARCEL_003,2026-02-12,0.241,23.7,0.0,OK,True,MILL_NORTH,soybean,2026-02-13,5.35
PARCEL_016,2026-01-17,0.168,26.5,0.0,OK,True,MILL_EAST,sugarcane,2026-01-30,4.76
PARCEL_001,2026-05-21,0.382,15.7,0.0,BAD_SENSOR,False,MILL_NORTH,sugarcane,2026-02-10,9.03
PARCEL_017,2026-03-05,0.823,18.5,0.9,OK,True,MILL_EAST,sugarcane,2026-01-14,7.51
PARCEL_004,2026-05-02,0.393,30.4,0.0,OK,True,MILL_NORTH,sugarcane,2026-01-02,3.18
PARCEL_004,2026-04-26,0.469,26.9,0.0,OK,True,MILL_NORTH,sugarcane,2026-01-02,3.18
PARCEL_024,2026-02-09,0.312,16.9,0.0,OK,True,MILL_EAST,soybean,2026-01-16,5.43
PARCEL_015,2026-03-01,0.797,20.6,0.0,OK,True,MILL_SOUTH,sugarcane,2026-01-06,4.87
PARCEL_019,2026-03-26,0.652,34.0,0.0,OK,True,MILL_SOUTH,sugarcane,2026-01-18,10.19
PARCEL_017,2026-03-10,0.496,28.8,0.0,OK,True,MILL_EAST,sugarcane,2026-01-14,7.51
PARCEL_007,2026-02-02,0.461,24.1,0.0,OK,True,MILL_NORTH,sugarcane,2026-01-18,8.53
PARCEL_006,2026-03-27,0.6,25.4,0.0,OK,True,MILL_WEST,sugarcane,2026-02-11,5.67
PARCEL_001,2026-03-27,0.755,34.9,0.0,OK,True,MILL_NORTH,sugarcane,2026-02-10,9.03
PARCEL_015,2026-02-17,0.709,26.3,0.0,ERROR,False,MILL_SOUTH,sugarcane,2026-01-06,4.87
PARCEL_003,2026-03-16,0.609,18.6,2.7,OK,True,MILL_NORTH,soybean,2026-02-13,5.35
PARCEL_004,2026-02-23,0.614,22.7,0.0,OK,True,MILL_NORTH,sugarcane,2026-01-02,3.18
PARCEL_016,2026-05-17,0.472,26.6,0.0,OK,True,MILL_EAST,sugarcane,2026-01-30,4.76
PARCEL_013,2026-03-24,0.218,26.1,0.0,OK,True,MILL_EAST,soybean,2026-02-23,2.71
PARCEL_004,2026-05-26,0.39,25.9,9.4,OK,True,MILL_NORTH,sugarcane,2026-01-02,3.18
PARCEL_010,2026-01-10,0.398,28.4,0.0,OK,True,MILL_EAST,sugarcane,2026-01-07,7.44
PARCEL_004,2026-05-07,0.409,31.8,0.0,OK,True,MILL_NORTH,sugarcane,2026-01-02,3.18
PARCEL_010,2026-04-03,0.727,30.1,3.5,OK,True,MILL_EAST,sugarcane,2026-01-07,7.44
PARCEL_004,2026-05-19,0.669,24.1,0.0,OK,True,MILL_NORTH,sugarcane,2026-01-02,3.18
PARCEL_007,2026-03-02,0.745,34.3,0.0,OK,True,MILL_NORTH,sugarcane,2026-01-18,8.53
PARCEL_012,2026-02-06,0.099,29.3,0.0,OK,True,MILL_WEST,sugarcane,2026-03-01,6.85
PARCEL_008,2026-02-02,0.421,30.1,0.0,OK,True,MILL_EAST,sugarcane,2026-01-22,2.98
PARCEL_013,2026-04-24,0.428,16.7,7.3,OK,True,MILL_EAST,soybean,2026-02-23,2.71
PARCEL_006,2026-05-29,0.475,21.5,0.0,OK,True,MILL_WEST,sugarcane,2026-02-11,5.67
PARCEL_019,2026-05-28,0.429,33.5,0.0,OK,True,MILL_SOUTH,sugarcane,2026-01-18,10.19
PARCEL_016,2026-02-28,0.233,29.0,0.0,OK,True,MILL_EAST,sugarcane,2026-01-30,4.76
PARCEL_006,2026-01-14,0.046,20.7,0.0,OK,True,MILL_WEST,sugarcane,2026-02-11,5.67
PARCEL_006,2026-02-21,0.246,25.7,0.0,OK,True,MILL_WEST,sugarcane,2026-02-11,5.67
PARCEL_023,2026-02-27,0.53,23.1,0.0,OK,True,MILL_WEST,sugarcane,2026-01-26,3.55
PARCEL_011,2026-01-26,0.14,21.7,0.0,OK,True,MILL_NORTH,wheat,2026-02-21,6.67
PARCEL_006,2026-05-05,0.572,19.5,0.0,OK,True,MILL_WEST,sugarcane,2026-02-11,5.67
PARCEL_019,2026-01-26,0.388,35.0,0.0,OK,True,MILL_SOUTH,sugarcane,2026-01-18,10.19
PARCEL_024,2026-03-20,0.524,18.9,0.0,OK,True,MILL_EAST,soybean,2026-01-16,5.43
PARCEL_016,2026-05-30,0.509,33.6,0.0,OK,True,MILL_EAST,sugarcane,2026-01-30,4.76
PARCEL_011,2026-01-02,0.217,20.9,0.0,OK,True,MILL_NORTH,wheat,2026-02-21,6.67
PARCEL_010,2026-05-01,0.501,26.8,0.0,ERROR,False,MILL_EAST,sugarcane,2026-01-07,7.44
PARCEL_007,2026-01-05,0.156,25.6,0.0,OK,True,MILL_NORTH,sugarcane,2026-01-18,8.53
PARCEL_021,2026-04-19,0.616,21.4,0.0,OK,True,MILL_EAST,wheat,2026-02-21,3.58
PARCEL_007,2026-04-28,0.594,25.2,0.0,OK,True,MILL_NORTH,sugarcane,2026-01-18,8.53
PARCEL_023,2026-01-13,0.168,20.7,0.0,OK,True,MILL_WEST,sugarcane,2026-01-26,3.55
PARCEL_016,2026-01-23,0.109,20.7,0.0,OK,True,MILL_EAST,sugarcane,2026-01-30,4.76
PARCEL_018,2026-03-15,0.669,27.4,0.0,OK,True,MILL_SOUTH,sugarcane,2026-01-11,5.82
PARCEL_006,2026-05-04,0.863,27.6,0.0,OK,True,MILL_WEST,sugarcane,2026-02-11,5.67
PARCEL_016,2026-01-09,0.189,33.1,0.0,OK,True,MILL_EAST,sugarcane,2026-01-30,4.76
PARCEL_005,2026-05-25,0.621,16.1,0.0,OK,True,MILL_NORTH,soybean,2026-02-08,2.79
PARCEL_025,2026-05-25,0.464,35.3,0.0,OK,True,MILL_WEST,sugarcane,2026-02-07,3.02
PARCEL_014,2026-01-26,0.325,21.6,0.0,OK,True,MILL_NORTH,sugarcane,2026-01-05,9.39
PARCEL_021,2026-05-16,0.418,35.1,0.0,OK,True,MILL_EAST,wheat,2026-02-21,3.58
PARCEL_004,2026-04-11,0.539,22.9,0.0,OK,True,MILL_NORTH,sugarcane,2026-01-02,3.18
PARCEL_008,2026-03-25,0.604,19.9,7.4,OK,True,MILL_EAST,sugarcane,2026-01-22,2.98
PARCEL_008,2026-03-14,0.458,21.0,0.0,OK,True,MILL_EAST,sugarcane,2026-01-22,2.98
PARCEL_020,2026-04-28,0.669,19.4,0.0,OK,True,MILL_NORTH,sugarcane,2026-02-19,9.95
PARCEL_008,2026-05-09,0.438,15.9,3.6,OK,True,MILL_EAST,sugarcane,2026-01-22,2.98
PARCEL_015,2026-03-15,0.666,26.9,0.0,OK,True,MILL_SOUTH,sugarcane,2026-01-06,4.87
PARCEL_020,2026-05-07,0.763,16.6,0.0,OK,True,MILL_NORTH,sugarcane,2026-02-19,9.95
PARCEL_007,2026-02-08,0.138,16.5,0.0,OK,True,MILL_NORTH,sugarcane,2026-01-18,8.53
PARCEL_024,2026-02-19,0.523,33.6,0.0,OK,True,MILL_EAST,soybean,2026-01-16,5.43
PARCEL_004,2026-01-08,0.408,25.6,0.0,OK,True,MILL_NORTH,sugarcane,2026-01-02,3.18
PARCEL_001,2026-05-27,0.469,24.1,0.0,OK,True,MILL_NORTH,sugarcane,2026-02-10,9.03
PARCEL_011,2026-01-23,0.033,30.1,0.0,OK,True,MILL_NORTH,wheat,2026-02-21,6.67
PARCEL_019,2026-04-03,0.721,23.6,0.0,OK,True,MILL_SOUTH,sugarcane,2026-01-18,10.19
PARCEL_015,2026-01-31,0.282,32.0,0.0,OK,True,MILL_SOUTH,sugarcane,2026-01-06,4.87
PARCEL_025,2026-02-12,0.337,25.8,0.0,OK,True,MILL_WEST,sugarcane,2026-02-07,3.02
PARCEL_009,2026-03-03,0.189,16.8,0.0,OK,True,MILL_EAST,sugarcane,2026-02-18,1.57
PARCEL_011,2026-04-10,0.648,22.1,5.4,OK,True,MILL_NORTH,wheat,2026-02-21,6.67
PARCEL_017,2026-05-28,0.544,19.9,0.0,ERROR,False,MILL_EAST,sugarcane,2026-01-14,7.51
PARCEL_024,2026-02-26,0.447,15.9,0.0,OK,True,MILL_EAST,soybean,2026-01-16,5.43
PARCEL_004,2026-01-17,0.299,16.6,0.0,ERROR,False,MILL_NORTH,sugarcane,2026-01-02,3.18
PARCEL_008,2026-01-06,0.277,25.8,0.6,OK,True,MILL_EAST,sugarcane,2026-01-22,2.98
PARCEL_004,2026-02-27,0.573,16.2,0.0,BAD_SENSOR,False,MILL_NORTH,sugarcane,2026-01-02,3.18
PARCEL_001,2026-04-30,0.753,35.1,0.0,OK,True,MILL_NORTH,sugarcane,2026-02-10,9.03
PARCEL_022,2026-02-15,0.666,23.4,5.0,OK,True,MILL_EAST,sugarcane,2026-01-14,8.04
PARCEL_024,2026-02-18,0.323,19.8,0.0,OK,True,MILL_EAST,soybean,2026-01-16,5.43
PARCEL_008,2026-02-27,0.688,15.8,0.0,OK,True,MILL_EAST,sugarcane,2026-01-22,2.98
PARCEL_012,2026-04-22,0.669,18.5,0.8,OK,True,MILL_WEST,sugarcane,2026-03-01,6.85
PARCEL_024,2026-02-01,0.182,33.2,0.0,OK,True,MILL_EAST,soybean,2026-01-16,5.43
PARCEL_005,2026-01-01,0.174,17.8,0.0,OK,True,MILL_NORTH,soybean,2026-02-08,2.79
PARCEL_024,2026-04-27,0.39,30.1,0.0,OK,True,MILL_EAST,soybean,2026-01-16,5.43
PARCEL_010,2026-04-18,0.561,27.4,0.0,OK,True,MILL_EAST,sugarcane,2026-01-07,7.44
PARCEL_010,2026-03-14,0.605,32.0,0.0,OK,True,MILL_EAST,sugarcane,2026-01-07,7.44
PARCEL_010,2026-04-27,0.422,30.8,0.0,OK,True,MILL_EAST,sugarcane,2026-01-07,7.44
PARCEL_021,2026-05-29,0.479,20.6,0.0,OK,True,MILL_EAST,wheat,2026-02-21,3.58
PARCEL_014,2026-04-25,0.519,35.4,0.0,OK,True,MILL_NORTH,sugarcane,2026-01-05,9.39
PARCEL_019,2026-03-04,0.682,24.4,0.0,OK,True,MILL_SOUTH,sugarcane,2026-01-18,10.19
PARCEL_003,2026-01-11,0.34,18.3,0.0,ERROR,False,MILL_NORTH,soybean,2026-02-13,5.35
PARCEL_003,2026-04-19,0.483,35.2,0.0,OK,True,MILL_NORTH,soybean,2026-02-13,5.35
PARCEL_016,2026-04-19,0.646,26.2,0.0,OK,True,MILL_EAST,sugarcane,2026-01-30,4.76
PARCEL_019,2026-04-21,0.481,24.0,0.0,OK,True,MILL_SOUTH,sugarcane,2026-01-18,10.19
PARCEL_002,2026-05-03,0.705,35.0,0.0,OK,True,MILL_SOUTH,sugarcane,2026-01-16,8.97
PARCEL_001,2026-05-26,0.479,28.9,0.0,OK,True,MILL_NORTH,sugarcane,2026-02-10,9.03
PARCEL_011,2026-01-06,0.143,35.0,5.3,OK,True,MILL_NORTH,wheat,2026-02-21,6.67
PARCEL_019,2026-05-07,0.741,18.0,0.0,ERROR,False,MILL_SOUTH,sugarcane,2026-01-18,10.19
PARCEL_023,2026-03-02,0.772,26.4,0.0,OK,True,MILL_WEST,sugarcane,2026-01-26,3.55
PARCEL_006,2026-05-13,0.483,21.3,0.0,OK,True,MILL_WEST,sugarcane,2026-02-11,5.67
PARCEL_020,2026-05-21,0.598,28.1,0.0,OK,True,MILL_NORTH,sugarcane,2026-02-19,9.95
PARCEL_005,2026-01-05,0.143,22.2,0.0,OK,True,MILL_NORTH,soybean,2026-02-08,2.79
PARCEL_025,2026-03-21,0.486,16.0,7.3,OK,True,MILL_WEST,sugarcane,2026-02-07,3.02
PARCEL_009,2026-03-19,0.358,17.1,0.0,OK,True,MILL_EAST,sugarcane,2026-02-18,1.57
PARCEL_009,2026-02-26,0.359,16.9,0.0,OK,True,MILL_EAST,sugarcane,2026-02-18,1.57
PARCEL_018,2026-01-16,0.28,21.9,0.0,OK,True,MILL_SOUTH,sugarcane,2026-01-11,5.82
PARCEL_013,2026-01-31,0.151,16.8,0.0,OK,True,MILL_EAST,soybean,2026-02-23,2.71
PARCEL_006,2026-04-20,0.599,32.6,0.0,OK,True,MILL_WEST,sugarcane,2026-02-11,5.67
PARCEL_021,2026-03-11,0.447,23.8,0.0,OK,True,MILL_EAST,wheat,2026-02-21,3.58
PARCEL_015,2026-02-05,0.771,31.2,0.0,OK,True,MILL_SOUTH,sugarcane,2026-01-06,4.87
PARCEL_016,2026-02-24,0.364,28.8,0.0,BAD_SENSOR,False,MILL_EAST,sugarcane,2026-01-30,4.76
PARCEL_005,2026-01-30,0.113,19.1,0.0,OK,True,MILL_NORTH,soybean,2026-02-08,2.79
PARCEL_019,2026-04-14,0.828,20.8,0.0,BAD_SENSOR,False,MILL_SOUTH,sugarcane,2026-01-18,10.19
PARCEL_023,2026-05-26,0.664,16.7,0.0,OK,True,MILL_WEST,sugarcane,2026-01-26,3.55
PARCEL_021,2026-03-08,0.163,28.1,0.0,OK,True,MILL_EAST,wheat,2026-02-21,3.58
PARCEL_010,2026-05-06,0.457,15.8,0.0,OK,True,MILL_EAST,sugarcane,2026-01-07,7.44
PARCEL_005,2026-04-13,0.44,21.6,0.0,OK,True,MILL_NORTH,soybean,2026-02-08,2.79
PARCEL_007,2026-01-15,0.165,23.8,0.0,ERROR,False,MILL_NORTH,sugarcane,2026-01-18,8.53
PARCEL_007,2026-03-30,0.67,32.5,0.0,OK,True,MILL_NORTH,sugarcane,2026-01-18,8.53
PARCEL_016,2026-02-07,0.336,20.6,0.0,OK,True,MILL_EAST,sugarcane,2026-01-30,4.76
PARCEL_017,2026-02-15,0.516,28.9,0.0,OK,True,MILL_EAST,sugarcane,2026-01-14,7.51
PARCEL_021,2026-04-18,0.483,16.9,0.0,OK,True,MILL_EAST,wheat,2026-02-21,3.58
PARCEL_004,2026-04-22,0.488,32.1,0.0,OK,True,MILL_NORTH,sugarcane,2026-01-02,3.18
PARCEL_020,2026-04-05,0.788,27.0,0.0,OK,True,MILL_NORTH,sugarcane,2026-02-19,9.95
PARCEL_017,2026-04-23,0.584,32.8,0.0,OK,True,MILL_EAST,sugarcane,2026-01-14,7.51
PARCEL_018,2026-04-09,0.543,34.2,0.0,OK,True,MILL_SOUTH,sugarcane,2026-01-11,5.82
PARCEL_012,2026-05-06,0.686,24.1,0.0,OK,True,MILL_WEST,sugarcane,2026-03-01,6.85
PARCEL_017,2026-01-28,0.283,30.4,2.1,OK,True,MILL_EAST,sugarcane,2026-01-14,7.51
PARCEL_019,2026-02-19,0.517,21.0,0.0,OK,True,MILL_SOUTH,sugarcane,2026-01-18,10.19
PARCEL_021,2026-03-26,0.704,30.4,0.0,OK,True,MILL_EAST,wheat,2026-02-21,3.58
PARCEL_005,2026-04-02,0.383,26.9,0.0,OK,True,MILL_NORTH,soybean,2026-02-08,2.79
PARCEL_021,2026-01-01,0.218,28.5,0.0,OK,True,MILL_EAST,wheat,2026-02-21,3.58
PARCEL_014,2026-04-02,0.676,25.6,0.0,OK,True,MILL_NORTH,sugarcane,2026-01-05,9.39
PARCEL_007,2026-04-20,0.451,21.5,0.0,OK,True,MILL_NORTH,sugarcane,2026-01-18,8.53
PARCEL_021,2026-02-13,0.356,28.1,2.8,OK,True,MILL_EAST,wheat,2026-02-21,3.58
PARCEL_006,2026-05-12,0.423,28.2,0.0,OK,True,MILL_WEST,sugarcane,2026-02-11,5.67
PARCEL_005,2026-04-14,0.441,25.4,0.0,OK,True,MILL_NORTH,soybean,2026-02-08,2.79
PARCEL_013,2026-05-31,0.617,17.3,0.0,OK,True,MILL_EAST,soybean,2026-02-23,2.71
PARCEL_010,2026-01-27,0.295,30.3,7.9,OK,True,MILL_EAST,sugarcane,2026-01-07,7.44
PARCEL_023,2026-01-12,0.25,20.4,0.0,OK,True,MILL_WEST,sugarcane,2026-01-26,3.55
PARCEL_022,2026-02-10,0.358,33.6,0.0,OK,True,MILL_EAST,sugarcane,2026-01-14,8.04
PARCEL_014,2026-05-03,0.384,25.7,1.1,OK,True,MILL_NORTH,sugarcane,2026-01-05,9.39
PARCEL_008,2026-01-23,0.414,19.7,0.0,OK,True,MILL_EAST,sugarcane,2026-01-22,2.98
PARCEL_020,2026-03-27,0.717,15.5,0.0,OK,True,MILL_NORTH,sugarcane,2026-02-19,9.95
PARCEL_021,2026-05-11,0.457,34.4,0.0,OK,True,MILL_EAST,wheat,2026-02-21,3.58
PARCEL_020,2026-02-04,0.295,30.9,7.5,OK,True,MILL_NORTH,sugarcane,2026-02-19,9.95
PARCEL_012,2026-05-25,0.628,22.4,0.0,OK,True,MILL_WEST,sugarcane,2026-03-01,6.85
PARCEL_008,2026-05-04,0.505,28.6,0.0,ERROR,False,MILL_EAST,sugarcane,2026-01-22,2.98
PARCEL_015,2026-03-31,0.863,35.4,0.0,OK,True,MILL_SOUTH,sugarcane,2026-01-06,4.87
PARCEL_016,2026-03-13,0.72,27.0,0.0,OK,True,MILL_EAST,sugarcane,2026-01-30,4.76
PARCEL_009,2026-05-24,0.459,34.8,0.0,OK,True,MILL_EAST,sugarcane,2026-02-18,1.57
PARCEL_020,2026-03-03,0.261,32.9,7.2,OK,True,MILL_NORTH,sugarcane,2026-02-19,9.95
PARCEL_007,2026-01-22,0.287,33.3,0.0,OK,True,MILL_NORTH,sugarcane,2026-01-18,8.53
PARCEL_021,2026-05-31,0.51,17.1,4.8,OK,True,MILL_EAST,wheat,2026-02-21,3.58
PARCEL_008,2026-03-11,0.743,28.7,0.0,OK,True,MILL_EAST,sugarcane,2026-01-22,2.98
PARCEL_019,2026-04-24,0.463,22.8,0.0,OK,True,MILL_SOUTH,sugarcane,2026-01-18,10.19
PARCEL_016,2026-02-23,0.203,16.3,0.0,OK,True,MILL_EAST,sugarcane,2026-01-30,4.76
PARCEL_003,2026-05-17,0.622,33.2,0.0,OK,True,MILL_NORTH,soybean,2026-02-13,5.35
PARCEL_025,2026-01-02,0.162,24.2,0.0,OK,True,MILL_WEST,sugarcane,2026-02-07,3.02
PARCEL_010,2026-04-23,0.58,34.4,0.0,OK,True,MILL_EAST,sugarcane,2026-01-07,7.44
PARCEL_020,2026-01-07,0.105,22.7,0.0,OK,True,MILL_NORTH,sugarcane,2026-02-19,9.95
PARCEL_004,2026-05-12,0.468,31.7,0.0,OK,True,MILL_NORTH,sugarcane,2026-01-02,3.18
PARCEL_025,2026-02-18,0.259,34.2,0.0,OK,True,MILL_WEST,sugarcane,2026-02-07,3.02
PARCEL_015,2026-03-05,0.869,25.6,0.0,OK,True,MILL_SOUTH,sugarcane,2026-01-06,4.87
PARCEL_020,2026-04-25,0.804,21.3,0.0,OK,True,MILL_NORTH,sugarcane,2026-02-19,9.95
PARCEL_014,2026-04-29,0.611,22.7,0.0,OK,True,MILL_NORTH,sugarcane,2026-01-05,9.39
PARCEL_015,2026-04-10,0.484,17.9,0.0,OK,True,MILL_SOUTH,sugarcane,2026-01-06,4.87
PARCEL_025,2026-01-05,0.142,15.8,0.0,OK,True,MILL_WEST,sugarcane,2026-02-07,3.02
PARCEL_024,2026-04-23,0.458,27.4,3.3,OK,True,MILL_EAST,soybean,2026-01-16,5.43
PARCEL_008,2026-02-06,0.43,19.1,0.0,OK,True,MILL_EAST,sugarcane,2026-01-22,2.98
PARCEL_005,2026-03-02,0.232,19.5,0.0,OK,True,MILL_NORTH,soybean,2026-02-08,2.79
PARCEL_020,2026-04-21,0.539,25.3,0.0,OK,True,MILL_NORTH,sugarcane,2026-02-19,9.95
PARCEL_017,2026-02-10,0.356,32.0,0.0,OK,True,MILL_EAST,sugarcane,2026-01-14,7.51
PARCEL_021,2026-02-26,0.393,29.4,0.0,BAD_SENSOR,False,MILL_EAST,wheat,2026-02-21,3.58
PARCEL_003,2026-04-29,0.414,21.5,0.0,OK,True,MILL_NORTH,soybean,2026-02-13,5.35
PARCEL_015,2026-01-01,0.204,18.0,0.0,OK,True,MILL_SOUTH,sugarcane,2026-01-06,4.87
PARCEL_002,2026-02-26,0.869,27.4,0.0,OK,True,MILL_SOUTH,sugarcane,2026-01-16,8.97
PARCEL_016,2026-01-29,0.213,16.5,0.0,OK,True,MILL_EAST,sugarcane,2026-01-30,4.76
PARCEL_014,2026-05-31,0.454,29.3,0.0,OK,True,MILL_NORTH,sugarcane,2026-01-05,9.39
PARCEL_022,2026-03-24,0.697,29.7,0.0,OK,True,MILL_EAST,sugarcane,2026-01-14,8.04
PARCEL_004,2026-03-13,0.537,34.3,1.3,OK,True,MILL_NORTH,sugarcane,2026-01-02,3.18
PARCEL_009,2026-01-30,0.094,19.6,0.0,OK,True,MILL_EAST,sugarcane,2026-02-18,1.57
PARCEL_001,2026-01-18,0.113,33.0,0.0,OK,True,MILL_NORTH,sugarcane,2026-02-10,9.03
PARCEL_023,2026-01-05,0.18,32.7,0.0,OK,True,MILL_WEST,sugarcane,2026-01-26,3.55
PARCEL_021,2026-04-28,0.642,21.1,0.0,OK,True,MILL_EAST,wheat,2026-02-21,3.58
PARCEL_017,2026-03-19,0.828,16.7,0.0,OK,True,MILL_EAST,sugarcane,2026-01-14,7.51
PARCEL_012,2026-02-12,0.183,18.8,0.0,OK,True,MILL_WEST,sugarcane,2026-03-01,6.85
PARCEL_014,2026-02-21,0.752,30.9,0.0,OK,True,MILL_NORTH,sugarcane,2026-01-05,9.39
PARCEL_020,2026-05-13,0.566,22.7,0.0,OK,True,MILL_NORTH,sugarcane,2026-02-19,9.95
PARCEL_007,2026-03-19,0.564,24.7,0.0,OK,True,MILL_NORTH,sugarcane,2026-01-18,8.53
PARCEL_007,2026-05-05,0.613,21.4,0.0,OK,True,MILL_NORTH,sugarcane,2026-01-18,8.53
PARCEL_022,2026-05-23,0.522,18.4,0.0,OK,True,MILL_EAST,sugarcane,2026-01-14,8.04
PARCEL_012,2026-03-05,0.426,29.3,0.0,OK,True,MILL_WEST,sugarcane,2026-03-01,6.85
PARCEL_022,2026-01-27,0.383,15.7,2.9,OK,True,MILL_EAST,sugarcane,2026-01-14,8.04
PARCEL_002,2026-03-13,0.499,35.1,7.0,OK,True,MILL_SOUTH,sugarcane,2026-01-16,8.97
PARCEL_008,2026-05-07,0.575,30.0,0.0,OK,True,MILL_EAST,sugarcane,2026-01-22,2.98
PARCEL_007,2026-04-29,0.485,20.2,0.0,OK,True,MILL_NORTH,sugarcane,2026-01-18,8.53
PARCEL_023,2026-04-04,0.619,18.7,0.0,OK,True,MILL_WEST,sugarcane,2026-01-26,3.55
PARCEL_015,2026-04-30,0.511,23.7,3.4,OK,True,MILL_SOUTH,sugarcane,2026-01-06,4.87
PARCEL_015,2026-02-12,0.681,18.2,0.0,OK,True,MILL_SOUTH,sugarcane,2026-01-06,4.87
PARCEL_004,2026-01-25,0.198,16.3,0.0,BAD_SENSOR,False,MILL_NORTH,sugarcane,2026-01-02,3.18
PARCEL_010,2026-02-08,0.753,17.1,0.0,OK,True,MILL_EAST,sugarcane,2026-01-07,7.44
PARCEL_009,2026-01-06,0.106,26.7,0.0,BAD_SENSOR,False,MILL_EAST,sugarcane,2026-02-18,1.57
PARCEL_009,2026-03-07,0.272,23.9,3.1,OK,True,MILL_EAST,sugarcane,2026-02-18,1.57
PARCEL_013,2026-05-06,0.517,20.7,9.8,OK,True,MILL_EAST,soybean,2026-02-23,2.71
PARCEL_010,2026-05-09,0.33,31.0,0.0,ERROR,False,MILL_EAST,sugarcane,2026-01-07,7.44
PARCEL_023,2026-02-01,0.301,29.4,6.6,OK,True,MILL_WEST,sugarcane,2026-01-26,3.55
PARCEL_018,2026-02-08,0.269,32.7,1.2,OK,True,MILL_SOUTH,sugarcane,2026-01-11,5.82
PARCEL_014,2026-03-02,0.844,18.0,2.4,OK,True,MILL_NORTH,sugarcane,2026-01-05,9.39
PARCEL_010,2026-03-29,0.584,21.3,0.0,OK,True,MILL_EAST,sugarcane,2026-01-07,7.44
PARCEL_013,2026-03-11,0.389,32.7,0.0,BAD_SENSOR,False,MILL_EAST,soybean,2026-02-23,2.71
PARCEL_004,2026-03-23,0.734,23.7,0.0,OK,True,MILL_NORTH,sugarcane,2026-01-02,3.18
PARCEL_011,2026-01-10,0.239,19.3,0.0,OK,True,MILL_NORTH,wheat,2026-02-21,6.67
PARCEL_018,2026-01-07,0.041,19.5,0.0,OK,True,MILL_SOUTH,sugarcane,2026-01-11,5.82
PARCEL_001,2026-01-05,0.083,19.9,0.0,OK,True,MILL_NORTH,sugarcane,2026-02-10,9.03
PARCEL_015,2026-02-22,0.556,17.1,3.7,OK,True,MILL_SOUTH,sugarcane,2026-01-06,4.87
PARCEL_016,2026-02-08,0.387,32.0,0.0,OK,True,MILL_EAST,sugarcane,2026-01-30,4.76
PARCEL_009,2026-05-09,0.576,29.3,0.0,OK,True,MILL_EAST,sugarcane,2026-02-18,1.57
PARCEL_008,2026-03-22,0.789,24.9,0.0,OK,True,MILL_EAST,sugarcane,2026-01-22,2.98
PARCEL_024,2026-03-27,0.408,34.8,0.0,OK,True,MILL_EAST,soybean,2026-01-16,5.43
PARCEL_025,2026-05-06,0.772,18.4,0.0,OK,True,MILL_WEST,sugarcane,2026-02-07,3.02
PARCEL_009,2026-03-30,0.807,34.3,3.4,OK,True,MILL_EAST,sugarcane,2026-02-18,1.57
PARCEL_021,2026-04-25,0.417,30.3,0.0,OK,True,MILL_EAST,wheat,2026-02-21,3.58
PARCEL_025,2026-03-31,0.746,17.0,0.0,OK,True,MILL_WEST,sugarcane,2026-02-07,3.02
PARCEL_024,2026-03-21,0.335,27.8,0.0,OK,True,MILL_EAST,soybean,2026-01-16,5.43
PARCEL_012,2026-01-11,0.306,32.0,2.6,OK,True,MILL_WEST,sugarcane,2026-03-01,6.85
PARCEL_014,2026-01-17,0.224,31.7,0.0,OK,True,MILL_NORTH,sugarcane,2026-01-05,9.39
PARCEL_025,2026-03-28,0.81,31.4,0.0,OK,True,MILL_WEST,sugarcane,2026-02-07,3.02
PARCEL_016,2026-05-29,0.508,30.3,0.0,OK,True,MILL_EAST,sugarcane,2026-01-30,4.76
PARCEL_014,2026-03-07,0.762,17.9,4.3,OK,True,MILL_NORTH,sugarcane,2026-01-05,9.39
PARCEL_021,2026-02-01,0.281,19.2,0.0,OK,True,MILL_EAST,wheat,2026-02-21,3.58
PARCEL_001,2026-03-18,0.663,34.7,1.4,OK,True,MILL_NORTH,sugarcane,2026-02-10,9.03
PARCEL_001,2026-04-22,0.849,24.6,0.0,OK,True,MILL_NORTH,sugarcane,2026-02-10,9.03
PARCEL_014,2026-02-09,0.762,28.7,0.0,OK,True,MILL_NORTH,sugarcane,2026-01-05,9.39
PARCEL_022,2026-05-14,0.538,30.7,0.0,OK,True,MILL_EAST,sugarcane,2026-01-14,8.04
PARCEL_003,2026-03-07,0.544,29.3,0.0,OK,True,MILL_NORTH,soybean,2026-02-13,5.35
PARCEL_001,2026-04-12,0.681,29.1,6.1,OK,True,MILL_NORTH,sugarcane,2026-02-10,9.03
PARCEL_003,2026-04-01,0.49,21.5,0.0,OK,True,MILL_NORTH,soybean,2026-02-13,5.35
PARCEL_021,2026-01-05,0.172,17.3,0.0,OK,True,MILL_EAST,wheat,2026-02-21,3.58
PARCEL_016,2026-03-28,0.85,26.6,0.0,BAD_SENSOR,False,MILL_EAST,sugarcane,2026-01-30,4.76
PARCEL_016,2026-02-20,0.208,22.2,0.0,OK,True,MILL_EAST,sugarcane,2026-01-30,4.76
PARCEL_002,2026-02-27,0.505,29.8,0.0,OK,True,MILL_SOUTH,sugarcane,2026-01-16,8.97
PARCEL_019,2026-01-25,0.245,29.4,0.0,OK,True,MILL_SOUTH,sugarcane,2026-01-18,10.19
PARCEL_010,2026-01-01,0.23,20.4,0.0,BAD_SENSOR,False,MILL_EAST,sugarcane,2026-01-07,7.44
PARCEL_003,2026-05-24,0.505,33.8,0.0,BAD_SENSOR,False,MILL_NORTH,soybean,2026-02-13,5.35
PARCEL_009,2026-02-18,0.383,28.3,0.0,OK,True,MILL_EAST,sugarcane,2026-02-18,1.57
PARCEL_012,2026-03-18,0.232,20.3,0.0,OK,True,MILL_WEST,sugarcane,2026-03-01,6.85
PARCEL_013,2026-04-12,0.488,26.9,0.0,OK,True,MILL_EAST,soybean,2026-02-23,2.71
PARCEL_006,2026-04-05,0.74,27.9,0.0,BAD_SENSOR,False,MILL_WEST,sugarcane,2026-02-11,5.67
PARCEL_014,2026-04-16,0.496,30.6,0.0,OK,True,MILL_NORTH,sugarcane,2026-01-05,9.39
PARCEL_025,2026-04-30,0.708,18.8,6.1,OK,True,MILL_WEST,sugarcane,2026-02-07,3.02
PARCEL_002,2026-02-17,0.835,23.7,0.0,ERROR,False,MILL_SOUTH,sugarcane,2026-01-16,8.97
PARCEL_001,2026-02-26,0.359,17.7,0.0,OK,True,MILL_NORTH,sugarcane,2026-02-10,9.03
PARCEL_013,2026-05-12,0.549,23.6,0.0,OK,True,MILL_EAST,soybean,2026-02-23,2.71
PARCEL_010,2026-04-19,0.621,30.0,0.0,OK,True,MILL_EAST,sugarcane,2026-01-07,7.44
PARCEL_006,2026-02-16,0.195,21.7,0.0,OK,True,MILL_WEST,sugarcane,2026-02-11,5.67
PARCEL_020,2026-01-10,0.253,33.6,0.0,OK,True,MILL_NORTH,sugarcane,2026-02-19,9.95
PARCEL_024,2026-03-07,0.455,16.1,0.0,OK,True,MILL_EAST,soybean,2026-01-16,5.43
PARCEL_008,2026-05-03,0.532,28.3,0.0,OK,True,MILL_EAST,sugarcane,2026-01-22,2.98
PARCEL_009,2026-04-13,0.802,30.1,0.0,OK,True,MILL_EAST,sugarcane,2026-02-18,1.57
PARCEL_008,2026-05-17,0.431,27.5,6.7,ERROR,False,MILL_EAST,sugarcane,2026-01-22,2.98
PARCEL_020,2026-03-04,0.188,21.2,0.0,OK,True,MILL_NORTH,sugarcane,2026-02-19,9.95
PARCEL_007,2026-02-21,0.682,31.2,0.0,OK,True,MILL_NORTH,sugarcane,2026-01-18,8.53
PARCEL_015,2026-04-01,0.607,34.0,0.0,OK,True,MILL_SOUTH,sugarcane,2026-01-06,4.87
PARCEL_017,2026-01-11,0.111,26.5,0.0,OK,True,MILL_EAST,sugarcane,2026-01-14,7.51
PARCEL_002,2026-01-05,0.055,19.3,0.0,OK,True,MILL_SOUTH,sugarcane,2026-01-16,8.97
PARCEL_004,2026-04-06,0.611,32.1,6.9,OK,True,MILL_NORTH,sugarcane,2026-01-02,3.18
PARCEL_024,2026-02-23,0.509,26.8,0.0,OK,True,MILL_EAST,soybean,2026-01-16,5.43
PARCEL_019,2026-02-03,0.161,27.7,0.0,OK,True,MILL_SOUTH,sugarcane,2026-01-18,10.19
PARCEL_012,2026-04-21,0.506,27.3,0.0,OK,True,MILL_WEST,sugarcane,2026-03-01,6.85
PARCEL_001,2026-04-17,0.788,21.2,0.0,OK,True,MILL_NORTH,sugarcane,2026-02-10,9.03
PARCEL_006,2026-05-01,0.633,29.0,5.0,OK,True,MILL_WEST,sugarcane,2026-02-11,5.67
PARCEL_013,2026-04-14,0.406,26.6,1.4,OK,True,MILL_EAST,soybean,2026-02-23,2.71
PARCEL_018,2026-04-20,0.479,31.8,0.0,OK,True,MILL_SOUTH,sugarcane,2026-01-11,5.82
PARCEL_024,2026-01-30,0.15,24.8,0.0,OK,True,MILL_EAST,soybean,2026-01-16,5.43
PARCEL_025,2026-04-01,0.676,28.3,0.0,OK,True,MILL_WEST,sugarcane,2026-02-07,3.02
PARCEL_009,2026-04-29,0.676,21.3,1.0,OK,True,MILL_EAST,sugarcane,2026-02-18,1.57
PARCEL_007,2026-05-13,0.579,15.6,0.0,OK,True,MILL_NORTH,sugarcane,2026-01-18,8.53
PARCEL_009,2026-04-20,0.672,27.6,0.0,OK,True,MILL_EAST,sugarcane,2026-02-18,1.57
PARCEL_023,2026-03-23,0.639,17.1,0.0,OK,True,MILL_WEST,sugarcane,2026-01-26,3.55
PARCEL_010,2026-03-05,0.507,19.9,0.0,OK,True,MILL_EAST,sugarcane,2026-01-07,7.44
PARCEL_002,2026-02-28,0.768,19.2,0.0,OK,True,MILL_SOUTH,sugarcane,2026-01-16,8.97
PARCEL_003,2026-02-28,0.473,28.6,1.7,OK,True,MILL_NORTH,soybean,2026-02-13,5.35
PARCEL_025,2026-05-31,0.617,34.9,4.3,ERROR,False,MILL_WEST,sugarcane,2026-02-07,3.02
PARCEL_005,2026-05-08,0.641,30.8,0.0,OK,True,MILL_NORTH,soybean,2026-02-08,2.79
PARCEL_018,2026-01-01,0.191,30.6,0.0,OK,True,MILL_SOUTH,sugarcane,2026-01-11,5.82
PARCEL_008,2026-01-15,0.183,34.9,0.0,OK,True,MILL_EAST,sugarcane,2026-01-22,2.98
PARCEL_018,2026-03-25,0.608,26.8,0.0,OK,True,MILL_SOUTH,sugarcane,2026-01-11,5.82
PARCEL_015,2026-02-28,0.718,17.0,0.0,OK,True,MILL_SOUTH,sugarcane,2026-01-06,4.87
PARCEL_006,2026-04-02,0.78,30.5,0.0,OK,True,MILL_WEST,sugarcane,2026-02-11,5.67
PARCEL_021,2026-03-29,0.602,29.1,0.0,OK,True,MILL_EAST,wheat,2026-02-21,3.58
PARCEL_018,2026-01-05,0.238,22.0,0.0,OK,True,MILL_SOUTH,sugarcane,2026-01-11,5.82
PARCEL_016,2026-01-03,0.125,23.7,4.3,OK,True,MILL_EAST,sugarcane,2026-01-30,4.76
PARCEL_025,2026-04-26,0.604,21.0,0.0,OK,True,MILL_WEST,sugarcane,2026-02-07,3.02
PARCEL_022,2026-03-15,0.538,30.8,0.0,OK,True,MILL_EAST,sugarcane,2026-01-14,8.04
PARCEL_001,2026-04-27,0.706,33.5,0.0,OK,True,MILL_NORTH,sugarcane,2026-02-10,9.03
PARCEL_012,2026-03-11,0.374,20.6,4.8,OK,True,MILL_WEST,sugarcane,2026-03-01,6.85
PARCEL_019,2026-03-11,0.828,30.4,1.7,OK,True,MILL_SOUTH,sugarcane,2026-01-18,10.19
PARCEL_008,2026-03-28,0.575,16.1,0.2,BAD_SENSOR,False,MILL_EAST,sugarcane,2026-01-22,2.98
PARCEL_016,2026-04-07,0.669,34.9,0.0,OK,True,MILL_EAST,sugarcane,2026-01-30,4.76
PARCEL_023,2026-05-14,0.651,17.5,0.0,OK,True,MILL_WEST,sugarcane,2026-01-26,3.55
PARCEL_009,2026-04-23,0.77,21.1,0.0,OK,True,MILL_EAST,sugarcane,2026-02-18,1.57
PARCEL_017,2026-05-17,0.668,23.7,1.2,OK,True,MILL_EAST,sugarcane,2026-01-14,7.51
PARCEL_013,2026-01-13,0.173,16.3,0.7,OK,True,MILL_EAST,soybean,2026-02-23,2.71
PARCEL_020,2026-02-24,0.243,32.8,0.0,OK,True,MILL_NORTH,sugarcane,2026-02-19,9.95
PARCEL_012,2026-03-10,0.304,31.7,0.0,OK,True,MILL_WEST,sugarcane,2026-03-01,6.85
PARCEL_006,2026-03-02,0.239,21.4,10.2,OK,True,MILL_WEST,sugarcane,2026-02-11,5.67
PARCEL_010,2026-02-03,0.362,23.7,0.0,OK,True,MILL_EAST,sugarcane,2026-01-07,7.44
PARCEL_015,2026-05-20,0.647,34.9,7.9,OK,True,MILL_SOUTH,sugarcane,2026-01-06,4.87
PARCEL_013,2026-02-18,0.137,18.3,0.0,OK,True,MILL_EAST,soybean,2026-02-23,2.71
PARCEL_009,2026-03-08,0.417,16.7,0.0,OK,True,MILL_EAST,sugarcane,2026-02-18,1.57
PARCEL_018,2026-01-06,0.24,19.5,0.0,OK,True,MILL_SOUTH,sugarcane,2026-01-11,5.82
PARCEL_008,2026-04-12,0.669,22.5,0.0,OK,True,MILL_EAST,sugarcane,2026-01-22,2.98
PARCEL_013,2026-03-15,0.27,17.4,0.0,OK,True,MILL_EAST,soybean,2026-02-23,2.71
PARCEL_007,2026-02-10,0.318,34.6,0.0,OK,True,MILL_NORTH,sugarcane,2026-01-18,8.53
PARCEL_012,2026-03-22,0.264,32.2,0.0,OK,True,MILL_WEST,sugarcane,2026-03-01,6.85
PARCEL_019,2026-04-20,0.609,25.7,0.0,BAD_SENSOR,False,MILL_SOUTH,sugarcane,2026-01-18,10.19
PARCEL_008,2026-02-13,0.368,33.1,1.9,OK,True,MILL_EAST,sugarcane,2026-01-22,2.98
PARCEL_010,2026-05-16,0.542,34.3,0.0,OK,True,MILL_EAST,sugarcane,2026-01-07,7.44
PARCEL_020,2026-01-12,0.231,33.3,0.0,OK,True,MILL_NORTH,sugarcane,2026-02-19,9.95
PARCEL_006,2026-04-07,0.629,15.9,0.0,OK,True,MILL_WEST,sugarcane,2026-02-11,5.67
PARCEL_004,2026-01-07,0.394,21.5,3.9,BAD_SENSOR,False,MILL_NORTH,sugarcane,2026-01-02,3.18
PARCEL_004,2026-02-01,0.457,20.5,0.0,OK,True,MILL_NORTH,sugarcane,2026-01-02,3.18
PARCEL_010,2026-05-27,0.662,26.8,0.0,OK,True,MILL_EAST,sugarcane,2026-01-07,7.44
PARCEL_009,2026-03-04,0.301,27.5,0.0,OK,True,MILL_EAST,sugarcane,2026-02-18,1.57
PARCEL_002,2026-05-05,0.599,19.3,0.0,OK,True,MILL_SOUTH,sugarcane,2026-01-16,8.97
PARCEL_003,2026-05-01,0.445,19.5,0.0,OK,True,MILL_NORTH,soybean,2026-02-13,5.35
PARCEL_023,2026-02-20,0.383,25.3,0.0,BAD_SENSOR,False,MILL_WEST,sugarcane,2026-01-26,3.55
PARCEL_007,2026-03-25,0.618,19.6,0.0,OK,True,MILL_NORTH,sugarcane,2026-01-18,8.53
PARCEL_020,2026-01-05,0.15,23.8,0.0,OK,True,MILL_NORTH,sugarcane,2026-02-19,9.95
PARCEL_015,2026-01-20,0.265,19.9,0.0,OK,True,MILL_SOUTH,sugarcane,2026-01-06,4.87
PARCEL_013,2026-04-15,0.577,26.7,0.0,OK,True,MILL_EAST,soybean,2026-02-23,2.71
PARCEL_025,2026-02-02,0.241,29.6,0.0,OK,True,MILL_WEST,sugarcane,2026-02-07,3.02
PARCEL_006,2026-02-28,0.217,26.4,0.0,OK,True,MILL_WEST,sugarcane,2026-02-11,5.67
PARCEL_019,2026-02-28,0.694,33.1,0.0,BAD_SENSOR,False,MILL_SOUTH,sugarcane,2026-01-18,10.19
PARCEL_005,2026-02-25,0.359,27.8,0.0,ERROR,False,MILL_NORTH,soybean,2026-02-08,2.79
PARCEL_012,2026-05-16,0.553,20.7,0.0,OK,True,MILL_WEST,sugarcane,2026-03-01,6.85
PARCEL_020,2026-02-14,0.223,27.4,0.0,BAD_SENSOR,False,MILL_NORTH,sugarcane,2026-02-19,9.95
PARCEL_009,2026-02-27,0.267,26.9,10.3,OK,True,MILL_EAST,sugarcane,2026-02-18,1.57
PARCEL_024,2026-04-07,0.603,27.6,0.0,OK,True,MILL_EAST,soybean,2026-01-16,5.43
PARCEL_022,2026-01-25,0.176,25.5,0.0,OK,True,MILL_EAST,sugarcane,2026-01-14,8.04
PARCEL_015,2026-01-21,0.418,27.5,0.0,OK,True,MILL_SOUTH,sugarcane,2026-01-06,4.87
PARCEL_018,2026-05-01,0.669,29.9,0.0,ERROR,False,MILL_SOUTH,sugarcane,2026-01-11,5.82
PARCEL_016,2026-03-14,0.591,18.5,0.0,OK,True,MILL_EAST,sugarcane,2026-01-30,4.76
PARCEL_001,2026-04-24,0.718,28.4,3.1,OK,True,MILL_NORTH,sugarcane,2026-02-10,9.03
PARCEL_013,2026-02-15,0.165,18.1,0.0,OK,True,MILL_EAST,soybean,2026-02-23,2.71
PARCEL_010,2026-03-30,0.673,30.4,0.0,OK,True,MILL_EAST,sugarcane,2026-01-07,7.44
PARCEL_008,2026-03-15,0.761,28.2,1.1,OK,True,MILL_EAST,sugarcane,2026-01-22,2.98
PARCEL_005,2026-01-23,0.18,17.4,0.0,OK,True,MILL_NORTH,soybean,2026-02-08,2.79
PARCEL_004,2026-01-04,0.318,23.9,0.0,OK,True,MILL_NORTH,sugarcane,2026-01-02,3.18
PARCEL_014,2026-03-22,0.715,32.1,0.0,ERROR,False,MILL_NORTH,sugarcane,2026-01-05,9.39
PARCEL_018,2026-03-12,0.741,20.4,0.0,OK,True,MILL_SOUTH,sugarcane,2026-01-11,5.82
PARCEL_023,2026-01-27,0.139,24.5,8.3,OK,True,MILL_WEST,sugarcane,2026-01-26,3.55
PARCEL_006,2026-03-28,0.574,25.5,0.0,OK,True,MILL_WEST,sugarcane,2026-02-11,5.67
PARCEL_013,2026-02-11,0.129,34.0,0.0,ERROR,False,MILL_EAST,soybean,2026-02-23,2.71
PARCEL_005,2026-02-09,0.365,21.4,0.0,OK,True,MILL_NORTH,soybean,2026-02-08,2.79
PARCEL_001,2026-05-24,0.697,25.9,4.6,OK,True,MILL_NORTH,sugarcane,2026-02-10,9.03
PARCEL_024,2026-03-31,0.71,31.2,0.0,OK,True,MILL_EAST,soybean,2026-01-16,5.43
PARCEL_014,2026-01-18,0.352,24.8,0.0,OK,True,MILL_NORTH,sugarcane,2026-01-05,9.39
PARCEL_006,2026-03-13,0.799,30.2,0.0,OK,True,MILL_WEST,sugarcane,2026-02-11,5.67
PARCEL_017,2026-05-19,0.638,30.9,0.0,OK,True,MILL_EAST,sugarcane,2026-01-14,7.51
PARCEL_018,2026-04-21,0.442,29.5,0.0,BAD_SENSOR,False,MILL_SOUTH,sugarcane,2026-01-11,5.82
PARCEL_011,2026-02-01,0.199,29.6,0.0,OK,True,MILL_NORTH,wheat,2026-02-21,6.67
PARCEL_003,2026-02-03,0.131,20.4,0.4,OK,True,MILL_NORTH,soybean,2026-02-13,5.35
PARCEL_008,2026-03-02,0.845,26.0,0.0,OK,True,MILL_EAST,sugarcane,2026-01-22,2.98
PARCEL_003,2026-02-16,0.191,26.1,0.0,OK,True,MILL_NORTH,soybean,2026-02-13,5.35
PARCEL_012,2026-04-15,0.647,33.8,0.0,OK,True,MILL_WEST,sugarcane,2026-03-01,6.85
PARCEL_003,2026-02-20,0.379,28.3,0.0,OK,True,MILL_NORTH,soybean,2026-02-13,5.35
PARCEL_012,2026-04-30,0.778,17.1,9.9,OK,True,MILL_WEST,sugarcane,2026-03-01,6.85
PARCEL_015,2026-01-28,0.466,30.9,0.0,OK,True,MILL_SOUTH,sugarcane,2026-01-06,4.87
PARCEL_018,2026-01-18,0.389,23.7,3.5,OK,True,MILL_SOUTH,sugarcane,2026-01-11,5.82
PARCEL_006,2026-04-13,0.738,26.9,5.3,OK,True,MILL_WEST,sugarcane,2026-02-11,5.67
PARCEL_001,2026-02-18,0.204,17.0,9.3,OK,True,MILL_NORTH,sugarcane,2026-02-10,9.03
PARCEL_018,2026-02-22,0.656,29.6,0.0,OK,True,MILL_SOUTH,sugarcane,2026-01-11,5.82
PARCEL_012,2026-01-12,0.159,21.6,0.0,OK,True,MILL_WEST,sugarcane,2026-03-01,6.85
PARCEL_020,2026-03-19,0.276,31.7,1.3,OK,True,MILL_NORTH,sugarcane,2026-02-19,9.95
PARCEL_024,2026-01-19,0.398,24.3,0.0,OK,True,MILL_EAST,soybean,2026-01-16,5.43
PARCEL_014,2026-03-31,0.666,28.7,0.3,OK,True,MILL_NORTH,sugarcane,2026-01-05,9.39
PARCEL_025,2026-02-24,0.447,35.1,0.0,OK,True,MILL_WEST,sugarcane,2026-02-07,3.02
PARCEL_007,2026-04-30,0.743,23.5,0.0,OK,True,MILL_NORTH,sugarcane,2026-01-18,8.53
PARCEL_025,2026-04-13,0.677,23.3,0.0,OK,True,MILL_WEST,sugarcane,2026-02-07,3.02
PARCEL_003,2026-03-22,0.586,32.8,0.0,BAD_SENSOR,False,MILL_NORTH,soybean,2026-02-13,5.35
PARCEL_001,2026-03-10,0.365,21.8,0.0,OK,True,MILL_NORTH,sugarcane,2026-02-10,9.03
PARCEL_015,2026-02-23,0.521,34.2,0.0,OK,True,MILL_SOUTH,sugarcane,2026-01-06,4.87
PARCEL_004,2026-02-16,0.593,24.4,0.0,OK,True,MILL_NORTH,sugarcane,2026-01-02,3.18
PARCEL_009,2026-05-05,0.543,23.0,0.0,OK,True,MILL_EAST,sugarcane,2026-02-18,1.57
PARCEL_018,2026-01-03,0.114,23.9,0.0,OK,True,MILL_SOUTH,sugarcane,2026-01-11,5.82
PARCEL_021,2026-05-23,0.488,29.3,0.0,OK,True,MILL_EAST,wheat,2026-02-21,3.58
PARCEL_003,2026-02-18,0.223,25.6,0.0,OK,True,MILL_NORTH,soybean,2026-02-13,5.35
PARCEL_020,2026-02-12,0.174,30.5,0.0,OK,True,MILL_NORTH,sugarcane,2026-02-19,9.95
PARCEL_008,2026-02-23,0.582,31.7,0.0,OK,True,MILL_EAST,sugarcane,2026-01-22,2.98
PARCEL_022,2026-04-03,0.719,25.3,0.0,OK,True,MILL_EAST,sugarcane,2026-01-14,8.04
PARCEL_007,2026-02-24,0.628,15.9,0.0,OK,True,MILL_NORTH,sugarcane,2026-01-18,8.53
PARCEL_017,2026-03-25,0.645,27.9,0.0,OK,True,MILL_EAST,sugarcane,2026-01-14,7.51
PARCEL_006,2026-01-24,0.087,17.2,0.0,OK,True,MILL_WEST,sugarcane,2026-02-11,5.67
PARCEL_009,2026-03-16,0.467,18.1,0.0,OK,True,MILL_EAST,sugarcane,2026-02-18,1.57
PARCEL_011,2026-01-28,0.181,25.2,0.0,OK,True,MILL_NORTH,wheat,2026-02-21,6.67
PARCEL_003,2026-05-25,0.624,27.4,0.0,ERROR,False,MILL_NORTH,soybean,2026-02-13,5.35
PARCEL_002,2026-05-26,0.702,25.2,0.0,OK,True,MILL_SOUTH,sugarcane,2026-01-16,8.97
PARCEL_021,2026-05-18,0.645,24.4,0.0,OK,True,MILL_EAST,wheat,2026-02-21,3.58
PARCEL_007,2026-03-28,0.708,30.8,0.0,BAD_SENSOR,False,MILL_NORTH,sugarcane,2026-01-18,8.53
PARCEL_002,2026-03-27,0.727,17.1,0.0,OK,True,MILL_SOUTH,sugarcane,2026-01-16,8.97
PARCEL_020,2026-03-13,0.265,33.5,0.8,OK,True,MILL_NORTH,sugarcane,2026-02-19,9.95
PARCEL_011,2026-05-11,0.628,18.2,0.0,OK,True,MILL_NORTH,wheat,2026-02-21,6.67
PARCEL_004,2026-05-30,0.481,29.9,0.0,OK,True,MILL_NORTH,sugarcane,2026-01-02,3.18
PARCEL_007,2026-05-23,0.39,24.0,1.6,OK,True,MILL_NORTH,sugarcane,2026-01-18,8.53
PARCEL_007,2026-02-13,0.411,19.2,0.0,OK,True,MILL_NORTH,sugarcane,2026-01-18,8.53
PARCEL_014,2026-05-19,0.517,20.7,0.0,ERROR,False,MILL_NORTH,sugarcane,2026-01-05,9.39
PARCEL_011,2026-02-20,0.178,15.5,0.0,OK,True,MILL_NORTH,wheat,2026-02-21,6.67
PARCEL_024,2026-02-25,0.489,25.6,0.0,OK,True,MILL_EAST,soybean,2026-01-16,5.43
PARCEL_005,2026-04-12,0.48,18.3,0.0,OK,True,MILL_NORTH,soybean,2026-02-08,2.79
PARCEL_013,2026-03-17,0.296,32.6,0.0,BAD_SENSOR,False,MILL_EAST,soybean,2026-02-23,2.71
PARCEL_018,2026-03-03,0.651,30.3,7.4,OK,True,MILL_SOUTH,sugarcane,2026-01-11,5.82
PARCEL_005,2026-02-12,0.308,15.4,0.0,OK,True,MILL_NORTH,soybean,2026-02-08,2.79
PARCEL_015,2026-04-17,0.46,20.8,0.0,OK,True,MILL_SOUTH,sugarcane,2026-01-06,4.87
PARCEL_024,2026-03-13,0.448,25.7,0.0,OK,True,MILL_EAST,soybean,2026-01-16,5.43
PARCEL_006,2026-01-01,0.176,28.4,0.0,OK,True,MILL_WEST,sugarcane,2026-02-11,5.67
PARCEL_015,2026-05-14,0.621,24.2,0.0,OK,True,MILL_SOUTH,sugarcane,2026-01-06,4.87
PARCEL_021,2026-02-02,0.188,28.1,0.0,OK,True,MILL_EAST,wheat,2026-02-21,3.58
PARCEL_011,2026-04-20,0.54,35.1,0.0,OK,True,MILL_NORTH,wheat,2026-02-21,6.67
PARCEL_025,2026-04-05,0.696,16.8,0.0,OK,True,MILL_WEST,sugarcane,2026-02-07,3.02
PARCEL_023,2026-03-28,0.717,34.1,0.0,OK,True,MILL_WEST,sugarcane,2026-01-26,3.55
PARCEL_001,2026-02-09,0.221,26.9,0.0,OK,True,MILL_NORTH,sugarcane,2026-02-10,9.03
PARCEL_001,2026-04-01,0.497,29.7,0.0,OK,True,MILL_NORTH,sugarcane,2026-02-10,9.03
PARCEL_019,2026-01-31,0.376,23.9,6.7,OK,True,MILL_SOUTH,sugarcane,2026-01-18,10.19
PARCEL_009,2026-05-28,0.693,24.9,0.0,OK,True,MILL_EAST,sugarcane,2026-02-18,1.57
PARCEL_025,2026-03-14,0.588,32.6,0.0,OK,True,MILL_WEST,sugarcane,2026-02-07,3.02
PARCEL_016,2026-02-19,0.316,33.9,0.0,OK,True,MILL_EAST,sugarcane,2026-01-30,4.76
PARCEL_023,2026-04-06,0.499,30.9,0.0,OK,True,MILL_WEST,sugarcane,2026-01-26,3.55
PARCEL_019,2026-02-14,0.235,26.7,8.7,OK,True,MILL_SOUTH,sugarcane,2026-01-18,10.19
PARCEL_015,2026-03-02,0.635,30.7,0.0,OK,True,MILL_SOUTH,sugarcane,2026-01-06,4.87
PARCEL_012,2026-01-17,0.316,24.7,3.8,OK,True,MILL_WEST,sugarcane,2026-03-01,6.85
PARCEL_016,2026-02-27,0.49,30.4,0.0,OK,True,MILL_EAST,sugarcane,2026-01-30,4.76
PARCEL_013,2026-05-03,0.601,34.6,5.2,OK,True,MILL_EAST,soybean,2026-02-23,2.71
PARCEL_003,2026-02-04,0.131,24.7,0.0,OK,True,MILL_NORTH,soybean,2026-02-13,5.35
PARCEL_021,2026-02-19,0.047,21.3,0.0,OK,True,MILL_EAST,wheat,2026-02-21,3.58
PARCEL_008,2026-04-24,0.575,30.9,0.0,OK,True,MILL_EAST,sugarcane,2026-01-22,2.98
PARCEL_004,2026-02-06,0.548,34.7,0.0,OK,True,MILL_NORTH,sugarcane,2026-01-02,3.18
PARCEL_025,2026-01-01,0.249,18.5,8.0,OK,True,MILL_WEST,sugarcane,2026-02-07,3.02
PARCEL_011,2026-04-14,0.5,32.4,9.3,OK,True,MILL_NORTH,wheat,2026-02-21,6.67
PARCEL_014,2026-01-31,0.477,29.9,0.0,OK,True,MILL_NORTH,sugarcane,2026-01-05,9.39
PARCEL_005,2026-02-11,0.285,35.0,0.0,OK,True,MILL_NORTH,soybean,2026-02-08,2.79
PARCEL_006,2026-04-01,0.795,17.7,0.0,OK,True,MILL_WEST,sugarcane,2026-02-11,5.67
PARCEL_003,2026-04-15,0.686,32.3,0.0,OK,True,MILL_NORTH,soybean,2026-02-13,5.35
PARCEL_014,2026-01-19,0.258,27.5,0.0,OK,True,MILL_NORTH,sugarcane,2026-01-05,9.39
PARCEL_009,2026-04-10,0.685,17.0,0.0,OK,True,MILL_EAST,sugarcane,2026-02-18,1.57
PARCEL_021,2026-02-20,0.192,25.3,0.0,OK,True,MILL_EAST,wheat,2026-02-21,3.58
PARCEL_005,2026-01-13,0.134,25.5,4.1,OK,True,MILL_NORTH,soybean,2026-02-08,2.79
PARCEL_008,2026-03-07,0.831,25.7,0.0,OK,True,MILL_EAST,sugarcane,2026-01-22,2.98
PARCEL_016,2026-05-16,0.518,28.6,0.0,OK,True,MILL_EAST,sugarcane,2026-01-30,4.76
PARCEL_025,2026-04-22,0.527,24.9,1.0,OK,True,MILL_WEST,sugarcane,2026-02-07,3.02
PARCEL_007,2026-05-03,0.494,27.7,0.0,OK,True,MILL_NORTH,sugarcane,2026-01-18,8.53
PARCEL_013,2026-03-27,0.392,30.4,0.0,OK,True,MILL_EAST,soybean,2026-02-23,2.71
PARCEL_012,2026-03-30,0.51,19.0,0.0,OK,True,MILL_WEST,sugarcane,2026-03-01,6.85
PARCEL_019,2026-03-21,0.59,20.8,0.0,OK,True,MILL_SOUTH,sugarcane,2026-01-18,10.19
PARCEL_005,2026-03-19,0.477,24.3,0.0,OK,True,MILL_NORTH,soybean,2026-02-08,2.79
PARCEL_023,2026-04-12,0.813,26.7,5.9,OK,True,MILL_WEST,sugarcane,2026-01-26,3.55
PARCEL_023,2026-02-02,0.279,19.1,0.0,OK,True,MILL_WEST,sugarcane,2026-01-26,3.55
PARCEL_007,2026-04-02,0.807,22.1,0.0,OK,True,MILL_NORTH,sugarcane,2026-01-18,8.53
PARCEL_007,2026-04-21,0.66,28.2,0.0,OK,True,MILL_NORTH,sugarcane,2026-01-18,8.53
PARCEL_003,2026-02-15,0.32,24.4,0.0,OK,True,MILL_NORTH,soybean,2026-02-13,5.35
PARCEL_010,2026-05-28,0.521,34.0,5.3,OK,True,MILL_EAST,sugarcane,2026-01-07,7.44
PARCEL_002,2026-05-31,0.58,35.1,5.2,OK,True,MILL_SOUTH,sugarcane,2026-01-16,8.97
PARCEL_014,2026-05-10,0.391,18.6,0.0,OK,True,MILL_NORTH,sugarcane,2026-01-05,9.39
PARCEL_017,2026-03-02,0.685,35.3,0.0,OK,True,MILL_EAST,sugarcane,2026-01-14,7.51
PARCEL_008,2026-04-08,0.574,32.7,0.0,OK,True,MILL_EAST,sugarcane,2026-01-22,2.98
PARCEL_022,2026-02-27,0.721,16.9,0.0,OK,True,MILL_EAST,sugarcane,2026-01-14,8.04
PARCEL_024,2026-04-12,0.559,21.0,0.0,OK,True,MILL_EAST,soybean,2026-01-16,5.43
PARCEL_002,2026-01-26,0.291,25.2,0.0,OK,True,MILL_SOUTH,sugarcane,2026-01-16,8.97
PARCEL_008,2026-04-16,0.617,30.7,0.0,OK,True,MILL_EAST,sugarcane,2026-01-22,2.98
PARCEL_019,2026-05-30,0.456,33.1,1.6,OK,True,MILL_SOUTH,sugarcane,2026-01-18,10.19
PARCEL_006,2026-01-05,0.099,34.2,0.0,OK,True,MILL_WEST,sugarcane,2026-02-11,5.67
PARCEL_024,2026-02-21,0.471,26.9,0.0,OK,True,MILL_EAST,soybean,2026-01-16,5.43
PARCEL_006,2026-03-29,0.757,32.1,0.0,OK,True,MILL_WEST,sugarcane,2026-02-11,5.67
PARCEL_004,2026-01-23,0.342,27.1,0.0,ERROR,False,MILL_NORTH,sugarcane,2026-01-02,3.18
PARCEL_018,2026-05-02,0.654,19.8,0.0,OK,True,MILL_SOUTH,sugarcane,2026-01-11,5.82
PARCEL_023,2026-01-16,0.157,30.7,3.7,OK,True,MILL_WEST,sugarcane,2026-01-26,3.55
PARCEL_011,2026-03-15,0.276,34.5,0.0,OK,True,MILL_NORTH,wheat,2026-02-21,6.67
PARCEL_010,2026-01-09,0.312,31.1,6.2,OK,True,MILL_EAST,sugarcane,2026-01-07,7.44
PARCEL_006,2026-02-20,0.29,22.3,1.2,OK,True,MILL_WEST,sugarcane,2026-02-11,5.67
PARCEL_012,2026-05-03,0.652,24.9,0.0,ERROR,False,MILL_WEST,sugarcane,2026-03-01,6.85
PARCEL_015,2026-05-01,0.495,24.6,9.2,OK,True,MILL_SOUTH,sugarcane,2026-01-06,4.87
PARCEL_006,2026-03-14,0.597,23.9,0.0,OK,True,MILL_WEST,sugarcane,2026-02-11,5.67
PARCEL_019,2026-02-24,0.698,30.3,0.0,OK,True,MILL_SOUTH,sugarcane,2026-01-18,10.19
PARCEL_007,2026-02-06,0.349,24.2,2.4,OK,True,MILL_NORTH,sugarcane,2026-01-18,8.53
PARCEL_013,2026-05-02,0.513,19.3,1.7,OK,True,MILL_EAST,soybean,2026-02-23,2.71
PARCEL_016,2026-05-06,0.572,29.7,0.0,OK,True,MILL_EAST,sugarcane,2026-01-30,4.76
PARCEL_024,2026-01-04,0.178,16.6,1.5,OK,True,MILL_EAST,soybean,2026-01-16,5.43
PARCEL_025,2026-04-29,0.662,30.3,0.0,OK,True,MILL_WEST,sugarcane,2026-02-07,3.02
PARCEL_023,2026-04-17,0.754,25.2,8.6,ERROR,False,MILL_WEST,sugarcane,2026-01-26,3.55
PARCEL_015,2026-05-08,0.387,32.0,0.0,OK,True,MILL_SOUTH,sugarcane,2026-01-06,4.87
PARCEL_021,2026-03-12,0.342,32.4,0.0,OK,True,MILL_EAST,wheat,2026-02-21,3.58
PARCEL_005,2026-02-26,0.372,22.3,0.0,OK,True,MILL_NORTH,soybean,2026-02-08,2.79
PARCEL_020,2026-05-14,0.628,24.1,0.0,OK,True,MILL_NORTH,sugarcane,2026-02-19,9.95
PARCEL_007,2026-01-23,0.365,26.2,0.0,OK,True,MILL_NORTH,sugarcane,2026-01-18,8.53
PARCEL_005,2026-02-22,0.333,23.2,0.0,OK,True,MILL_NORTH,soybean,2026-02-08,2.79
PARCEL_020,2026-04-16,0.562,24.1,0.0,ERROR,False,MILL_NORTH,sugarcane,2026-02-19,9.95
PARCEL_010,2026-05-08,0.542,33.0,0.0,OK,True,MILL_EAST,sugarcane,2026-01-07,7.44
PARCEL_003,2026-01-04,0.2,33.4,0.0,OK,True,MILL_NORTH,soybean,2026-02-13,5.35
PARCEL_009,2026-04-03,0.624,32.6,0.0,OK,True,MILL_EAST,sugarcane,2026-02-18,1.57
PARCEL_023,2026-04-08,0.641,18.4,0.0,OK,True,MILL_WEST,sugarcane,2026-01-26,3.55
PARCEL_021,2026-02-08,0.139,16.2,0.0,OK,True,MILL_EAST,wheat,2026-02-21,3.58
PARCEL_012,2026-01-18,0.174,24.7,0.0,OK,True,MILL_WEST,sugarcane,2026-03-01,6.85
PARCEL_022,2026-01-08,0.23,33.2,0.0,OK,True,MILL_EAST,sugarcane,2026-01-14,8.04
PARCEL_013,2026-04-19,0.613,18.4,0.0,OK,True,MILL_EAST,soybean,2026-02-23,2.71
PARCEL_012,2026-01-24,0.166,28.0,0.0,OK,True,MILL_WEST,sugarcane,2026-03-01,6.85
PARCEL_009,2026-05-03,0.556,18.2,0.0,OK,True,MILL_EAST,sugarcane,2026-02-18,1.57
PARCEL_005,2026-02-05,0.157,15.7,0.0,OK,True,MILL_NORTH,soybean,2026-02-08,2.79
PARCEL_019,2026-05-29,0.432,23.4,1.1,OK,True,MILL_SOUTH,sugarcane,2026-01-18,10.19
PARCEL_025,2026-04-23,0.707,31.4,0.0,OK,True,MILL_WEST,sugarcane,2026-02-07,3.02
PARCEL_005,2026-03-06,0.254,32.9,3.6,OK,True,MILL_NORTH,soybean,2026-02-08,2.79
PARCEL_016,2026-02-12,0.34,24.2,0.0,OK,True,MILL_EAST,sugarcane,2026-01-30,4.76
PARCEL_015,2026-04-27,0.484,18.3,0.0,OK,True,MILL_SOUTH,sugarcane,2026-01-06,4.87
PARCEL_025,2026-04-15,0.782,24.3,0.0,OK,True,MILL_WEST,sugarcane,2026-02-07,3.02
PARCEL_001,2026-02-03,0.164,35.0,0.0,OK,True,MILL_NORTH,sugarcane,2026-02-10,9.03
PARCEL_017,2026-01-26,0.294,15.7,0.0,OK,True,MILL_EAST,sugarcane,2026-01-14,7.51
PARCEL_016,2026-03-21,0.583,19.8,0.0,OK,True,MILL_EAST,sugarcane,2026-01-30,4.76
PARCEL_011,2026-01-22,0.133,29.6,0.0,OK,True,MILL_NORTH,wheat,2026-02-21,6.67
PARCEL_002,2026-03-22,0.605,26.4,0.0,OK,True,MILL_SOUTH,sugarcane,2026-01-16,8.97
PARCEL_024,2026-04-15,0.599,25.8,0.0,OK,True,MILL_EAST,soybean,2026-01-16,5.43
PARCEL_021,2026-01-12,0.142,18.4,0.0,OK,True,MILL_EAST,wheat,2026-02-21,3.58
PARCEL_008,2026-03-26,0.663,32.0,7.3,OK,True,MILL_EAST,sugarcane,2026-01-22,2.98
PARCEL_012,2026-01-30,0.048,26.3,0.0,OK,True,MILL_WEST,sugarcane,2026-03-01,6.85
PARCEL_025,2026-05-04,0.658,23.5,1.9,OK,True,MILL_WEST,sugarcane,2026-02-07,3.02
PARCEL_005,2026-03-27,0.627,28.3,0.0,OK,True,MILL_NORTH,soybean,2026-02-08,2.79
PARCEL_025,2026-01-14,0.193,25.5,0.0,BAD_SENSOR,False,MILL_WEST,sugarcane,2026-02-07,3.02
PARCEL_005,2026-05-26,0.441,21.6,0.0,OK,True,MILL_NORTH,soybean,2026-02-08,2.79
PARCEL_010,2026-02-20,0.646,22.1,0.0,OK,True,MILL_EAST,sugarcane,2026-01-07,7.44
PARCEL_023,2026-01-15,0.105,31.6,0.0,OK,True,MILL_WEST,sugarcane,2026-01-26,3.55
PARCEL_020,2026-03-17,0.309,22.0,0.0,OK,True,MILL_NORTH,sugarcane,2026-02-19,9.95
PARCEL_016,2026-05-21,0.571,29.5,11.2,OK,True,MILL_EAST,sugarcane,2026-01-30,4.76
PARCEL_007,2026-02-27,0.848,26.3,2.4,OK,True,MILL_NORTH,sugarcane,2026-01-18,8.53
PARCEL_009,2026-04-11,0.675,30.2,0.0,OK,True,MILL_EAST,sugarcane,2026-02-18,1.57
PARCEL_002,2026-05-07,0.566,21.8,0.0,OK,True,MILL_SOUTH,sugarcane,2026-01-16,8.97
PARCEL_023,2026-05-22,0.575,23.1,0.0,OK,True,MILL_WEST,sugarcane,2026-01-26,3.55
PARCEL_015,2026-01-14,0.44,15.5,0.0,OK,True,MILL_SOUTH,sugarcane,2026-01-06,4.87
PARCEL_018,2026-05-31,0.533,29.7,0.0,ERROR,False,MILL_SOUTH,sugarcane,2026-01-11,5.82
PARCEL_004,2026-04-10,0.5,18.0,0.0,OK,True,MILL_NORTH,sugarcane,2026-01-02,3.18
PARCEL_001,2026-04-07,0.619,34.8,5.5,OK,True,MILL_NORTH,sugarcane,2026-02-10,9.03
PARCEL_009,2026-05-19,0.537,16.0,0.0,OK,True,MILL_EAST,sugarcane,2026-02-18,1.57
PARCEL_006,2026-01-17,0.255,25.6,0.0,OK,True,MILL_WEST,sugarcane,2026-02-11,5.67
PARCEL_022,2026-04-27,0.59,30.8,0.0,OK,True,MILL_EAST,sugarcane,2026-01-14,8.04
PARCEL_018,2026-02-27,0.594,24.3,6.5,OK,True,MILL_SOUTH,sugarcane,2026-01-11,5.82
PARCEL_002,2026-01-30,0.5,22.5,0.0,OK,True,MILL_SOUTH,sugarcane,2026-01-16,8.97
PARCEL_018,2026-04-22,0.475,21.0,0.0,OK,True,MILL_SOUTH,sugarcane,2026-01-11,5.82
PARCEL_010,2026-05-23,0.646,24.6,0.0,BAD_SENSOR,False,MILL_EAST,sugarcane,2026-01-07,7.44
PARCEL_015,2026-03-28,0.763,33.8,0.0,OK,True,MILL_SOUTH,sugarcane,2026-01-06,4.87
PARCEL_020,2026-01-09,0.159,30.7,0.0,OK,True,MILL_NORTH,sugarcane,2026-02-19,9.95
PARCEL_020,2026-03-29,0.746,21.1,0.0,OK,True,MILL_NORTH,sugarcane,2026-02-19,9.95
PARCEL_023,2026-04-18,0.818,16.5,15.8,ERROR,False,MILL_WEST,sugarcane,2026-01-26,3.55
PARCEL_007,2026-02-18,0.553,20.3,0.0,OK,True,MILL_NORTH,sugarcane,2026-01-18,8.53
PARCEL_011,2026-02-15,0.183,26.0,0.0,OK,True,MILL_NORTH,wheat,2026-02-21,6.67
PARCEL_008,2026-01-05,0.084,16.5,0.0,OK,True,MILL_EAST,sugarcane,2026-01-22,2.98
PARCEL_010,2026-04-20,0.433,34.3,0.0,OK,True,MILL_EAST,sugarcane,2026-01-07,7.44
PARCEL_006,2026-03-22,0.767,30.0,5.0,OK,True,MILL_WEST,sugarcane,2026-02-11,5.67
PARCEL_018,2026-05-11,0.56,28.5,0.0,OK,True,MILL_SOUTH,sugarcane,2026-01-11,5.82
PARCEL_023,2026-01-24,0.154,15.6,0.0,OK,True,MILL_WEST,sugarcane,2026-01-26,3.55
PARCEL_019,2026-04-27,0.537,30.0,0.0,OK,True,MILL_SOUTH,sugarcane,2026-01-18,10.19
PARCEL_002,2026-03-11,0.661,20.1,0.0,OK,True,MILL_SOUTH,sugarcane,2026-01-16,8.97
PARCEL_014,2026-01-06,0.302,30.9,0.0,OK,True,MILL_NORTH,sugarcane,2026-01-05,9.39
PARCEL_006,2026-02-27,0.319,25.1,0.0,OK,True,MILL_WEST,sugarcane,2026-02-11,5.67
PARCEL_015,2026-04-13,0.664,29.5,0.0,OK,True,MILL_SOUTH,sugarcane,2026-01-06,4.87
PARCEL_002,2026-05-24,0.47,23.0,0.0,OK,True,MILL_SOUTH,sugarcane,2026-01-16,8.97
PARCEL_013,2026-05-04,0.637,27.5,3.6,OK,True,MILL_EAST,soybean,2026-02-23,2.71
PARCEL_005,2026-01-19,0.14,20.2,0.0,BAD_SENSOR,False,MILL_NORTH,soybean,2026-02-08,2.79
PARCEL_021,2026-04-27,0.471,32.0,0.0,OK,True,MILL_EAST,wheat,2026-02-21,3.58
PARCEL_016,2026-05-28,0.592,23.1,0.0,OK,True,MILL_EAST,sugarcane,2026-01-30,4.76
PARCEL_003,2026-01-08,0.257,23.0,0.0,OK,True,MILL_NORTH,soybean,2026-02-13,5.35
PARCEL_021,2026-04-01,0.738,28.3,0.0,OK,True,MILL_EAST,wheat,2026-02-21,3.58
PARCEL_008,2026-04-26,0.559,22.5,0.0,OK,True,MILL_EAST,sugarcane,2026-01-22,2.98
PARCEL_012,2026-03-23,0.284,29.8,0.0,OK,True,MILL_WEST,sugarcane,2026-03-01,6.85
PARCEL_023,2026-03-07,0.61,27.0,5.1,BAD_SENSOR,False,MILL_WEST,sugarcane,2026-01-26,3.55
PARCEL_011,2026-01-29,0.287,34.4,0.0,OK,True,MILL_NORTH,wheat,2026-02-21,6.67
PARCEL_013,2026-05-20,0.603,24.0,0.0,OK,True,MILL_EAST,soybean,2026-02-23,2.71
PARCEL_003,2026-01-27,0.201,26.0,0.0,OK,True,MILL_NORTH,soybean,2026-02-13,5.35
PARCEL_021,2026-01-10,0.18,31.7,0.0,OK,True,MILL_EAST,wheat,2026-02-21,3.58
PARCEL_003,2026-02-25,0.299,33.1,0.0,OK,True,MILL_NORTH,soybean,2026-02-13,5.35
PARCEL_009,2026-01-13,0.079,22.2,2.7,OK,True,MILL_EAST,sugarcane,2026-02-18,1.57
PARCEL_025,2026-05-15,0.655,26.6,0.0,OK,True,MILL_WEST,sugarcane,2026-02-07,3.02
PARCEL_024,2026-03-01,0.615,34.8,0.0,OK,True,MILL_EAST,soybean,2026-01-16,5.43
PARCEL_006,2026-04-11,0.526,26.0,2.2,OK,True,MILL_WEST,sugarcane,2026-02-11,5.67
PARCEL_002,2026-03-25,0.768,16.8,0.0,OK,True,MILL_SOUTH,sugarcane,2026-01-16,8.97
PARCEL_013,2026-03-12,0.34,25.5,5.8,ERROR,False,MILL_EAST,soybean,2026-02-23,2.71
PARCEL_008,2026-05-23,0.567,27.2,3.8,OK,True,MILL_EAST,sugarcane,2026-01-22,2.98
PARCEL_018,2026-05-17,0.442,34.7,4.1,OK,True,MILL_SOUTH,sugarcane,2026-01-11,5.82
PARCEL_005,2026-05-24,0.484,33.8,0.0,OK,True,MILL_NORTH,soybean,2026-02-08,2.79
PARCEL_019,2026-05-31,0.447,34.8,1.8,OK,True,MILL_SOUTH,sugarcane,2026-01-18,10.19
PARCEL_010,2026-04-01,0.758,18.6,0.0,OK,True,MILL_EAST,sugarcane,2026-01-07,7.44
PARCEL_022,2026-03-27,0.646,17.9,0.0,OK,True,MILL_EAST,sugarcane,2026-01-14,8.04
PARCEL_016,2026-02-05,0.422,26.1,0.0,ERROR,False,MILL_EAST,sugarcane,2026-01-30,4.76
PARCEL_020,2026-02-05,0.048,18.5,0.0,OK,True,MILL_NORTH,sugarcane,2026-02-19,9.95
PARCEL_005,2026-01-11,0.231,31.6,6.8,OK,True,MILL_NORTH,soybean,2026-02-08,2.79
PARCEL_022,2026-03-17,0.804,27.4,0.0,OK,True,MILL_EAST,sugarcane,2026-01-14,8.04
PARCEL_012,2026-02-13,0.164,32.1,1.6,OK,True,MILL_WEST,sugarcane,2026-03-01,6.85
PARCEL_015,2026-01-24,0.43,34.5,0.0,OK,True,MILL_SOUTH,sugarcane,2026-01-06,4.87
PARCEL_008,2026-05-22,0.504,34.6,0.0,OK,True,MILL_EAST,sugarcane,2026-01-22,2.98
PARCEL_013,2026-01-30,0.092,20.1,0.0,OK,True,MILL_EAST,soybean,2026-02-23,2.71
PARCEL_018,2026-03-07,0.6,23.2,3.2,OK,True,MILL_SOUTH,sugarcane,2026-01-11,5.82
PARCEL_023,2026-05-23,0.51,18.2,3.0,OK,True,MILL_WEST,sugarcane,2026-01-26,3.55
PARCEL_018,2026-02-06,0.327,18.7,0.0,OK,True,MILL_SOUTH,sugarcane,2026-01-11,5.82
PARCEL_025,2026-04-24,0.794,31.3,1.4,OK,True,MILL_WEST,sugarcane,2026-02-07,3.02
PARCEL_010,2026-01-06,0.162,25.9,0.0,OK,True,MILL_EAST,sugarcane,2026-01-07,7.44
PARCEL_008,2026-02-17,0.172,27.4,0.0,OK,True,MILL_EAST,sugarcane,2026-01-22,2.98
PARCEL_013,2026-02-26,0.273,28.6,0.0,OK,True,MILL_EAST,soybean,2026-02-23,2.71
PARCEL_012,2026-03-06,0.468,32.9,0.0,OK,True,MILL_WEST,sugarcane,2026-03-01,6.85
PARCEL_007,2026-04-14,0.571,33.2,0.0,OK,True,MILL_NORTH,sugarcane,2026-01-18,8.53
PARCEL_006,2026-03-09,0.407,16.6,0.0,OK,True,MILL_WEST,sugarcane,2026-02-11,5.67
PARCEL_024,2026-03-22,0.551,29.7,0.0,OK,True,MILL_EAST,soybean,2026-01-16,5.43
PARCEL_014,2026-04-26,0.618,26.2,0.0,OK,True,MILL_NORTH,sugarcane,2026-01-05,9.39
PARCEL_004,2026-02-07,0.644,22.9,0.0,OK,True,MILL_NORTH,sugarcane,2026-01-02,3.18
PARCEL_019,2026-01-02,0.133,18.7,5.5,OK,True,MILL_SOUTH,sugarcane,2026-01-18,10.19
PARCEL_011,2026-04-15,0.624,18.9,0.0,BAD_SENSOR,False,MILL_NORTH,wheat,2026-02-21,6.67
PARCEL_005,2026-02-21,0.263,24.5,0.0,OK,True,MILL_NORTH,soybean,2026-02-08,2.79
PARCEL_022,2026-02-22,0.827,16.7,9.4,OK,True,MILL_EAST,sugarcane,2026-01-14,8.04
PARCEL_022,2026-02-06,0.182,20.6,6.4,OK,True,MILL_EAST,sugarcane,2026-01-14,8.04
PARCEL_006,2026-02-07,0.224,28.5,0.0,OK,True,MILL_WEST,sugarcane,2026-02-11,5.67
PARCEL_015,2026-03-10,0.492,25.0,0.2,OK,True,MILL_SOUTH,sugarcane,2026-01-06,4.87
PARCEL_001,2026-05-08,0.629,34.5,0.0,OK,True,MILL_NORTH,sugarcane,2026-02-10,9.03
PARCEL_015,2026-03-27,0.745,24.8,0.0,OK,True,MILL_SOUTH,sugarcane,2026-01-06,4.87
PARCEL_016,2026-04-23,0.874,22.6,3.1,OK,True,MILL_EAST,sugarcane,2026-01-30,4.76
PARCEL_004,2026-03-26,0.688,22.4,0.0,OK,True,MILL_NORTH,sugarcane,2026-01-02,3.18
PARCEL_009,2026-03-22,0.678,15.9,0.0,OK,True,MILL_EAST,sugarcane,2026-02-18,1.57
PARCEL_001,2026-03-17,0.702,27.9,0.0,OK,True,MILL_NORTH,sugarcane,2026-02-10,9.03
PARCEL_011,2026-03-05,0.287,26.9,0.0,OK,True,MILL_NORTH,wheat,2026-02-21,6.67
PARCEL_012,2026-04-29,0.876,29.0,0.0,OK,True,MILL_WEST,sugarcane,2026-03-01,6.85
PARCEL_002,2026-05-08,0.529,31.1,0.0,OK,True,MILL_SOUTH,sugarcane,2026-01-16,8.97
PARCEL_022,2026-01-19,0.254,34.5,0.0,OK,True,MILL_EAST,sugarcane,2026-01-14,8.04
PARCEL_008,2026-05-28,0.419,32.9,0.0,OK,True,MILL_EAST,sugarcane,2026-01-22,2.98
PARCEL_022,2026-01-11,0.205,25.3,0.0,ERROR,False,MILL_EAST,sugarcane,2026-01-14,8.04
PARCEL_001,2026-05-07,0.867,24.0,0.0,OK,True,MILL_NORTH,sugarcane,2026-02-10,9.03
PARCEL_018,2026-05-29,0.481,20.5,9.2,OK,True,MILL_SOUTH,sugarcane,2026-01-11,5.82
PARCEL_023,2026-05-06,0.553,31.0,0.0,OK,True,MILL_WEST,sugarcane,2026-01-26,3.55
PARCEL_002,2026-05-12,0.665,26.1,0.0,OK,True,MILL_SOUTH,sugarcane,2026-01-16,8.97
PARCEL_018,2026-01-09,0.167,24.1,0.0,OK,True,MILL_SOUTH,sugarcane,2026-01-11,5.82
PARCEL_015,2026-01-06,0.451,34.8,0.0,OK,True,MILL_SOUTH,sugarcane,2026-01-06,4.87
PARCEL_006,2026-05-03,0.88,27.5,0.0,OK,True,MILL_WEST,sugarcane,2026-02-11,5.67
PARCEL_023,2026-01-26,0.214,26.3,0.0,OK,True,MILL_WEST,sugarcane,2026-01-26,3.55
PARCEL_011,2026-03-04,0.276,31.2,5.0,OK,True,MILL_NORTH,wheat,2026-02-21,6.67
PARCEL_012,2026-03-09,0.354,25.9,6.3,OK,True,MILL_WEST,sugarcane,2026-03-01,6.85
PARCEL_001,2026-04-02,0.519,34.4,0.0,OK,True,MILL_NORTH,sugarcane,2026-02-10,9.03
PARCEL_003,2026-01-13,0.261,21.2,0.0,OK,True,MILL_NORTH,soybean,2026-02-13,5.35
PARCEL_009,2026-01-03,0.162,34.8,0.0,ERROR,False,MILL_EAST,sugarcane,2026-02-18,1.57
PARCEL_019,2026-05-05,0.724,23.7,0.0,OK,True,MILL_SOUTH,sugarcane,2026-01-18,10.19
PARCEL_010,2026-05-29,0.383,31.2,0.0,OK,True,MILL_EAST,sugarcane,2026-01-07,7.44
PARCEL_002,2026-01-28,0.363,16.8,0.0,OK,True,MILL_SOUTH,sugarcane,2026-01-16,8.97
PARCEL_003,2026-05-31,0.616,18.2,2.6,OK,True,MILL_NORTH,soybean,2026-02-13,5.35
PARCEL_004,2026-05-08,0.492,18.2,0.0,OK,True,MILL_NORTH,sugarcane,2026-01-02,3.18
PARCEL_009,2026-05-01,0.608,28.0,0.0,OK,True,MILL_EAST,sugarcane,2026-02-18,1.57
PARCEL_001,2026-04-13,0.668,28.2,0.0,OK,True,MILL_NORTH,sugarcane,2026-02-10,9.03
PARCEL_001,2026-01-19,0.092,29.5,0.0,OK,True,MILL_NORTH,sugarcane,2026-02-10,9.03
PARCEL_010,2026-05-04,0.519,35.3,0.0,OK,True,MILL_EAST,sugarcane,2026-01-07,7.44
PARCEL_024,2026-04-08,0.628,34.2,0.0,OK,True,MILL_EAST,soybean,2026-01-16,5.43
PARCEL_017,2026-01-31,0.342,30.1,0.0,BAD_SENSOR,False,MILL_EAST,sugarcane,2026-01-14,7.51
PARCEL_011,2026-05-01,0.708,29.8,0.9,OK,True,MILL_NORTH,wheat,2026-02-21,6.67
PARCEL_005,2026-03-01,0.191,27.0,0.0,OK,True,MILL_NORTH,soybean,2026-02-08,2.79
PARCEL_020,2026-03-20,0.402,22.2,0.0,OK,True,MILL_NORTH,sugarcane,2026-02-19,9.95
PARCEL_001,2026-04-28,0.792,17.3,0.0,OK,True,MILL_NORTH,sugarcane,2026-02-10,9.03
PARCEL_005,2026-05-23,0.655,25.0,0.0,OK,True,MILL_NORTH,soybean,2026-02-08,2.79
PARCEL_014,2026-05-20,0.522,32.9,4.1,OK,True,MILL_NORTH,sugarcane,2026-01-05,9.39
PARCEL_006,2026-03-11,0.285,33.8,0.0,ERROR,False,MILL_WEST,sugarcane,2026-02-11,5.67
PARCEL_002,2026-04-29,0.406,20.8,0.0,OK,True,MILL_SOUTH,sugarcane,2026-01-16,8.97
PARCEL_009,2026-02-14,0.237,32.5,0.0,OK,True,MILL_EAST,sugarcane,2026-02-18,1.57
PARCEL_020,2026-02-27,0.442,20.3,0.0,OK,True,MILL_NORTH,sugarcane,2026-02-19,9.95
PARCEL_004,2026-03-17,0.787,32.6,0.0,OK,True,MILL_NORTH,sugarcane,2026-01-02,3.18
PARCEL_014,2026-02-02,0.275,21.4,0.0,OK,True,MILL_NORTH,sugarcane,2026-01-05,9.39
PARCEL_017,2026-04-17,0.634,32.8,0.0,OK,True,MILL_EAST,sugarcane,2026-01-14,7.51
PARCEL_016,2026-03-20,0.618,34.1,0.0,OK,True,MILL_EAST,sugarcane,2026-01-30,4.76
PARCEL_001,2026-01-15,0.143,30.8,0.0,OK,True,MILL_NORTH,sugarcane,2026-02-10,9.03
PARCEL_011,2026-04-03,0.475,23.2,0.0,OK,True,MILL_NORTH,wheat,2026-02-21,6.67
PARCEL_025,2026-05-26,0.452,19.0,0.0,OK,True,MILL_WEST,sugarcane,2026-02-07,3.02
PARCEL_011,2026-05-05,0.534,32.1,0.0,OK,True,MILL_NORTH,wheat,2026-02-21,6.67
PARCEL_008,2026-03-05,0.858,17.6,0.0,OK,True,MILL_EAST,sugarcane,2026-01-22,2.98
PARCEL_005,2026-05-30,0.548,28.1,0.0,OK,True,MILL_NORTH,soybean,2026-02-08,2.79
PARCEL_001,2026-04-10,0.733,16.2,0.0,OK,True,MILL_NORTH,sugarcane,2026-02-10,9.03
PARCEL_007,2026-03-31,0.75,35.3,7.3,OK,True,MILL_NORTH,sugarcane,2026-01-18,8.53
PARCEL_006,2026-05-21,0.62,21.3,0.0,OK,True,MILL_WEST,sugarcane,2026-02-11,5.67
PARCEL_018,2026-05-27,0.59,23.1,1.9,OK,True,MILL_SOUTH,sugarcane,2026-01-11,5.82
PARCEL_020,2026-01-14,0.188,33.9,5.1,OK,True,MILL_NORTH,sugarcane,2026-02-19,9.95
PARCEL_025,2026-03-15,0.533,35.5,0.0,OK,True,MILL_WEST,sugarcane,2026-02-07,3.02
PARCEL_002,2026-01-20,0.351,22.1,0.0,OK,True,MILL_SOUTH,sugarcane,2026-01-16,8.97
PARCEL_020,2026-03-21,0.734,20.0,0.0,OK,True,MILL_NORTH,sugarcane,2026-02-19,9.95
PARCEL_005,2026-04-30,0.498,22.3,0.0,OK,True,MILL_NORTH,soybean,2026-02-08,2.79
PARCEL_021,2026-05-28,0.443,32.5,0.0,OK,True,MILL_EAST,wheat,2026-02-21,3.58
PARCEL_004,2026-04-20,0.653,31.6,0.0,OK,True,MILL_NORTH,sugarcane,2026-01-02,3.18
PARCEL_002,2026-04-02,0.647,31.9,0.0,BAD_SENSOR,False,MILL_SOUTH,sugarcane,2026-01-16,8.97
PARCEL_013,2026-04-21,0.507,32.3,0.0,OK,True,MILL_EAST,soybean,2026-02-23,2.71
PARCEL_024,2026-05-06,0.506,19.3,0.0,OK,True,MILL_EAST,soybean,2026-01-16,5.43
PARCEL_011,2026-02-12,0.097,34.3,0.0,OK,True,MILL_NORTH,wheat,2026-02-21,6.67
PARCEL_014,2026-01-14,0.355,21.9,0.0,ERROR,False,MILL_NORTH,sugarcane,2026-01-05,9.39
PARCEL_012,2026-02-02,0.116,17.4,0.0,OK,True,MILL_WEST,sugarcane,2026-03-01,6.85
PARCEL_014,2026-05-12,0.401,29.6,0.0,OK,True,MILL_NORTH,sugarcane,2026-01-05,9.39
PARCEL_002,2026-01-02,0.283,21.7,0.0,OK,True,MILL_SOUTH,sugarcane,2026-01-16,8.97
PARCEL_020,2026-04-04,0.631,34.9,0.0,OK,True,MILL_NORTH,sugarcane,2026-02-19,9.95
PARCEL_007,2026-01-06,0.137,30.4,7.8,OK,True,MILL_NORTH,sugarcane,2026-01-18,8.53
PARCEL_001,2026-04-21,0.788,18.3,0.0,ERROR,False,MILL_NORTH,sugarcane,2026-02-10,9.03
PARCEL_007,2026-03-16,0.64,22.0,0.0,OK,True,MILL_NORTH,sugarcane,2026-01-18,8.53
PARCEL_025,2026-04-21,0.948,17.3,0.0,OK,True,MILL_WEST,sugarcane,2026-02-07,3.02
PARCEL_002,2026-02-07,0.289,21.5,0.0,OK,True,MILL_SOUTH,sugarcane,2026-01-16,8.97
PARCEL_018,2026-01-13,0.199,22.5,0.0,OK,True,MILL_SOUTH,sugarcane,2026-01-11,5.82
PARCEL_008,2026-05-12,0.44,15.8,0.0,OK,True,MILL_EAST,sugarcane,2026-01-22,2.98
PARCEL_018,2026-04-27,0.551,34.5,0.0,OK,True,MILL_SOUTH,sugarcane,2026-01-11,5.82
PARCEL_016,2026-01-21,0.122,34.6,0.0,ERROR,False,MILL_EAST,sugarcane,2026-01-30,4.76
PARCEL_023,2026-05-13,0.647,29.4,0.0,OK,True,MILL_WEST,sugarcane,2026-01-26,3.55
PARCEL_025,2026-02-10,0.405,24.3,3.7,OK,True,MILL_WEST,sugarcane,2026-02-07,3.02
PARCEL_013,2026-05-13,0.507,23.4,0.0,OK,True,MILL_EAST,soybean,2026-02-23,2.71
PARCEL_003,2026-03-15,0.554,27.4,0.0,OK,True,MILL_NORTH,soybean,2026-02-13,5.35
PARCEL_008,2026-03-04,0.775,28.3,2.0,OK,True,MILL_EAST,sugarcane,2026-01-22,2.98
PARCEL_008,2026-04-19,0.837,33.7,0.0,OK,True,MILL_EAST,sugarcane,2026-01-22,2.98
PARCEL_021,2026-03-06,0.176,31.8,8.5,OK,True,MILL_EAST,wheat,2026-02-21,3.58
PARCEL_008,2026-02-25,0.653,19.8,0.0,OK,True,MILL_EAST,sugarcane,2026-01-22,2.98
PARCEL_016,2026-02-04,0.285,28.5,0.0,OK,True,MILL_EAST,sugarcane,2026-01-30,4.76
PARCEL_024,2026-04-05,0.496,24.7,0.0,OK,True,MILL_EAST,soybean,2026-01-16,5.43
PARCEL_006,2026-04-18,0.76,18.2,0.4,OK,True,MILL_WEST,sugarcane,2026-02-11,5.67
PARCEL_001,2026-02-16,0.445,33.5,0.0,OK,True,MILL_NORTH,sugarcane,2026-02-10,9.03
PARCEL_002,2026-04-19,0.558,33.8,0.0,OK,True,MILL_SOUTH,sugarcane,2026-01-16,8.97
PARCEL_016,2026-03-12,0.708,16.0,0.0,OK,True,MILL_EAST,sugarcane,2026-01-30,4.76
PARCEL_006,2026-03-31,0.671,18.8,0.0,OK,True,MILL_WEST,sugarcane,2026-02-11,5.67
PARCEL_015,2026-03-04,0.742,30.9,0.0,OK,True,MILL_SOUTH,sugarcane,2026-01-06,4.87
PARCEL_021,2026-03-16,0.269,27.8,0.0,OK,True,MILL_EAST,wheat,2026-02-21,3.58
PARCEL_017,2026-02-14,0.642,22.4,7.2,BAD_SENSOR,False,MILL_EAST,sugarcane,2026-01-14,7.51
PARCEL_009,2026-04-27,0.771,32.2,0.0,OK,True,MILL_EAST,sugarcane,2026-02-18,1.57
PARCEL_017,2026-05-26,0.708,18.2,2.6,OK,True,MILL_EAST,sugarcane,2026-01-14,7.51
PARCEL_009,2026-03-28,0.687,31.1,0.0,OK,True,MILL_EAST,sugarcane,2026-02-18,1.57
PARCEL_010,2026-05-14,0.438,25.2,0.0,OK,True,MILL_EAST,sugarcane,2026-01-07,7.44
PARCEL_017,2026-01-09,0.207,34.5,0.0,OK,True,MILL_EAST,sugarcane,2026-01-14,7.51
PARCEL_007,2026-03-05,0.687,31.4,0.0,OK,True,MILL_NORTH,sugarcane,2026-01-18,8.53
PARCEL_014,2026-05-18,0.572,18.8,1.0,OK,True,MILL_NORTH,sugarcane,2026-01-05,9.39
PARCEL_025,2026-05-28,0.683,30.8,2.0,OK,True,MILL_WEST,sugarcane,2026-02-07,3.02
PARCEL_008,2026-04-11,0.587,26.7,0.0,OK,True,MILL_EAST,sugarcane,2026-01-22,2.98
PARCEL_007,2026-05-11,0.68,22.7,0.0,BAD_SENSOR,False,MILL_NORTH,sugarcane,2026-01-18,8.53
PARCEL_001,2026-02-19,0.265,32.0,0.0,OK,True,MILL_NORTH,sugarcane,2026-02-10,9.03
PARCEL_006,2026-05-22,0.591,17.4,0.0,OK,True,MILL_WEST,sugarcane,2026-02-11,5.67
PARCEL_016,2026-03-04,0.705,30.8,0.0,OK,True,MILL_EAST,sugarcane,2026-01-30,4.76
PARCEL_009,2026-01-17,0.228,30.9,0.0,OK,True,MILL_EAST,sugarcane,2026-02-18,1.57
PARCEL_021,2026-04-04,0.533,28.8,0.0,OK,True,MILL_EAST,wheat,2026-02-21,3.58
PARCEL_010,2026-01-12,0.385,31.9,0.0,OK,True,MILL_EAST,sugarcane,2026-01-07,7.44
PARCEL_007,2026-01-30,0.456,31.9,0.0,OK,True,MILL_NORTH,sugarcane,2026-01-18,8.53
PARCEL_014,2026-04-13,0.651,26.3,0.0,OK,True,MILL_NORTH,sugarcane,2026-01-05,9.39
PARCEL_002,2026-01-12,0.251,30.4,0.0,OK,True,MILL_SOUTH,sugarcane,2026-01-16,8.97
PARCEL_024,2026-05-12,0.486,33.0,0.0,OK,True,MILL_EAST,soybean,2026-01-16,5.43
PARCEL_020,2026-03-26,0.668,27.0,0.0,OK,True,MILL_NORTH,sugarcane,2026-02-19,9.95
PARCEL_009,2026-01-10,0.251,29.3,0.0,OK,True,MILL_EAST,sugarcane,2026-02-18,1.57
PARCEL_013,2026-05-10,0.651,23.8,0.0,OK,True,MILL_EAST,soybean,2026-02-23,2.71
PARCEL_023,2026-05-07,0.635,27.4,0.0,OK,True,MILL_WEST,sugarcane,2026-01-26,3.55
PARCEL_024,2026-05-05,0.687,20.5,0.0,OK,True,MILL_EAST,soybean,2026-01-16,5.43
PARCEL_019,2026-02-12,0.279,21.1,0.0,OK,True,MILL_SOUTH,sugarcane,2026-01-18,10.19
PARCEL_013,2026-01-24,0.273,25.6,0.0,OK,True,MILL_EAST,soybean,2026-02-23,2.71
PARCEL_017,2026-02-24,0.602,34.7,0.0,OK,True,MILL_EAST,sugarcane,2026-01-14,7.51
PARCEL_002,2026-05-25,0.384,21.6,0.0,OK,True,MILL_SOUTH,sugarcane,2026-01-16,8.97
PARCEL_015,2026-04-21,0.474,34.5,11.8,OK,True,MILL_SOUTH,sugarcane,2026-01-06,4.87
PARCEL_023,2026-05-05,0.613,32.7,0.0,OK,True,MILL_WEST,sugarcane,2026-01-26,3.55
PARCEL_024,2026-05-26,0.482,27.6,0.0,OK,True,MILL_EAST,soybean,2026-01-16,5.43
PARCEL_019,2026-02-04,0.276,29.0,7.1,OK,True,MILL_SOUTH,sugarcane,2026-01-18,10.19
PARCEL_001,2026-02-11,0.339,19.8,5.0,OK,True,MILL_NORTH,sugarcane,2026-02-10,9.03
PARCEL_023,2026-02-03,0.386,30.4,0.0,OK,True,MILL_WEST,sugarcane,2026-01-26,3.55
PARCEL_021,2026-03-20,0.351,20.3,7.8,OK,True,MILL_EAST,wheat,2026-02-21,3.58
PARCEL_013,2026-02-22,0.178,21.2,1.9,OK,True,MILL_EAST,soybean,2026-02-23,2.71
PARCEL_015,2026-05-31,0.664,31.2,0.0,OK,True,MILL_SOUTH,sugarcane,2026-01-06,4.87
PARCEL_008,2026-03-16,0.663,17.2,0.0,OK,True,MILL_EAST,sugarcane,2026-01-22,2.98
PARCEL_007,2026-02-09,0.211,33.5,0.0,OK,True,MILL_NORTH,sugarcane,2026-01-18,8.53
PARCEL_004,2026-01-10,0.291,30.1,0.0,OK,True,MILL_NORTH,sugarcane,2026-01-02,3.18
PARCEL_009,2026-05-26,0.557,30.5,0.9,OK,True,MILL_EAST,sugarcane,2026-02-18,1.57
PARCEL_019,2026-05-23,0.37,17.2,2.6,OK,True,MILL_SOUTH,sugarcane,2026-01-18,10.19
PARCEL_018,2026-05-04,0.629,34.2,5.0,OK,True,MILL_SOUTH,sugarcane,2026-01-11,5.82
PARCEL_008,2026-04-07,0.793,20.7,0.0,OK,True,MILL_EAST,sugarcane,2026-01-22,2.98
PARCEL_023,2026-01-14,0.265,19.4,0.0,OK,True,MILL_WEST,sugarcane,2026-01-26,3.55
PARCEL_025,2026-01-17,0.19,18.3,0.0,OK,True,MILL_WEST,sugarcane,2026-02-07,3.02
PARCEL_006,2026-04-12,0.667,26.0,0.0,OK,True,MILL_WEST,sugarcane,2026-02-11,5.67
PARCEL_004,2026-05-05,0.568,19.7,0.0,ERROR,False,MILL_NORTH,sugarcane,2026-01-02,3.18
PARCEL_004,2026-02-13,0.589,26.8,1.2,OK,True,MILL_NORTH,sugarcane,2026-01-02,3.18
PARCEL_017,2026-03-21,0.636,17.3,0.0,OK,True,MILL_EAST,sugarcane,2026-01-14,7.51
PARCEL_023,2026-01-25,0.198,21.2,0.0,OK,True,MILL_WEST,sugarcane,2026-01-26,3.55
PARCEL_008,2026-02-01,0.488,25.2,0.0,OK,True,MILL_EAST,sugarcane,2026-01-22,2.98
PARCEL_006,2026-03-21,0.697,20.8,0.0,OK,True,MILL_WEST,sugarcane,2026-02-11,5.67
PARCEL_005,2026-05-05,0.572,31.4,0.0,OK,True,MILL_NORTH,soybean,2026-02-08,2.79
PARCEL_004,2026-03-31,0.62,20.1,0.0,OK,True,MILL_NORTH,sugarcane,2026-01-02,3.18
PARCEL_022,2026-03-16,0.684,31.1,0.0,OK,True,MILL_EAST,sugarcane,2026-01-14,8.04
PARCEL_020,2026-02-02,0.13,19.2,0.0,OK,True,MILL_NORTH,sugarcane,2026-02-19,9.95
PARCEL_002,2026-04-30,0.478,30.7,0.5,OK,True,MILL_SOUTH,sugarcane,2026-01-16,8.97
PARCEL_017,2026-01-12,0.29,27.4,0.0,OK,True,MILL_EAST,sugarcane,2026-01-14,7.51
PARCEL_014,2026-01-01,0.176,29.5,0.0,OK,True,MILL_NORTH,sugarcane,2026-01-05,9.39
PARCEL_011,2026-01-07,0.271,25.9,0.0,OK,True,MILL_NORTH,wheat,2026-02-21,6.67
PARCEL_015,2026-01-22,0.171,24.3,0.0,OK,True,MILL_SOUTH,sugarcane,2026-01-06,4.87
PARCEL_016,2026-05-14,0.629,25.6,0.0,BAD_SENSOR,False,MILL_EAST,sugarcane,2026-01-30,4.76
PARCEL_020,2026-05-02,0.839,23.1,0.0,OK,True,MILL_NORTH,sugarcane,2026-02-19,9.95
PARCEL_001,2026-05-12,0.576,26.6,0.0,OK,True,MILL_NORTH,sugarcane,2026-02-10,9.03
PARCEL_020,2026-05-31,0.691,19.2,0.0,OK,True,MILL_NORTH,sugarcane,2026-02-19,9.95
PARCEL_024,2026-04-26,0.555,31.4,0.0,OK,True,MILL_EAST,soybean,2026-01-16,5.43
PARCEL_001,2026-05-25,0.475,18.8,3.9,OK,True,MILL_NORTH,sugarcane,2026-02-10,9.03
PARCEL_013,2026-02-16,0.137,27.5,0.0,OK,True,MILL_EAST,soybean,2026-02-23,2.71
PARCEL_020,2026-04-01,0.653,30.9,3.5,OK,True,MILL_NORTH,sugarcane,2026-02-19,9.95
PARCEL_022,2026-01-06,0.183,24.0,2.4,OK,True,MILL_EAST,sugarcane,2026-01-14,8.04
PARCEL_001,2026-04-16,0.822,26.8,0.0,OK,True,MILL_NORTH,sugarcane,2026-02-10,9.03
PARCEL_011,2026-02-09,0.111,17.4,0.0,OK,True,MILL_NORTH,wheat,2026-02-21,6.67
PARCEL_007,2026-02-22,0.572,18.5,0.0,OK,True,MILL_NORTH,sugarcane,2026-01-18,8.53
PARCEL_016,2026-05-15,0.649,15.6,0.0,OK,True,MILL_EAST,sugarcane,2026-01-30,4.76
PARCEL_015,2026-02-04,0.388,18.9,0.0,OK,True,MILL_SOUTH,sugarcane,2026-01-06,4.87
PARCEL_012,2026-01-31,0.174,34.0,0.0,OK,True,MILL_WEST,sugarcane,2026-03-01,6.85
PARCEL_014,2026-03-06,0.64,31.7,0.0,OK,True,MILL_NORTH,sugarcane,2026-01-05,9.39
PARCEL_025,2026-05-07,0.795,31.6,0.0,BAD_SENSOR,False,MILL_WEST,sugarcane,2026-02-07,3.02
PARCEL_008,2026-03-29,0.6,35.1,0.0,BAD_SENSOR,False,MILL_EAST,sugarcane,2026-01-22,2.98
PARCEL_023,2026-05-12,0.684,18.3,0.0,OK,True,MILL_WEST,sugarcane,2026-01-26,3.55
PARCEL_017,2026-04-24,0.674,18.2,0.0,OK,True,MILL_EAST,sugarcane,2026-01-14,7.51
PARCEL_025,2026-05-17,0.558,15.7,0.0,OK,True,MILL_WEST,sugarcane,2026-02-07,3.02
PARCEL_001,2026-04-11,0.729,24.4,0.0,OK,True,MILL_NORTH,sugarcane,2026-02-10,9.03
PARCEL_008,2026-01-16,0.202,31.4,0.0,ERROR,False,MILL_EAST,sugarcane,2026-01-22,2.98
PARCEL_006,2026-05-23,0.509,23.8,2.9,OK,True,MILL_WEST,sugarcane,2026-02-11,5.67
PARCEL_016,2026-03-30,0.91,30.9,0.0,OK,True,MILL_EAST,sugarcane,2026-01-30,4.76
PARCEL_020,2026-01-04,0.195,15.1,0.0,OK,True,MILL_NORTH,sugarcane,2026-02-19,9.95
PARCEL_023,2026-02-18,0.375,25.8,0.0,OK,True,MILL_WEST,sugarcane,2026-01-26,3.55
PARCEL_015,2026-02-15,0.82,18.4,0.0,OK,True,MILL_SOUTH,sugarcane,2026-01-06,4.87
PARCEL_014,2026-05-14,0.48,19.3,2.2,OK,True,MILL_NORTH,sugarcane,2026-01-05,9.39
PARCEL_023,2026-04-23,0.701,34.5,0.0,OK,True,MILL_WEST,sugarcane,2026-01-26,3.55
PARCEL_016,2026-03-27,0.743,16.7,0.0,OK,True,MILL_EAST,sugarcane,2026-01-30,4.76
PARCEL_010,2026-01-02,0.029,27.3,0.0,OK,True,MILL_EAST,sugarcane,2026-01-07,7.44
PARCEL_012,2026-05-02,0.808,18.6,0.0,OK,True,MILL_WEST,sugarcane,2026-03-01,6.85
PARCEL_019,2026-02-13,0.223,28.3,0.0,OK,True,MILL_SOUTH,sugarcane,2026-01-18,10.19
PARCEL_010,2026-05-12,0.77,15.9,0.0,OK,True,MILL_EAST,sugarcane,2026-01-07,7.44
PARCEL_024,2026-04-06,0.546,35.3,0.0,OK,True,MILL_EAST,soybean,2026-01-16,5.43
PARCEL_017,2026-01-06,0.171,20.7,3.8,OK,True,MILL_EAST,sugarcane,2026-01-14,7.51
PARCEL_023,2026-01-10,0.239,28.2,0.0,OK,True,MILL_WEST,sugarcane,2026-01-26,3.55
PARCEL_022,2026-05-29,0.743,24.5,0.0,OK,True,MILL_EAST,sugarcane,2026-01-14,8.04
PARCEL_014,2026-01-16,0.211,15.9,1.8,OK,True,MILL_NORTH,sugarcane,2026-01-05,9.39
PARCEL_015,2026-04-20,0.395,34.8,0.0,OK,True,MILL_SOUTH,sugarcane,2026-01-06,4.87
PARCEL_023,2026-04-03,0.807,25.9,0.0,BAD_SENSOR,False,MILL_WEST,sugarcane,2026-01-26,3.55
PARCEL_001,2026-04-09,0.7,32.5,0.0,OK,True,MILL_NORTH,sugarcane,2026-02-10,9.03
PARCEL_003,2026-04-10,0.551,35.5,0.0,OK,True,MILL_NORTH,soybean,2026-02-13,5.35
PARCEL_002,2026-03-29,0.706,33.0,0.0,OK,True,MILL_SOUTH,sugarcane,2026-01-16,8.97
PARCEL_003,2026-01-12,0.209,18.3,0.0,OK,True,MILL_NORTH,soybean,2026-02-13,5.35
PARCEL_009,2026-03-23,0.703,30.8,0.0,ERROR,False,MILL_EAST,sugarcane,2026-02-18,1.57
PARCEL_005,2026-03-04,0.506,35.0,2.0,OK,True,MILL_NORTH,soybean,2026-02-08,2.79
PARCEL_004,2026-02-20,0.766,30.6,0.0,OK,True,MILL_NORTH,sugarcane,2026-01-02,3.18
PARCEL_020,2026-01-02,0.119,18.6,0.0,OK,True,MILL_NORTH,sugarcane,2026-02-19,9.95
PARCEL_015,2026-02-10,0.624,18.1,0.0,OK,True,MILL_SOUTH,sugarcane,2026-01-06,4.87
PARCEL_006,2026-05-24,0.586,27.0,0.0,BAD_SENSOR,False,MILL_WEST,sugarcane,2026-02-11,5.67
PARCEL_015,2026-04-06,0.578,17.6,0.0,OK,True,MILL_SOUTH,sugarcane,2026-01-06,4.87
PARCEL_005,2026-01-16,0.178,22.4,0.0,OK,True,MILL_NORTH,soybean,2026-02-08,2.79
PARCEL_020,2026-02-01,0.194,32.2,0.0,OK,True,MILL_NORTH,sugarcane,2026-02-19,9.95
PARCEL_017,2026-05-11,0.465,30.4,0.0,OK,True,MILL_EAST,sugarcane,2026-01-14,7.51
PARCEL_002,2026-01-18,0.279,23.5,0.0,OK,True,MILL_SOUTH,sugarcane,2026-01-16,8.97
PARCEL_017,2026-04-04,0.795,31.2,4.6,OK,True,MILL_EAST,sugarcane,2026-01-14,7.51
PARCEL_012,2026-05-12,0.583,30.8,0.0,OK,True,MILL_WEST,sugarcane,2026-03-01,6.85
PARCEL_009,2026-01-07,0.197,24.9,2.7,OK,True,MILL_EAST,sugarcane,2026-02-18,1.57
PARCEL_022,2026-02-03,0.327,25.0,0.0,OK,True,MILL_EAST,sugarcane,2026-01-14,8.04
PARCEL_022,2026-02-28,0.812,23.8,0.0,OK,True,MILL_EAST,sugarcane,2026-01-14,8.04
PARCEL_015,2026-01-08,0.309,15.4,7.1,OK,True,MILL_SOUTH,sugarcane,2026-01-06,4.87
PARCEL_012,2026-05-14,0.736,29.8,0.0,OK,True,MILL_WEST,sugarcane,2026-03-01,6.85
PARCEL_009,2026-04-28,0.816,15.6,0.0,OK,True,MILL_EAST,sugarcane,2026-02-18,1.57
PARCEL_007,2026-01-16,0.236,28.4,0.0,OK,True,MILL_NORTH,sugarcane,2026-01-18,8.53
PARCEL_022,2026-02-17,0.67,21.0,0.0,OK,True,MILL_EAST,sugarcane,2026-01-14,8.04
PARCEL_013,2026-05-28,0.397,33.3,0.0,OK,True,MILL_EAST,soybean,2026-02-23,2.71
PARCEL_018,2026-05-23,0.735,15.4,0.0,OK,True,MILL_SOUTH,sugarcane,2026-01-11,5.82
PARCEL_021,2026-05-14,0.381,30.8,0.0,OK,True,MILL_EAST,wheat,2026-02-21,3.58
PARCEL_021,2026-04-13,0.611,25.5,0.0,OK,True,MILL_EAST,wheat,2026-02-21,3.58
PARCEL_016,2026-03-22,0.814,29.5,0.0,OK,True,MILL_EAST,sugarcane,2026-01-30,4.76
PARCEL_019,2026-03-15,0.775,29.0,0.0,OK,True,MILL_SOUTH,sugarcane,2026-01-18,10.19
PARCEL_013,2026-02-07,0.171,30.0,7.5,OK,True,MILL_EAST,soybean,2026-02-23,2.71
PARCEL_005,2026-02-08,0.238,32.5,0.0,OK,True,MILL_NORTH,soybean,2026-02-08,2.79
PARCEL_020,2026-05-27,0.426,16.2,0.8,OK,True,MILL_NORTH,sugarcane,2026-02-19,9.95
PARCEL_004,2026-01-14,0.376,19.4,0.0,OK,True,MILL_NORTH,sugarcane,2026-01-02,3.18
PARCEL_010,2026-03-11,0.722,17.4,7.2,OK,True,MILL_EAST,sugarcane,2026-01-07,7.44
PARCEL_001,2026-05-14,0.398,30.3,0.0,OK,True,MILL_NORTH,sugarcane,2026-02-10,9.03
PARCEL_008,2026-04-25,0.654,21.5,0.0,OK,True,MILL_EAST,sugarcane,2026-01-22,2.98
PARCEL_006,2026-02-22,0.266,25.4,0.0,OK,True,MILL_WEST,sugarcane,2026-02-11,5.67
PARCEL_020,2026-03-16,0.277,30.8,6.7,OK,True,MILL_NORTH,sugarcane,2026-02-19,9.95
PARCEL_012,2026-04-09,0.764,16.5,0.0,OK,True,MILL_WEST,sugarcane,2026-03-01,6.85
PARCEL_025,2026-04-27,0.869,18.9,0.0,OK,True,MILL_WEST,sugarcane,2026-02-07,3.02
PARCEL_011,2026-03-30,0.606,33.2,0.0,OK,True,MILL_NORTH,wheat,2026-02-21,6.67
PARCEL_003,2026-04-04,0.624,16.2,3.3,OK,True,MILL_NORTH,soybean,2026-02-13,5.35
PARCEL_009,2026-02-12,0.215,27.8,4.1,BAD_SENSOR,False,MILL_EAST,sugarcane,2026-02-18,1.57
PARCEL_002,2026-04-08,0.574,30.7,0.0,OK,True,MILL_SOUTH,sugarcane,2026-01-16,8.97
PARCEL_007,2026-02-17,0.695,24.0,0.0,BAD_SENSOR,False,MILL_NORTH,sugarcane,2026-01-18,8.53
PARCEL_014,2026-05-02,0.449,30.9,0.0,OK,True,MILL_NORTH,sugarcane,2026-01-05,9.39
PARCEL_007,2026-04-12,0.643,27.6,3.1,OK,True,MILL_NORTH,sugarcane,2026-01-18,8.53
PARCEL_015,2026-02-11,0.762,18.0,8.6,OK,True,MILL_SOUTH,sugarcane,2026-01-06,4.87
PARCEL_025,2026-03-08,0.429,18.1,0.0,OK,True,MILL_WEST,sugarcane,2026-02-07,3.02
PARCEL_021,2026-01-09,0.227,24.5,2.0,BAD_SENSOR,False,MILL_EAST,wheat,2026-02-21,3.58
PARCEL_002,2026-02-12,0.166,22.1,0.0,OK,True,MILL_SOUTH,sugarcane,2026-01-16,8.97
PARCEL_016,2026-04-30,0.595,19.0,0.0,OK,True,MILL_EAST,sugarcane,2026-01-30,4.76
PARCEL_010,2026-01-19,0.134,15.7,0.0,OK,True,MILL_EAST,sugarcane,2026-01-07,7.44
PARCEL_021,2026-03-31,0.543,30.3,0.0,OK,True,MILL_EAST,wheat,2026-02-21,3.58
PARCEL_023,2026-05-31,0.728,15.9,0.0,OK,True,MILL_WEST,sugarcane,2026-01-26,3.55
PARCEL_008,2026-03-13,0.662,28.6,0.0,OK,True,MILL_EAST,sugarcane,2026-01-22,2.98
PARCEL_020,2026-02-10,0.178,18.4,0.0,OK,True,MILL_NORTH,sugarcane,2026-02-19,9.95
PARCEL_021,2026-04-10,0.489,26.7,0.0,OK,True,MILL_EAST,wheat,2026-02-21,3.58
PARCEL_006,2026-04-16,0.709,24.2,1.5,OK,True,MILL_WEST,sugarcane,2026-02-11,5.67
PARCEL_013,2026-01-18,0.176,30.9,0.0,OK,True,MILL_EAST,soybean,2026-02-23,2.71
PARCEL_012,2026-02-03,0.202,31.6,1.5,OK,True,MILL_WEST,sugarcane,2026-03-01,6.85
PARCEL_023,2026-03-13,0.796,26.9,2.6,ERROR,False,MILL_WEST,sugarcane,2026-01-26,3.55
PARCEL_007,2026-01-01,0.092,16.8,7.6,OK,True,MILL_NORTH,sugarcane,2026-01-18,8.53
PARCEL_007,2026-03-18,0.827,23.1,0.0,ERROR,False,MILL_NORTH,sugarcane,2026-01-18,8.53
PARCEL_016,2026-05-31,0.68,29.7,0.0,OK,True,MILL_EAST,sugarcane,2026-01-30,4.76
PARCEL_024,2026-04-18,0.585,29.3,3.9,OK,True,MILL_EAST,soybean,2026-01-16,5.43
PARCEL_018,2026-04-16,0.668,18.7,0.0,OK,True,MILL_SOUTH,sugarcane,2026-01-11,5.82
PARCEL_016,2026-05-01,0.562,16.0,0.0,OK,True,MILL_EAST,sugarcane,2026-01-30,4.76
PARCEL_015,2026-03-18,0.691,21.1,0.0,BAD_SENSOR,False,MILL_SOUTH,sugarcane,2026-01-06,4.87
PARCEL_001,2026-05-29,0.407,30.1,0.0,BAD_SENSOR,False,MILL_NORTH,sugarcane,2026-02-10,9.03
PARCEL_021,2026-04-12,0.532,20.7,0.0,OK,True,MILL_EAST,wheat,2026-02-21,3.58
PARCEL_009,2026-03-06,0.326,26.4,0.0,OK,True,MILL_EAST,sugarcane,2026-02-18,1.57
PARCEL_011,2026-03-17,0.328,27.4,2.8,OK,True,MILL_NORTH,wheat,2026-02-21,6.67
PARCEL_014,2026-02-06,0.707,25.7,0.0,OK,True,MILL_NORTH,sugarcane,2026-01-05,9.39
PARCEL_008,2026-01-22,0.364,31.7,0.0,OK,True,MILL_EAST,sugarcane,2026-01-22,2.98
PARCEL_001,2026-05-04,0.713,16.0,0.0,OK,True,MILL_NORTH,sugarcane,2026-02-10,9.03
PARCEL_011,2026-01-01,0.124,16.3,0.0,OK,True,MILL_NORTH,wheat,2026-02-21,6.67
PARCEL_008,2026-05-02,0.394,31.0,0.0,OK,True,MILL_EAST,sugarcane,2026-01-22,2.98
PARCEL_007,2026-05-07,0.529,34.0,0.0,OK,True,MILL_NORTH,sugarcane,2026-01-18,8.53
PARCEL_010,2026-03-13,0.677,30.7,0.0,OK,True,MILL_EAST,sugarcane,2026-01-07,7.44
PARCEL_023,2026-04-21,0.778,30.1,0.0,ERROR,False,MILL_WEST,sugarcane,2026-01-26,3.55
PARCEL_016,2026-04-28,0.658,22.3,0.0,ERROR,False,MILL_EAST,sugarcane,2026-01-30,4.76
PARCEL_009,2026-02-04,0.187,31.4,2.3,OK,True,MILL_EAST,sugarcane,2026-02-18,1.57
PARCEL_019,2026-05-02,0.476,26.7,0.0,OK,True,MILL_SOUTH,sugarcane,2026-01-18,10.19
PARCEL_001,2026-01-25,0.275,29.3,0.0,OK,True,MILL_NORTH,sugarcane,2026-02-10,9.03
PARCEL_006,2026-01-18,0.093,21.3,0.0,ERROR,False,MILL_WEST,sugarcane,2026-02-11,5.67
PARCEL_014,2026-02-14,0.653,28.4,0.0,OK,True,MILL_NORTH,sugarcane,2026-01-05,9.39
PARCEL_008,2026-02-10,0.229,19.0,0.0,OK,True,MILL_EAST,sugarcane,2026-01-22,2.98
PARCEL_011,2026-05-31,0.55,25.8,0.0,OK,True,MILL_NORTH,wheat,2026-02-21,6.67
PARCEL_008,2026-04-05,0.803,21.8,0.0,OK,True,MILL_EAST,sugarcane,2026-01-22,2.98
PARCEL_004,2026-05-16,0.646,30.6,0.0,OK,True,MILL_NORTH,sugarcane,2026-01-02,3.18
PARCEL_002,2026-01-13,0.309,23.4,0.0,OK,True,MILL_SOUTH,sugarcane,2026-01-16,8.97
PARCEL_010,2026-04-04,0.851,31.3,0.0,OK,True,MILL_EAST,sugarcane,2026-01-07,7.44
PARCEL_008,2026-04-03,0.711,31.0,0.0,OK,True,MILL_EAST,sugarcane,2026-01-22,2.98
PARCEL_014,2026-02-17,0.677,17.7,0.0,OK,True,MILL_NORTH,sugarcane,2026-01-05,9.39
PARCEL_009,2026-02-13,0.237,24.2,4.9,OK,True,MILL_EAST,sugarcane,2026-02-18,1.57
PARCEL_008,2026-01-30,0.335,32.0,0.0,OK,True,MILL_EAST,sugarcane,2026-01-22,2.98
PARCEL_011,2026-04-12,0.509,33.6,0.0,OK,True,MILL_NORTH,wheat,2026-02-21,6.67
PARCEL_024,2026-05-08,0.622,33.4,3.8,OK,True,MILL_EAST,soybean,2026-01-16,5.43
PARCEL_023,2026-04-01,0.908,29.1,0.6,OK,True,MILL_WEST,sugarcane,2026-01-26,3.55
PARCEL_014,2026-02-12,0.8,15.8,0.0,OK,True,MILL_NORTH,sugarcane,2026-01-05,9.39
PARCEL_008,2026-05-31,0.422,28.2,8.0,OK,True,MILL_EAST,sugarcane,2026-01-22,2.98
PARCEL_008,2026-05-05,0.497,32.2,0.0,OK,True,MILL_EAST,sugarcane,2026-01-22,2.98
PARCEL_012,2026-04-04,0.725,29.0,0.0,OK,True,MILL_WEST,sugarcane,2026-03-01,6.85
PARCEL_023,2026-02-07,0.192,17.6,0.0,OK,True,MILL_WEST,sugarcane,2026-01-26,3.55
PARCEL_014,2026-02-22,0.758,18.2,0.0,OK,True,MILL_NORTH,sugarcane,2026-01-05,9.39
PARCEL_016,2026-03-29,0.814,19.8,0.0,OK,True,MILL_EAST,sugarcane,2026-01-30,4.76
PARCEL_011,2026-01-11,0.244,34.6,0.0,OK,True,MILL_NORTH,wheat,2026-02-21,6.67
PARCEL_008,2026-05-26,0.573,22.7,0.0,OK,True,MILL_EAST,sugarcane,2026-01-22,2.98
PARCEL_019,2026-01-15,0.211,17.8,0.0,OK,True,MILL_SOUTH,sugarcane,2026-01-18,10.19
PARCEL_011,2026-03-26,0.455,32.0,0.0,OK,True,MILL_NORTH,wheat,2026-02-21,6.67
PARCEL_013,2026-04-27,0.396,21.9,0.0,OK,True,MILL_EAST,soybean,2026-02-23,2.71
PARCEL_015,2026-05-05,0.671,34.1,0.0,OK,True,MILL_SOUTH,sugarcane,2026-01-06,4.87
PARCEL_012,2026-05-18,0.806,15.7,0.0,OK,True,MILL_WEST,sugarcane,2026-03-01,6.85
PARCEL_019,2026-02-15,0.285,35.0,0.0,OK,True,MILL_SOUTH,sugarcane,2026-01-18,10.19
PARCEL_022,2026-04-20,0.755,29.6,5.2,OK,True,MILL_EAST,sugarcane,2026-01-14,8.04
PARCEL_007,2026-01-10,0.128,27.8,2.9,ERROR,False,MILL_NORTH,sugarcane,2026-01-18,8.53
PARCEL_012,2026-03-24,0.33,29.8,0.8,OK,True,MILL_WEST,sugarcane,2026-03-01,6.85
PARCEL_006,2026-01-13,0.198,20.5,0.0,OK,True,MILL_WEST,sugarcane,2026-02-11,5.67
PARCEL_002,2026-03-19,0.555,30.4,0.0,OK,True,MILL_SOUTH,sugarcane,2026-01-16,8.97
PARCEL_020,2026-05-17,0.832,26.9,0.0,OK,True,MILL_NORTH,sugarcane,2026-02-19,9.95
PARCEL_009,2026-01-29,0.184,28.9,0.0,OK,True,MILL_EAST,sugarcane,2026-02-18,1.57
PARCEL_009,2026-02-08,0.214,32.9,3.2,OK,True,MILL_EAST,sugarcane,2026-02-18,1.57
PARCEL_019,2026-04-23,0.572,24.2,0.0,OK,True,MILL_SOUTH,sugarcane,2026-01-18,10.19
PARCEL_006,2026-05-14,0.713,25.9,0.0,OK,True,MILL_WEST,sugarcane,2026-02-11,5.67
PARCEL_009,2026-05-06,0.645,25.1,0.0,OK,True,MILL_EAST,sugarcane,2026-02-18,1.57
PARCEL_021,2026-01-19,0.243,16.3,0.0,OK,True,MILL_EAST,wheat,2026-02-21,3.58
PARCEL_023,2026-01-04,0.106,32.1,0.0,OK,True,MILL_WEST,sugarcane,2026-01-26,3.55
PARCEL_016,2026-01-13,0.219,29.3,0.0,OK,True,MILL_EAST,sugarcane,2026-01-30,4.76
PARCEL_021,2026-05-21,0.406,33.2,2.8,OK,True,MILL_EAST,wheat,2026-02-21,3.58
PARCEL_025,2026-03-20,0.699,24.0,0.0,OK,True,MILL_WEST,sugarcane,2026-02-07,3.02
PARCEL_015,2026-02-09,0.631,29.3,0.0,OK,True,MILL_SOUTH,sugarcane,2026-01-06,4.87
PARCEL_011,2026-02-16,0.157,25.3,7.3,OK,True,MILL_NORTH,wheat,2026-02-21,6.67
PARCEL_016,2026-04-26,0.565,23.7,0.0,OK,True,MILL_EAST,sugarcane,2026-01-30,4.76
PARCEL_002,2026-01-09,0.149,24.1,0.0,OK,True,MILL_SOUTH,sugarcane,2026-01-16,8.97
PARCEL_022,2026-05-27,0.664,34.1,0.0,OK,True,MILL_EAST,sugarcane,2026-01-14,8.04
PARCEL_013,2026-04-06,0.47,29.3,4.3,OK,True,MILL_EAST,soybean,2026-02-23,2.71
PARCEL_017,2026-03-27,0.672,34.3,0.0,OK,True,MILL_EAST,sugarcane,2026-01-14,7.51
PARCEL_017,2026-01-18,0.282,23.4,0.0,OK,True,MILL_EAST,sugarcane,2026-01-14,7.51
PARCEL_016,2026-02-15,0.31,19.7,0.0,OK,True,MILL_EAST,sugarcane,2026-01-30,4.76
PARCEL_013,2026-02-02,0.082,15.5,0.0,OK,True,MILL_EAST,soybean,2026-02-23,2.71
PARCEL_022,2026-05-13,0.662,16.1,0.0,OK,True,MILL_EAST,sugarcane,2026-01-14,8.04
PARCEL_024,2026-03-08,0.655,18.2,0.0,OK,True,MILL_EAST,soybean,2026-01-16,5.43
PARCEL_013,2026-04-26,0.536,32.5,11.1,OK,True,MILL_EAST,soybean,2026-02-23,2.71
PARCEL_001,2026-01-21,0.295,35.1,2.7,OK,True,MILL_NORTH,sugarcane,2026-02-10,9.03
PARCEL_025,2026-01-22,0.167,21.9,3.2,OK,True,MILL_WEST,sugarcane,2026-02-07,3.02
PARCEL_006,2026-03-24,0.681,24.0,0.0,OK,True,MILL_WEST,sugarcane,2026-02-11,5.67
PARCEL_020,2026-01-01,0.079,15.9,0.0,OK,True,MILL_NORTH,sugarcane,2026-02-19,9.95
PARCEL_020,2026-04-24,0.759,33.7,0.0,OK,True,MILL_NORTH,sugarcane,2026-02-19,9.95
PARCEL_015,2026-01-05,0.183,33.1,0.0,OK,True,MILL_SOUTH,sugarcane,2026-01-06,4.87
PARCEL_010,2026-02-11,0.778,29.5,0.0,OK,True,MILL_EAST,sugarcane,2026-01-07,7.44
PARCEL_011,2026-01-14,0.198,23.9,0.0,OK,True,MILL_NORTH,wheat,2026-02-21,6.67
PARCEL_020,2026-04-29,0.67,15.5,6.6,OK,True,MILL_NORTH,sugarcane,2026-02-19,9.95
PARCEL_004,2026-03-25,0.742,34.6,0.0,OK,True,MILL_NORTH,sugarcane,2026-01-02,3.18
PARCEL_022,2026-05-31,0.463,26.3,0.0,OK,True,MILL_EAST,sugarcane,2026-01-14,8.04
PARCEL_015,2026-01-07,0.424,34.7,0.0,OK,True,MILL_SOUTH,sugarcane,2026-01-06,4.87
PARCEL_019,2026-03-28,0.863,24.7,0.7,OK,True,MILL_SOUTH,sugarcane,2026-01-18,10.19
PARCEL_005,2026-04-19,0.471,28.3,0.0,OK,True,MILL_NORTH,soybean,2026-02-08,2.79
PARCEL_023,2026-04-25,0.87,26.2,0.0,ERROR,False,MILL_WEST,sugarcane,2026-01-26,3.55
PARCEL_014,2026-02-20,0.795,16.1,0.0,OK,True,MILL_NORTH,sugarcane,2026-01-05,9.39
PARCEL_022,2026-04-23,0.584,34.2,3.9,OK,True,MILL_EAST,sugarcane,2026-01-14,8.04
PARCEL_011,2026-05-29,0.625,16.4,0.0,OK,True,MILL_NORTH,wheat,2026-02-21,6.67
PARCEL_004,2026-01-15,0.301,16.6,0.0,OK,True,MILL_NORTH,sugarcane,2026-01-02,3.18
PARCEL_015,2026-01-16,0.348,15.4,0.0,ERROR,False,MILL_SOUTH,sugarcane,2026-01-06,4.87
PARCEL_024,2026-05-11,0.734,18.7,0.0,OK,True,MILL_EAST,soybean,2026-01-16,5.43
PARCEL_009,2026-01-09,0.152,24.8,0.0,OK,True,MILL_EAST,sugarcane,2026-02-18,1.57
PARCEL_005,2026-04-27,0.529,22.0,8.2,OK,True,MILL_NORTH,soybean,2026-02-08,2.79
PARCEL_014,2026-01-28,0.323,29.8,0.0,OK,True,MILL_NORTH,sugarcane,2026-01-05,9.39
PARCEL_023,2026-05-28,0.522,18.1,0.0,OK,True,MILL_WEST,sugarcane,2026-01-26,3.55
PARCEL_018,2026-01-17,0.266,29.0,0.3,OK,True,MILL_SOUTH,sugarcane,2026-01-11,5.82
PARCEL_016,2026-02-17,0.313,21.2,0.0,OK,True,MILL_EAST,sugarcane,2026-01-30,4.76
PARCEL_022,2026-05-26,0.51,31.7,2.5,OK,True,MILL_EAST,sugarcane,2026-01-14,8.04
PARCEL_002,2026-04-17,0.582,16.8,2.9,OK,True,MILL_SOUTH,sugarcane,2026-01-16,8.97
PARCEL_006,2026-02-08,0.211,15.9,0.0,ERROR,False,MILL_WEST,sugarcane,2026-02-11,5.67
PARCEL_007,2026-04-23,0.463,25.2,0.0,OK,True,MILL_NORTH,sugarcane,2026-01-18,8.53
PARCEL_010,2026-01-30,0.354,22.2,0.0,OK,True,MILL_EAST,sugarcane,2026-01-07,7.44
PARCEL_019,2026-02-22,0.564,15.5,0.3,OK,True,MILL_SOUTH,sugarcane,2026-01-18,10.19
PARCEL_018,2026-05-15,0.539,19.6,1.2,OK,True,MILL_SOUTH,sugarcane,2026-01-11,5.82
PARCEL_014,2026-04-28,0.45,17.7,0.0,OK,True,MILL_NORTH,sugarcane,2026-01-05,9.39
PARCEL_006,2026-05-11,0.601,31.5,0.0,OK,True,MILL_WEST,sugarcane,2026-02-11,5.67
PARCEL_021,2026-03-13,0.472,18.8,0.0,OK,True,MILL_EAST,wheat,2026-02-21,3.58
PARCEL_020,2026-04-11,0.743,31.0,2.1,OK,True,MILL_NORTH,sugarcane,2026-02-19,9.95
PARCEL_019,2026-05-14,0.526,27.0,4.5,OK,True,MILL_SOUTH,sugarcane,2026-01-18,10.19
PARCEL_012,2026-05-13,0.766,26.0,0.0,OK,True,MILL_WEST,sugarcane,2026-03-01,6.85
PARCEL_018,2026-04-05,0.704,32.9,3.3,OK,True,MILL_SOUTH,sugarcane,2026-01-11,5.82
PARCEL_002,2026-01-15,0.212,24.5,0.0,OK,True,MILL_SOUTH,sugarcane,2026-01-16,8.97
PARCEL_006,2026-03-18,0.911,20.0,0.0,BAD_SENSOR,False,MILL_WEST,sugarcane,2026-02-11,5.67
PARCEL_014,2026-03-30,0.722,33.5,0.0,OK,True,MILL_NORTH,sugarcane,2026-01-05,9.39
PARCEL_012,2026-04-12,0.757,31.5,0.0,OK,True,MILL_WEST,sugarcane,2026-03-01,6.85
PARCEL_007,2026-05-24,0.465,30.2,0.0,OK,True,MILL_NORTH,sugarcane,2026-01-18,8.53
PARCEL_014,2026-05-15,0.705,18.1,0.0,OK,True,MILL_NORTH,sugarcane,2026-01-05,9.39
PARCEL_012,2026-03-17,0.395,15.8,5.3,OK,True,MILL_WEST,sugarcane,2026-03-01,6.85
PARCEL_018,2026-02-09,0.41,21.3,9.2,OK,True,MILL_SOUTH,sugarcane,2026-01-11,5.82
PARCEL_023,2026-03-10,0.707,21.4,0.0,OK,True,MILL_WEST,sugarcane,2026-01-26,3.55
PARCEL_012,2026-03-19,0.36,32.7,0.0,OK,True,MILL_WEST,sugarcane,2026-03-01,6.85
PARCEL_001,2026-05-03,0.613,19.9,0.0,OK,True,MILL_NORTH,sugarcane,2026-02-10,9.03
PARCEL_016,2026-05-24,0.63,22.3,0.0,OK,True,MILL_EAST,sugarcane,2026-01-30,4.76
PARCEL_007,2026-04-25,0.413,17.2,2.9,OK,True,MILL_NORTH,sugarcane,2026-01-18,8.53
PARCEL_015,2026-03-14,0.551,16.7,1.4,OK,True,MILL_SOUTH,sugarcane,2026-01-06,4.87
PARCEL_003,2026-04-13,0.487,25.4,2.7,ERROR,False,MILL_NORTH,soybean,2026-02-13,5.35
PARCEL_024,2026-02-04,0.36,31.5,0.0,OK,True,MILL_EAST,soybean,2026-01-16,5.43
PARCEL_024,2026-03-23,0.595,26.5,0.0,OK,True,MILL_EAST,soybean,2026-01-16,5.43
PARCEL_001,2026-03-28,0.6,23.5,0.0,OK,True,MILL_NORTH,sugarcane,2026-02-10,9.03
PARCEL_014,2026-05-09,0.677,29.4,5.8,OK,True,MILL_NORTH,sugarcane,2026-01-05,9.39
PARCEL_008,2026-03-23,0.525,19.0,0.0,OK,True,MILL_EAST,sugarcane,2026-01-22,2.98
PARCEL_012,2026-04-01,0.567,34.1,9.9,OK,True,MILL_WEST,sugarcane,2026-03-01,6.85
PARCEL_003,2026-05-18,0.67,30.7,0.0,OK,True,MILL_NORTH,soybean,2026-02-13,5.35
PARCEL_012,2026-05-10,0.599,32.9,0.0,OK,True,MILL_WEST,sugarcane,2026-03-01,6.85
PARCEL_023,2026-02-23,0.411,21.1,5.4,OK,True,MILL_WEST,sugarcane,2026-01-26,3.55
PARCEL_001,2026-01-12,0.077,32.3,4.1,OK,True,MILL_NORTH,sugarcane,2026-02-10,9.03
PARCEL_003,2026-04-03,0.456,29.7,0.0,OK,True,MILL_NORTH,soybean,2026-02-13,5.35
PARCEL_001,2026-02-28,0.385,34.3,0.0,OK,True,MILL_NORTH,sugarcane,2026-02-10,9.03
PARCEL_018,2026-04-12,0.467,33.9,4.6,OK,True,MILL_SOUTH,sugarcane,2026-01-11,5.82
PARCEL_020,2026-01-31,0.244,35.2,0.0,OK,True,MILL_NORTH,sugarcane,2026-02-19,9.95
PARCEL_003,2026-02-06,0.071,33.3,5.4,OK,True,MILL_NORTH,soybean,2026-02-13,5.35
PARCEL_005,2026-04-17,0.45,17.5,0.0,OK,True,MILL_NORTH,soybean,2026-02-08,2.79
PARCEL_016,2026-01-06,0.308,23.2,0.0,OK,True,MILL_EAST,sugarcane,2026-01-30,4.76
PARCEL_013,2026-03-02,0.412,34.2,0.0,OK,True,MILL_EAST,soybean,2026-02-23,2.71
PARCEL_007,2026-01-02,0.124,34.1,0.0,OK,True,MILL_NORTH,sugarcane,2026-01-18,8.53
PARCEL_006,2026-03-26,0.503,35.0,0.0,OK,True,MILL_WEST,sugarcane,2026-02-11,5.67
PARCEL_009,2026-03-21,0.93,20.9,0.0,OK,True,MILL_EAST,sugarcane,2026-02-18,1.57
PARCEL_010,2026-02-09,0.731,19.3,1.1,ERROR,False,MILL_EAST,sugarcane,2026-01-07,7.44
PARCEL_001,2026-01-01,0.17,33.9,0.0,OK,True,MILL_NORTH,sugarcane,2026-02-10,9.03
PARCEL_016,2026-05-04,0.747,23.3,0.0,OK,True,MILL_EAST,sugarcane,2026-01-30,4.76
PARCEL_010,2026-02-10,0.834,22.8,0.0,OK,True,MILL_EAST,sugarcane,2026-01-07,7.44
PARCEL_011,2026-01-08,0.113,23.5,0.0,OK,True,MILL_NORTH,wheat,2026-02-21,6.67
PARCEL_024,2026-04-28,0.629,18.8,7.7,OK,True,MILL_EAST,soybean,2026-01-16,5.43
PARCEL_007,2026-04-24,0.65,31.6,10.1,OK,True,MILL_NORTH,sugarcane,2026-01-18,8.53
PARCEL_024,2026-03-28,0.556,32.2,0.0,OK,True,MILL_EAST,soybean,2026-01-16,5.43
PARCEL_022,2026-03-01,0.763,17.8,0.0,OK,True,MILL_EAST,sugarcane,2026-01-14,8.04
PARCEL_003,2026-05-02,0.694,22.0,0.0,OK,True,MILL_NORTH,soybean,2026-02-13,5.35
PARCEL_001,2026-05-31,0.54,24.0,0.0,OK,True,MILL_NORTH,sugarcane,2026-02-10,9.03
PARCEL_001,2026-05-06,0.713,24.0,0.0,OK,True,MILL_NORTH,sugarcane,2026-02-10,9.03
PARCEL_011,2026-05-26,0.659,20.8,0.0,OK,True,MILL_NORTH,wheat,2026-02-21,6.67
PARCEL_022,2026-02-04,0.336,28.3,0.0,OK,True,MILL_EAST,sugarcane,2026-01-14,8.04
PARCEL_023,2026-03-09,0.581,29.2,8.0,OK,True,MILL_WEST,sugarcane,2026-01-26,3.55
PARCEL_015,2026-04-24,0.703,22.7,0.0,ERROR,False,MILL_SOUTH,sugarcane,2026-01-06,4.87
PARCEL_001,2026-03-01,0.239,31.4,0.0,OK,True,MILL_NORTH,sugarcane,2026-02-10,9.03
PARCEL_019,2026-02-17,0.804,29.3,0.0,OK,True,MILL_SOUTH,sugarcane,2026-01-18,10.19
PARCEL_007,2026-01-09,0.142,32.8,3.6,OK,True,MILL_NORTH,sugarcane,2026-01-18,8.53
PARCEL_006,2026-05-02,0.673,25.2,0.0,OK,True,MILL_WEST,sugarcane,2026-02-11,5.67
PARCEL_004,2026-05-18,0.504,19.2,0.0,OK,True,MILL_NORTH,sugarcane,2026-01-02,3.18
PARCEL_015,2026-04-29,0.52,16.5,0.0,OK,True,MILL_SOUTH,sugarcane,2026-01-06,4.87
PARCEL_021,2026-01-02,0.154,31.8,0.0,OK,True,MILL_EAST,wheat,2026-02-21,3.58
PARCEL_024,2026-03-09,0.558,28.2,1.7,OK,True,MILL_EAST,soybean,2026-01-16,5.43
PARCEL_009,2026-05-27,0.386,32.7,0.0,OK,True,MILL_EAST,sugarcane,2026-02-18,1.57
PARCEL_017,2026-02-23,0.493,21.9,0.0,OK,True,MILL_EAST,sugarcane,2026-01-14,7.51
PARCEL_017,2026-03-15,0.856,25.5,5.8,OK,True,MILL_EAST,sugarcane,2026-01-14,7.51
PARCEL_001,2026-04-19,0.698,17.3,2.0,OK,True,MILL_NORTH,sugarcane,2026-02-10,9.03
PARCEL_017,2026-04-19,0.547,31.1,0.0,OK,True,MILL_EAST,sugarcane,2026-01-14,7.51
PARCEL_025,2026-01-08,0.187,21.5,0.0,OK,True,MILL_WEST,sugarcane,2026-02-07,3.02
PARCEL_011,2026-03-03,0.243,28.0,0.0,OK,True,MILL_NORTH,wheat,2026-02-21,6.67
PARCEL_018,2026-04-10,0.768,26.6,0.0,OK,True,MILL_SOUTH,sugarcane,2026-01-11,5.82
PARCEL_003,2026-01-29,0.219,17.0,0.0,OK,True,MILL_NORTH,soybean,2026-02-13,5.35
PARCEL_018,2026-05-30,0.631,26.4,0.0,OK,True,MILL_SOUTH,sugarcane,2026-01-11,5.82
PARCEL_021,2026-02-14,0.257,26.8,0.0,OK,True,MILL_EAST,wheat,2026-02-21,3.58
PARCEL_022,2026-02-25,0.852,31.1,0.0,OK,True,MILL_EAST,sugarcane,2026-01-14,8.04
PARCEL_003,2026-04-12,0.619,25.8,0.0,OK,True,MILL_NORTH,soybean,2026-02-13,5.35
PARCEL_010,2026-02-14,0.742,27.5,0.0,OK,True,MILL_EAST,sugarcane,2026-01-07,7.44
PARCEL_019,2026-04-05,0.742,28.9,5.8,OK,True,MILL_SOUTH,sugarcane,2026-01-18,10.19
PARCEL_003,2026-01-23,0.075,23.6,0.0,OK,True,MILL_NORTH,soybean,2026-02-13,5.35
PARCEL_013,2026-05-01,0.419,18.7,0.0,OK,True,MILL_EAST,soybean,2026-02-23,2.71
PARCEL_025,2026-03-25,0.736,21.9,0.0,OK,True,MILL_WEST,sugarcane,2026-02-07,3.02
PARCEL_011,2026-05-16,0.509,27.6,0.0,OK,True,MILL_NORTH,wheat,2026-02-21,6.67
PARCEL_018,2026-01-19,0.429,30.9,0.0,OK,True,MILL_SOUTH,sugarcane,2026-01-11,5.82
PARCEL_012,2026-01-08,0.169,28.1,0.0,OK,True,MILL_WEST,sugarcane,2026-03-01,6.85
PARCEL_015,2026-04-16,0.459,21.4,0.7,OK,True,MILL_SOUTH,sugarcane,2026-01-06,4.87
PARCEL_020,2026-05-04,0.587,27.9,0.0,OK,True,MILL_NORTH,sugarcane,2026-02-19,9.95
PARCEL_015,2026-05-03,0.487,19.6,0.0,OK,True,MILL_SOUTH,sugarcane,2026-01-06,4.87
PARCEL_016,2026-04-06,0.737,27.9,0.0,OK,True,MILL_EAST,sugarcane,2026-01-30,4.76
PARCEL_013,2026-05-11,0.514,20.0,0.0,OK,True,MILL_EAST,soybean,2026-02-23,2.71
PARCEL_021,2026-01-27,0.242,27.6,5.3,ERROR,False,MILL_EAST,wheat,2026-02-21,3.58
PARCEL_013,2026-01-05,0.145,29.3,0.0,BAD_SENSOR,False,MILL_EAST,soybean,2026-02-23,2.71
PARCEL_015,2026-04-19,0.5,31.9,0.0,OK,True,MILL_SOUTH,sugarcane,2026-01-06,4.87
PARCEL_020,2026-03-08,0.32,22.3,0.0,OK,True,MILL_NORTH,sugarcane,2026-02-19,9.95
PARCEL_025,2026-02-19,0.268,33.9,0.0,ERROR,False,MILL_WEST,sugarcane,2026-02-07,3.02
PARCEL_011,2026-01-18,0.324,29.8,0.0,OK,True,MILL_NORTH,wheat,2026-02-21,6.67
PARCEL_012,2026-05-11,0.655,19.4,2.5,OK,True,MILL_WEST,sugarcane,2026-03-01,6.85
PARCEL_006,2026-05-09,0.739,31.1,0.0,BAD_SENSOR,False,MILL_WEST,sugarcane,2026-02-11,5.67
PARCEL_013,2026-02-17,0.126,18.9,0.0,OK,True,MILL_EAST,soybean,2026-02-23,2.71
PARCEL_007,2026-02-15,0.369,22.1,0.0,OK,True,MILL_NORTH,sugarcane,2026-01-18,8.53
PARCEL_004,2026-01-20,0.172,30.9,0.0,OK,True,MILL_NORTH,sugarcane,2026-01-02,3.18
PARCEL_006,2026-05-27,0.292,18.4,0.0,ERROR,False,MILL_WEST,sugarcane,2026-02-11,5.67
PARCEL_018,2026-02-18,0.637,26.0,0.0,OK,True,MILL_SOUTH,sugarcane,2026-01-11,5.82
PARCEL_023,2026-05-24,0.599,21.0,0.0,OK,True,MILL_WEST,sugarcane,2026-01-26,3.55
PARCEL_008,2026-03-08,0.619,28.6,4.9,OK,True,MILL_EAST,sugarcane,2026-01-22,2.98
PARCEL_024,2026-04-13,0.596,23.2,0.0,OK,True,MILL_EAST,soybean,2026-01-16,5.43
PARCEL_006,2026-01-07,0.204,24.3,6.8,OK,True,MILL_WEST,sugarcane,2026-02-11,5.67
PARCEL_023,2026-04-05,0.691,25.1,0.0,ERROR,False,MILL_WEST,sugarcane,2026-01-26,3.55
PARCEL_020,2026-04-27,0.619,16.6,0.0,OK,True,MILL_NORTH,sugarcane,2026-02-19,9.95
PARCEL_012,2026-02-04,0.108,23.7,0.0,OK,True,MILL_WEST,sugarcane,2026-03-01,6.85
PARCEL_017,2026-04-05,0.629,27.7,0.0,OK,True,MILL_EAST,sugarcane,2026-01-14,7.51
PARCEL_011,2026-05-18,0.713,28.0,0.0,OK,True,MILL_NORTH,wheat,2026-02-21,6.67
PARCEL_011,2026-03-20,0.415,24.7,0.0,OK,True,MILL_NORTH,wheat,2026-02-21,6.67
PARCEL_018,2026-03-14,0.718,15.8,0.0,OK,True,MILL_SOUTH,sugarcane,2026-01-11,5.82
PARCEL_013,2026-02-20,0.203,19.2,0.0,OK,True,MILL_EAST,soybean,2026-02-23,2.71
PARCEL_003,2026-03-17,0.502,20.2,0.0,OK,True,MILL_NORTH,soybean,2026-02-13,5.35
PARCEL_025,2026-02-25,0.425,25.4,7.9,OK,True,MILL_WEST,sugarcane,2026-02-07,3.02
PARCEL_016,2026-05-18,0.559,22.9,3.9,OK,True,MILL_EAST,sugarcane,2026-01-30,4.76
PARCEL_023,2026-05-01,0.629,22.5,0.0,OK,True,MILL_WEST,sugarcane,2026-01-26,3.55
PARCEL_012,2026-02-25,0.259,16.8,0.0,BAD_SENSOR,False,MILL_WEST,sugarcane,2026-03-01,6.85
PARCEL_007,2026-05-01,0.612,31.7,0.0,OK,True,MILL_NORTH,sugarcane,2026-01-18,8.53
PARCEL_017,2026-05-08,0.522,25.4,0.5,OK,True,MILL_EAST,sugarcane,2026-01-14,7.51
PARCEL_010,2026-02-06,0.827,23.7,0.0,ERROR,False,MILL_EAST,sugarcane,2026-01-07,7.44
PARCEL_001,2026-03-31,0.683,16.5,2.0,OK,True,MILL_NORTH,sugarcane,2026-02-10,9.03
PARCEL_015,2026-02-07,0.734,17.0,9.2,OK,True,MILL_SOUTH,sugarcane,2026-01-06,4.87
PARCEL_003,2026-04-08,0.588,18.1,2.9,OK,True,MILL_NORTH,soybean,2026-02-13,5.35
PARCEL_017,2026-04-27,0.665,34.3,3.9,OK,True,MILL_EAST,sugarcane,2026-01-14,7.51
PARCEL_015,2026-01-10,0.408,18.9,0.0,OK,True,MILL_SOUTH,sugarcane,2026-01-06,4.87
PARCEL_008,2026-01-12,0.1,18.5,0.0,OK,True,MILL_EAST,sugarcane,2026-01-22,2.98
PARCEL_012,2026-04-19,0.781,33.5,0.0,OK,True,MILL_WEST,sugarcane,2026-03-01,6.85
PARCEL_004,2026-03-24,0.669,35.1,0.0,OK,True,MILL_NORTH,sugarcane,2026-01-02,3.18
PARCEL_025,2026-05-14,0.626,28.8,0.0,OK,True,MILL_WEST,sugarcane,2026-02-07,3.02
PARCEL_020,2026-01-27,0.188,31.2,0.0,OK,True,MILL_NORTH,sugarcane,2026-02-19,9.95
PARCEL_005,2026-04-06,0.298,17.1,0.0,OK,True,MILL_NORTH,soybean,2026-02-08,2.79
PARCEL_003,2026-05-22,0.469,31.8,0.0,OK,True,MILL_NORTH,soybean,2026-02-13,5.35
PARCEL_011,2026-03-29,0.43,21.5,0.0,ERROR,False,MILL_NORTH,wheat,2026-02-21,6.67
PARCEL_025,2026-02-13,0.241,28.6,0.0,OK,True,MILL_WEST,sugarcane,2026-02-07,3.02
PARCEL_010,2026-02-16,0.622,21.1,0.0,OK,True,MILL_EAST,sugarcane,2026-01-07,7.44
PARCEL_016,2026-04-12,0.73,30.8,0.0,OK,True,MILL_EAST,sugarcane,2026-01-30,4.76
PARCEL_004,2026-02-24,0.64,20.5,0.0,OK,True,MILL_NORTH,sugarcane,2026-01-02,3.18
PARCEL_003,2026-04-23,0.447,15.7,0.0,OK,True,MILL_NORTH,soybean,2026-02-13,5.35
PARCEL_017,2026-05-22,0.593,22.1,0.0,OK,True,MILL_EAST,sugarcane,2026-01-14,7.51
PARCEL_018,2026-03-09,0.856,25.8,0.0,OK,True,MILL_SOUTH,sugarcane,2026-01-11,5.82
PARCEL_022,2026-03-05,0.862,26.1,0.0,OK,True,MILL_EAST,sugarcane,2026-01-14,8.04
PARCEL_022,2026-05-06,0.466,25.4,0.0,OK,True,MILL_EAST,sugarcane,2026-01-14,8.04
PARCEL_011,2026-02-02,0.244,33.0,0.5,BAD_SENSOR,False,MILL_NORTH,wheat,2026-02-21,6.67
PARCEL_007,2026-02-03,0.257,30.3,3.2,OK,True,MILL_NORTH,sugarcane,2026-01-18,8.53
PARCEL_008,2026-05-29,0.563,21.7,3.5,ERROR,False,MILL_EAST,sugarcane,2026-01-22,2.98
PARCEL_008,2026-04-01,0.558,31.6,0.0,OK,True,MILL_EAST,sugarcane,2026-01-22,2.98
PARCEL_006,2026-03-19,0.574,29.5,0.0,OK,True,MILL_WEST,sugarcane,2026-02-11,5.67
PARCEL_025,2026-04-25,0.785,16.9,0.0,OK,True,MILL_WEST,sugarcane,2026-02-07,3.02
PARCEL_007,2026-05-26,0.617,26.7,2.8,OK,True,MILL_NORTH,sugarcane,2026-01-18,8.53
PARCEL_021,2026-01-28,0.299,29.9,0.0,OK,True,MILL_EAST,wheat,2026-02-21,3.58
PARCEL_017,2026-02-17,0.73,23.5,0.0,OK,True,MILL_EAST,sugarcane,2026-01-14,7.51
PARCEL_023,2026-05-18,0.733,29.7,0.0,OK,True,MILL_WEST,sugarcane,2026-01-26,3.55
PARCEL_001,2026-05-28,0.409,22.7,2.3,OK,True,MILL_NORTH,sugarcane,2026-02-10,9.03
PARCEL_012,2026-05-24,0.556,30.6,0.0,OK,True,MILL_WEST,sugarcane,2026-03-01,6.85
PARCEL_025,2026-04-28,0.603,31.7,0.0,OK,True,MILL_WEST,sugarcane,2026-02-07,3.02
PARCEL_020,2026-02-26,0.226,17.3,0.0,OK,True,MILL_NORTH,sugarcane,2026-02-19,9.95
PARCEL_002,2026-01-16,0.308,25.7,1.2,OK,True,MILL_SOUTH,sugarcane,2026-01-16,8.97
PARCEL_006,2026-01-04,0.148,33.0,0.6,OK,True,MILL_WEST,sugarcane,2026-02-11,5.67
PARCEL_018,2026-01-27,0.214,17.1,2.3,OK,True,MILL_SOUTH,sugarcane,2026-01-11,5.82
PARCEL_013,2026-05-24,0.677,25.2,0.0,OK,True,MILL_EAST,soybean,2026-02-23,2.71
PARCEL_018,2026-04-19,0.488,32.4,0.0,OK,True,MILL_SOUTH,sugarcane,2026-01-11,5.82
PARCEL_011,2026-05-13,0.584,21.4,0.0,OK,True,MILL_NORTH,wheat,2026-02-21,6.67
PARCEL_010,2026-01-04,0.108,25.8,0.0,OK,True,MILL_EAST,sugarcane,2026-01-07,7.44
PARCEL_001,2026-02-21,0.326,33.3,0.0,OK,True,MILL_NORTH,sugarcane,2026-02-10,9.03
PARCEL_006,2026-05-28,0.532,21.4,6.4,OK,True,MILL_WEST,sugarcane,2026-02-11,5.67
PARCEL_020,2026-05-25,0.538,21.7,0.0,OK,True,MILL_NORTH,sugarcane,2026-02-19,9.95
PARCEL_019,2026-01-14,0.191,27.1,6.4,OK,True,MILL_SOUTH,sugarcane,2026-01-18,10.19
PARCEL_007,2026-03-15,0.704,29.9,0.0,OK,True,MILL_NORTH,sugarcane,2026-01-18,8.53
PARCEL_008,2026-05-13,0.499,33.3,0.0,OK,True,MILL_EAST,sugarcane,2026-01-22,2.98
PARCEL_013,2026-05-07,0.619,17.3,4.9,OK,True,MILL_EAST,soybean,2026-02-23,2.71
PARCEL_005,2026-01-03,0.13,21.4,0.0,ERROR,False,MILL_NORTH,soybean,2026-02-08,2.79
PARCEL_014,2026-02-03,0.27,34.1,0.0,OK,True,MILL_NORTH,sugarcane,2026-01-05,9.39
PARCEL_008,2026-05-16,0.425,29.1,0.0,OK,True,MILL_EAST,sugarcane,2026-01-22,2.98
PARCEL_020,2026-03-14,0.359,27.7,0.0,OK,True,MILL_NORTH,sugarcane,2026-02-19,9.95
PARCEL_021,2026-02-17,0.207,22.6,0.0,OK,True,MILL_EAST,wheat,2026-02-21,3.58
PARCEL_005,2026-05-29,0.502,33.3,0.0,OK,True,MILL_NORTH,soybean,2026-02-08,2.79
PARCEL_017,2026-01-23,0.396,34.1,0.0,OK,True,MILL_EAST,sugarcane,2026-01-14,7.51
PARCEL_013,2026-03-14,0.351,22.6,0.0,OK,True,MILL_EAST,soybean,2026-02-23,2.71
PARCEL_016,2026-01-25,0.118,33.9,0.0,OK,True,MILL_EAST,sugarcane,2026-01-30,4.76
PARCEL_007,2026-03-03,0.784,25.4,0.0,OK,True,MILL_NORTH,sugarcane,2026-01-18,8.53
PARCEL_018,2026-03-20,0.742,25.0,0.0,OK,True,MILL_SOUTH,sugarcane,2026-01-11,5.82
PARCEL_023,2026-01-31,0.352,22.5,4.6,OK,True,MILL_WEST,sugarcane,2026-01-26,3.55
PARCEL_004,2026-05-04,0.485,21.7,0.0,OK,True,MILL_NORTH,sugarcane,2026-01-02,3.18
PARCEL_017,2026-01-29,0.241,22.7,0.0,OK,True,MILL_EAST,sugarcane,2026-01-14,7.51
PARCEL_006,2026-03-16,0.882,32.4,0.0,OK,True,MILL_WEST,sugarcane,2026-02-11,5.67
PARCEL_004,2026-04-02,0.609,19.0,0.0,OK,True,MILL_NORTH,sugarcane,2026-01-02,3.18
PARCEL_005,2026-04-10,0.559,32.2,0.0,OK,True,MILL_NORTH,soybean,2026-02-08,2.79
PARCEL_017,2026-03-24,0.623,21.6,0.0,OK,True,MILL_EAST,sugarcane,2026-01-14,7.51
PARCEL_005,2026-05-16,0.442,24.8,0.0,OK,True,MILL_NORTH,soybean,2026-02-08,2.79
PARCEL_005,2026-01-29,0.255,25.2,0.0,OK,True,MILL_NORTH,soybean,2026-02-08,2.79
PARCEL_012,2026-03-03,0.184,22.3,0.0,OK,True,MILL_WEST,sugarcane,2026-03-01,6.85
PARCEL_014,2026-03-17,0.632,22.1,0.0,OK,True,MILL_NORTH,sugarcane,2026-01-05,9.39
PARCEL_021,2026-02-11,0.251,16.1,0.0,OK,True,MILL_EAST,wheat,2026-02-21,3.58
PARCEL_001,2026-02-27,0.497,29.8,0.0,OK,True,MILL_NORTH,sugarcane,2026-02-10,9.03
PARCEL_013,2026-01-15,0.141,19.0,3.8,OK,True,MILL_EAST,soybean,2026-02-23,2.71
PARCEL_011,2026-04-05,0.585,34.1,0.0,BAD_SENSOR,False,MILL_NORTH,wheat,2026-02-21,6.67
PARCEL_013,2026-02-21,0.207,30.4,0.0,OK,True,MILL_EAST,soybean,2026-02-23,2.71
PARCEL_025,2026-03-23,0.681,16.2,0.0,OK,True,MILL_WEST,sugarcane,2026-02-07,3.02
PARCEL_013,2026-01-17,0.179,29.5,0.0,OK,True,MILL_EAST,soybean,2026-02-23,2.71
PARCEL_024,2026-02-27,0.436,31.1,6.9,OK,True,MILL_EAST,soybean,2026-01-16,5.43
PARCEL_001,2026-03-26,0.721,19.0,0.0,OK,True,MILL_NORTH,sugarcane,2026-02-10,9.03
PARCEL_014,2026-05-04,0.503,18.1,0.0,OK,True,MILL_NORTH,sugarcane,2026-01-05,9.39
PARCEL_001,2026-01-29,0.294,23.5,0.0,OK,True,MILL_NORTH,sugarcane,2026-02-10,9.03
PARCEL_008,2026-04-17,0.585,33.0,0.0,OK,True,MILL_EAST,sugarcane,2026-01-22,2.98
PARCEL_015,2026-05-23,0.446,17.4,0.0,OK,True,MILL_SOUTH,sugarcane,2026-01-06,4.87
PARCEL_015,2026-01-29,0.351,24.0,8.1,OK,True,MILL_SOUTH,sugarcane,2026-01-06,4.87
PARCEL_014,2026-05-07,0.553,31.1,0.0,OK,True,MILL_NORTH,sugarcane,2026-01-05,9.39
PARCEL_010,2026-02-18,0.811,21.8,0.0,OK,True,MILL_EAST,sugarcane,2026-01-07,7.44
PARCEL_022,2026-01-05,0.19,20.7,0.0,OK,True,MILL_EAST,sugarcane,2026-01-14,8.04
PARCEL_021,2026-03-04,0.144,29.9,0.0,OK,True,MILL_EAST,wheat,2026-02-21,3.58
PARCEL_012,2026-05-21,0.746,17.3,0.0,OK,True,MILL_WEST,sugarcane,2026-03-01,6.85
PARCEL_007,2026-03-29,0.662,28.1,0.0,OK,True,MILL_NORTH,sugarcane,2026-01-18,8.53
PARCEL_016,2026-05-02,0.452,27.4,0.0,OK,True,MILL_EAST,sugarcane,2026-01-30,4.76
PARCEL_010,2026-03-02,0.573,19.3,0.4,OK,True,MILL_EAST,sugarcane,2026-01-07,7.44
PARCEL_020,2026-04-08,0.741,32.0,0.0,OK,True,MILL_NORTH,sugarcane,2026-02-19,9.95
PARCEL_007,2026-02-07,0.261,33.0,0.0,OK,True,MILL_NORTH,sugarcane,2026-01-18,8.53
PARCEL_014,2026-03-24,0.863,34.6,7.2,OK,True,MILL_NORTH,sugarcane,2026-01-05,9.39
PARCEL_009,2026-04-22,0.736,25.7,7.4,OK,True,MILL_EAST,sugarcane,2026-02-18,1.57
PARCEL_001,2026-03-05,0.335,20.4,0.0,OK,True,MILL_NORTH,sugarcane,2026-02-10,9.03
PARCEL_014,2026-01-29,0.387,19.2,0.0,OK,True,MILL_NORTH,sugarcane,2026-01-05,9.39
PARCEL_002,2026-02-04,0.404,28.9,0.0,OK,True,MILL_SOUTH,sugarcane,2026-01-16,8.97
PARCEL_024,2026-01-05,0.199,34.0,0.0,OK,True,MILL_EAST,soybean,2026-01-16,5.43
PARCEL_008,2026-05-27,0.572,31.2,0.0,OK,True,MILL_EAST,sugarcane,2026-01-22,2.98
PARCEL_010,2026-04-12,0.63,35.3,0.0,OK,True,MILL_EAST,sugarcane,2026-01-07,7.44
PARCEL_025,2026-05-09,0.519,30.0,0.0,OK,True,MILL_WEST,sugarcane,2026-02-07,3.02
PARCEL_007,2026-05-16,0.775,18.4,0.0,OK,True,MILL_NORTH,sugarcane,2026-01-18,8.53
PARCEL_025,2026-04-16,0.592,26.3,0.0,ERROR,False,MILL_WEST,sugarcane,2026-02-07,3.02
PARCEL_005,2026-05-07,0.666,28.4,4.5,OK,True,MILL_NORTH,soybean,2026-02-08,2.79
PARCEL_004,2026-03-19,0.646,26.2,0.0,OK,True,MILL_NORTH,sugarcane,2026-01-02,3.18
PARCEL_007,2026-03-11,0.734,24.4,0.0,OK,True,MILL_NORTH,sugarcane,2026-01-18,8.53
PARCEL_007,2026-02-23,0.728,20.0,0.0,OK,True,MILL_NORTH,sugarcane,2026-01-18,8.53
PARCEL_022,2026-02-07,0.26,16.8,0.0,OK,True,MILL_EAST,sugarcane,2026-01-14,8.04
PARCEL_018,2026-03-31,0.559,30.9,0.0,OK,True,MILL_SOUTH,sugarcane,2026-01-11,5.82
PARCEL_009,2026-04-15,0.72,27.2,0.0,OK,True,MILL_EAST,sugarcane,2026-02-18,1.57
PARCEL_023,2026-01-01,-0.06,22.4,0.0,OK,True,MILL_WEST,sugarcane,2026-01-26,3.55
PARCEL_021,2026-05-20,0.649,32.1,3.5,OK,True,MILL_EAST,wheat,2026-02-21,3.58
PARCEL_022,2026-04-10,0.792,34.5,0.0,OK,True,MILL_EAST,sugarcane,2026-01-14,8.04
PARCEL_007,2026-04-03,0.742,32.4,0.0,OK,True,MILL_NORTH,sugarcane,2026-01-18,8.53
PARCEL_014,2026-01-20,0.432,33.9,0.0,BAD_SENSOR,False,MILL_NORTH,sugarcane,2026-01-05,9.39
PARCEL_014,2026-04-20,0.67,21.0,0.0,OK,True,MILL_NORTH,sugarcane,2026-01-05,9.39
PARCEL_007,2026-03-24,0.838,31.4,0.0,OK,True,MILL_NORTH,sugarcane,2026-01-18,8.53
PARCEL_008,2026-04-15,0.8,35.2,0.0,OK,True,MILL_EAST,sugarcane,2026-01-22,2.98
PARCEL_019,2026-02-18,0.859,33.7,0.0,OK,True,MILL_SOUTH,sugarcane,2026-01-18,10.19
PARCEL_016,2026-01-05,0.071,26.5,0.0,OK,True,MILL_EAST,sugarcane,2026-01-30,4.76
PARCEL_005,2026-04-04,0.558,31.2,0.0,OK,True,MILL_NORTH,soybean,2026-02-08,2.79
PARCEL_023,2026-05-04,0.509,18.5,0.0,OK,True,MILL_WEST,sugarcane,2026-01-26,3.55
PARCEL_018,2026-02-10,0.572,18.6,0.0,OK,True,MILL_SOUTH,sugarcane,2026-01-11,5.82
PARCEL_012,2026-01-09,0.101,17.3,0.0,OK,True,MILL_WEST,sugarcane,2026-03-01,6.85
PARCEL_004,2026-03-10,0.775,20.8,5.0,OK,True,MILL_NORTH,sugarcane,2026-01-02,3.18
PARCEL_004,2026-05-20,0.36,30.1,0.4,OK,True,MILL_NORTH,sugarcane,2026-01-02,3.18
PARCEL_002,2026-03-30,0.843,20.3,0.0,OK,True,MILL_SOUTH,sugarcane,2026-01-16,8.97
PARCEL_013,2026-01-20,0.206,23.8,3.5,OK,True,MILL_EAST,soybean,2026-02-23,2.71
PARCEL_016,2026-03-01,0.822,26.2,1.8,ERROR,False,MILL_EAST,sugarcane,2026-01-30,4.76
PARCEL_015,2026-02-18,0.825,33.8,0.0,OK,True,MILL_SOUTH,sugarcane,2026-01-06,4.87
PARCEL_003,2026-04-26,0.605,34.4,0.0,OK,True,MILL_NORTH,soybean,2026-02-13,5.35
PARCEL_016,2026-02-06,0.235,30.4,0.0,OK,True,MILL_EAST,sugarcane,2026-01-30,4.76
PARCEL_016,2026-04-24,0.798,24.1,0.0,OK,True,MILL_EAST,sugarcane,2026-01-30,4.76
PARCEL_016,2026-05-25,0.602,27.0,0.0,OK,True,MILL_EAST,sugarcane,2026-01-30,4.76
PARCEL_003,2026-01-07,0.214,26.7,0.0,OK,True,MILL_NORTH,soybean,2026-02-13,5.35
PARCEL_019,2026-05-19,0.422,24.5,0.0,OK,True,MILL_SOUTH,sugarcane,2026-01-18,10.19
PARCEL_013,2026-03-06,0.332,28.9,3.8,OK,True,MILL_EAST,soybean,2026-02-23,2.71
PARCEL_017,2026-04-02,0.85,18.0,0.0,OK,True,MILL_EAST,sugarcane,2026-01-14,7.51
PARCEL_011,2026-04-22,0.609,32.9,0.0,OK,True,MILL_NORTH,wheat,2026-02-21,6.67
PARCEL_017,2026-02-16,0.681,28.7,0.0,BAD_SENSOR,False,MILL_EAST,sugarcane,2026-01-14,7.51
PARCEL_011,2026-05-30,0.591,30.4,0.0,OK,True,MILL_NORTH,wheat,2026-02-21,6.67
PARCEL_015,2026-05-22,0.506,17.9,8.0,OK,True,MILL_SOUTH,sugarcane,2026-01-06,4.87
PARCEL_025,2026-02-11,0.37,33.4,1.2,OK,True,MILL_WEST,sugarcane,2026-02-07,3.02
PARCEL_019,2026-01-18,0.313,32.1,0.0,OK,True,MILL_SOUTH,sugarcane,2026-01-18,10.19
PARCEL_010,2026-01-13,0.302,22.4,0.0,OK,True,MILL_EAST,sugarcane,2026-01-07,7.44
PARCEL_009,2026-05-12,0.67,23.6,0.0,OK,True,MILL_EAST,sugarcane,2026-02-18,1.57
PARCEL_022,2026-03-07,0.874,17.5,0.0,OK,True,MILL_EAST,sugarcane,2026-01-14,8.04
PARCEL_025,2026-05-13,0.463,30.0,0.0,OK,True,MILL_WEST,sugarcane,2026-02-07,3.02
PARCEL_024,2026-02-06,0.356,24.8,0.0,OK,True,MILL_EAST,soybean,2026-01-16,5.43
PARCEL_007,2026-02-04,0.449,22.1,0.0,OK,True,MILL_NORTH,sugarcane,2026-01-18,8.53
PARCEL_002,2026-02-24,0.833,21.8,0.0,OK,True,MILL_SOUTH,sugarcane,2026-01-16,8.97
PARCEL_021,2026-04-20,0.367,20.5,0.0,OK,True,MILL_EAST,wheat,2026-02-21,3.58
PARCEL_003,2026-04-25,0.43,30.0,0.0,OK,True,MILL_NORTH,soybean,2026-02-13,5.35
PARCEL_001,2026-05-10,0.878,23.9,0.0,OK,True,MILL_NORTH,sugarcane,2026-02-10,9.03
PARCEL_015,2026-01-09,0.307,31.9,0.0,BAD_SENSOR,False,MILL_SOUTH,sugarcane,2026-01-06,4.87
PARCEL_019,2026-03-27,0.866,32.0,0.0,OK,True,MILL_SOUTH,sugarcane,2026-01-18,10.19
PARCEL_023,2026-04-20,0.635,18.1,0.0,OK,True,MILL_WEST,sugarcane,2026-01-26,3.55
PARCEL_019,2026-04-26,0.429,34.4,0.0,OK,True,MILL_SOUTH,sugarcane,2026-01-18,10.19
PARCEL_005,2026-05-28,0.52,34.2,0.0,OK,True,MILL_NORTH,soybean,2026-02-08,2.79
PARCEL_014,2026-03-25,0.666,24.2,0.0,OK,True,MILL_NORTH,sugarcane,2026-01-05,9.39
PARCEL_024,2026-03-05,0.505,29.7,0.0,ERROR,False,MILL_EAST,soybean,2026-01-16,5.43
PARCEL_009,2026-02-21,0.311,33.9,4.4,BAD_SENSOR,False,MILL_EAST,sugarcane,2026-02-18,1.57
PARCEL_008,2026-02-18,0.371,29.1,0.0,OK,True,MILL_EAST,sugarcane,2026-01-22,2.98
PARCEL_007,2026-05-08,0.689,26.1,0.0,OK,True,MILL_NORTH,sugarcane,2026-01-18,8.53
PARCEL_007,2026-05-06,0.499,28.7,3.6,OK,True,MILL_NORTH,sugarcane,2026-01-18,8.53
PARCEL_024,2026-01-11,0.199,29.3,0.0,BAD_SENSOR,False,MILL_EAST,soybean,2026-01-16,5.43
PARCEL_015,2026-03-03,0.722,16.0,0.0,OK,True,MILL_SOUTH,sugarcane,2026-01-06,4.87
PARCEL_019,2026-03-13,0.592,23.3,4.7,OK,True,MILL_SOUTH,sugarcane,2026-01-18,10.19
PARCEL_018,2026-05-28,0.45,29.7,0.0,OK,True,MILL_SOUTH,sugarcane,2026-01-11,5.82
PARCEL_003,2026-01-09,0.11,17.7,0.0,OK,True,MILL_NORTH,soybean,2026-02-13,5.35
PARCEL_007,2026-03-07,0.64,32.0,0.0,OK,True,MILL_NORTH,sugarcane,2026-01-18,8.53
PARCEL_009,2026-01-27,0.097,27.0,0.0,OK,True,MILL_EAST,sugarcane,2026-02-18,1.57
PARCEL_010,2026-03-01,0.795,23.9,4.9,OK,True,MILL_EAST,sugarcane,2026-01-07,7.44
PARCEL_014,2026-05-13,0.613,16.6,0.0,OK,True,MILL_NORTH,sugarcane,2026-01-05,9.39
PARCEL_023,2026-05-08,0.598,17.0,0.0,OK,True,MILL_WEST,sugarcane,2026-01-26,3.55
PARCEL_010,2026-01-31,0.483,31.1,2.5,OK,True,MILL_EAST,sugarcane,2026-01-07,7.44
PARCEL_012,2026-03-21,0.394,33.0,0.0,OK,True,MILL_WEST,sugarcane,2026-03-01,6.85
PARCEL_025,2026-01-30,0.262,23.4,0.0,OK,True,MILL_WEST,sugarcane,2026-02-07,3.02
PARCEL_025,2026-01-09,0.151,22.9,0.0,OK,True,MILL_WEST,sugarcane,2026-02-07,3.02
PARCEL_005,2026-02-13,0.139,21.6,0.0,OK,True,MILL_NORTH,soybean,2026-02-08,2.79
PARCEL_011,2026-04-21,0.685,20.7,0.0,OK,True,MILL_NORTH,wheat,2026-02-21,6.67
PARCEL_009,2026-04-05,0.779,20.2,0.0,OK,True,MILL_EAST,sugarcane,2026-02-18,1.57
PARCEL_009,2026-02-25,0.236,33.4,7.2,OK,True,MILL_EAST,sugarcane,2026-02-18,1.57
PARCEL_003,2026-03-10,0.324,21.9,0.0,ERROR,False,MILL_NORTH,soybean,2026-02-13,5.35
PARCEL_012,2026-04-14,0.84,34.1,0.0,OK,True,MILL_WEST,sugarcane,2026-03-01,6.85
PARCEL_001,2026-03-11,0.352,35.1,0.0,OK,True,MILL_NORTH,sugarcane,2026-02-10,9.03
PARCEL_004,2026-04-08,0.38,29.5,0.0,OK,True,MILL_NORTH,sugarcane,2026-01-02,3.18
PARCEL_020,2026-01-26,0.229,15.9,0.0,OK,True,MILL_NORTH,sugarcane,2026-02-19,9.95
PARCEL_001,2026-01-17,0.21,32.2,3.6,OK,True,MILL_NORTH,sugarcane,2026-02-10,9.03
PARCEL_007,2026-04-04,0.635,29.2,0.0,OK,True,MILL_NORTH,sugarcane,2026-01-18,8.53
PARCEL_008,2026-05-24,0.58,24.3,0.0,ERROR,False,MILL_EAST,sugarcane,2026-01-22,2.98
PARCEL_008,2026-04-23,0.789,28.2,0.0,OK,True,MILL_EAST,sugarcane,2026-01-22,2.98
PARCEL_003,2026-03-12,0.295,26.4,0.0,OK,True,MILL_NORTH,soybean,2026-02-13,5.35
PARCEL_021,2026-05-06,0.57,33.8,0.0,OK,True,MILL_EAST,wheat,2026-02-21,3.58
PARCEL_015,2026-03-12,0.495,15.5,0.0,OK,True,MILL_SOUTH,sugarcane,2026-01-06,4.87
PARCEL_002,2026-01-07,0.128,32.7,0.0,OK,True,MILL_SOUTH,sugarcane,2026-01-16,8.97
PARCEL_020,2026-04-26,0.506,34.4,0.0,OK,True,MILL_NORTH,sugarcane,2026-02-19,9.95
PARCEL_020,2026-05-03,0.804,35.1,0.0,OK,True,MILL_NORTH,sugarcane,2026-02-19,9.95
PARCEL_003,2026-05-10,0.479,31.0,0.0,OK,True,MILL_NORTH,soybean,2026-02-13,5.35
PARCEL_021,2026-05-04,0.549,23.3,0.0,OK,True,MILL_EAST,wheat,2026-02-21,3.58
PARCEL_012,2026-05-20,0.766,18.9,0.0,OK,True,MILL_WEST,sugarcane,2026-03-01,6.85
PARCEL_005,2026-01-15,0.094,29.0,0.0,OK,True,MILL_NORTH,soybean,2026-02-08,2.79
PARCEL_022,2026-04-08,0.85,21.0,0.0,OK,True,MILL_EAST,sugarcane,2026-01-14,8.04
PARCEL_004,2026-01-11,0.44,20.0,5.0,OK,True,MILL_NORTH,sugarcane,2026-01-02,3.18
PARCEL_023,2026-01-22,0.177,16.1,0.0,OK,True,MILL_WEST,sugarcane,2026-01-26,3.55
PARCEL_019,2026-02-06,0.386,25.0,0.0,ERROR,False,MILL_SOUTH,sugarcane,2026-01-18,10.19
PARCEL_022,2026-04-17,0.513,15.9,0.0,OK,True,MILL_EAST,sugarcane,2026-01-14,8.04
PARCEL_017,2026-04-20,0.471,31.1,0.0,OK,True,MILL_EAST,sugarcane,2026-01-14,7.51
PARCEL_012,2026-04-24,0.809,18.5,0.0,OK,True,MILL_WEST,sugarcane,2026-03-01,6.85
PARCEL_007,2026-03-14,0.828,23.3,0.0,OK,True,MILL_NORTH,sugarcane,2026-01-18,8.53
PARCEL_003,2026-01-25,0.164,19.5,0.0,ERROR,False,MILL_NORTH,soybean,2026-02-13,5.35
PARCEL_025,2026-01-07,0.081,27.2,0.0,OK,True,MILL_WEST,sugarcane,2026-02-07,3.02
PARCEL_010,2026-03-07,0.628,32.5,0.0,OK,True,MILL_EAST,sugarcane,2026-01-07,7.44
PARCEL_015,2026-02-02,0.321,24.5,7.3,OK,True,MILL_SOUTH,sugarcane,2026-01-06,4.87
PARCEL_022,2026-04-18,0.536,25.0,0.0,OK,True,MILL_EAST,sugarcane,2026-01-14,8.04
PARCEL_002,2026-04-09,0.954,34.7,2.9,BAD_SENSOR,False,MILL_SOUTH,sugarcane,2026-01-16,8.97
PARCEL_004,2026-05-14,0.59,35.3,0.0,OK,True,MILL_NORTH,sugarcane,2026-01-02,3.18
PARCEL_023,2026-03-29,0.782,26.9,0.0,OK,True,MILL_WEST,sugarcane,2026-01-26,3.55
PARCEL_003,2026-02-27,0.303,33.3,0.0,OK,True,MILL_NORTH,soybean,2026-02-13,5.35
PARCEL_014,2026-03-04,0.778,25.4,0.0,OK,True,MILL_NORTH,sugarcane,2026-01-05,9.39
PARCEL_016,2026-01-12,0.225,31.9,0.0,OK,True,MILL_EAST,sugarcane,2026-01-30,4.76
PARCEL_022,2026-05-05,0.42,33.0,0.0,OK,True,MILL_EAST,sugarcane,2026-01-14,8.04
PARCEL_024,2026-03-06,0.422,22.7,0.0,OK,True,MILL_EAST,soybean,2026-01-16,5.43
PARCEL_017,2026-02-05,0.264,16.5,0.0,OK,True,MILL_EAST,sugarcane,2026-01-14,7.51
PARCEL_004,2026-05-11,0.629,21.4,0.0,OK,True,MILL_NORTH,sugarcane,2026-01-02,3.18
PARCEL_025,2026-02-17,0.392,24.4,0.0,OK,True,MILL_WEST,sugarcane,2026-02-07,3.02
PARCEL_025,2026-05-16,0.448,26.5,0.0,OK,True,MILL_WEST,sugarcane,2026-02-07,3.02
PARCEL_012,2026-03-08,0.348,31.2,0.0,OK,True,MILL_WEST,sugarcane,2026-03-01,6.85
PARCEL_012,2026-03-12,0.298,25.4,0.0,OK,True,MILL_WEST,sugarcane,2026-03-01,6.85
PARCEL_022,2026-01-02,0.074,30.9,0.0,OK,True,MILL_EAST,sugarcane,2026-01-14,8.04
PARCEL_015,2026-02-03,0.199,29.7,0.0,OK,True,MILL_SOUTH,sugarcane,2026-01-06,4.87
PARCEL_012,2026-05-22,0.526,22.5,0.0,OK,True,MILL_WEST,sugarcane,2026-03-01,6.85
PARCEL_008,2026-05-18,0.442,19.2,0.0,OK,True,MILL_EAST,sugarcane,2026-01-22,2.98
PARCEL_001,2026-02-01,0.186,15.8,0.0,OK,True,MILL_NORTH,sugarcane,2026-02-10,9.03
PARCEL_005,2026-04-29,0.568,35.0,6.3,OK,True,MILL_NORTH,soybean,2026-02-08,2.79
PARCEL_015,2026-01-30,0.513,33.5,1.6,OK,True,MILL_SOUTH,sugarcane,2026-01-06,4.87
PARCEL_016,2026-02-25,0.339,31.4,0.0,OK,True,MILL_EAST,sugarcane,2026-01-30,4.76
PARCEL_024,2026-02-17,0.544,19.6,1.4,OK,True,MILL_EAST,soybean,2026-01-16,5.43
PARCEL_016,2026-05-10,0.682,21.3,0.0,OK,True,MILL_EAST,sugarcane,2026-01-30,4.76
PARCEL_017,2026-04-13,0.602,34.2,0.0,OK,True,MILL_EAST,sugarcane,2026-01-14,7.51
PARCEL_007,2026-05-21,0.502,31.4,0.0,OK,True,MILL_NORTH,sugarcane,2026-01-18,8.53
PARCEL_025,2026-01-20,0.143,26.0,0.0,OK,True,MILL_WEST,sugarcane,2026-02-07,3.02
PARCEL_011,2026-01-17,0.235,25.0,0.0,OK,True,MILL_NORTH,wheat,2026-02-21,6.67
PARCEL_008,2026-03-30,0.866,29.6,0.0,OK,True,MILL_EAST,sugarcane,2026-01-22,2.98
PARCEL_008,2026-03-21,0.633,20.4,4.0,OK,True,MILL_EAST,sugarcane,2026-01-22,2.98
PARCEL_023,2026-01-08,0.207,31.3,0.0,OK,True,MILL_WEST,sugarcane,2026-01-26,3.55
PARCEL_010,2026-05-25,0.533,32.3,2.9,OK,True,MILL_EAST,sugarcane,2026-01-07,7.44
PARCEL_001,2026-04-26,0.781,34.2,0.0,OK,True,MILL_NORTH,sugarcane,2026-02-10,9.03
PARCEL_017,2026-04-11,0.764,32.9,0.0,OK,True,MILL_EAST,sugarcane,2026-01-14,7.51
PARCEL_006,2026-04-08,0.569,30.2,0.0,BAD_SENSOR,False,MILL_WEST,sugarcane,2026-02-11,5.67
PARCEL_017,2026-04-26,0.582,29.1,0.5,OK,True,MILL_EAST,sugarcane,2026-01-14,7.51
PARCEL_024,2026-03-19,0.551,30.2,0.0,OK,True,MILL_EAST,soybean,2026-01-16,5.43
PARCEL_016,2026-05-07,0.61,18.2,0.0,OK,True,MILL_EAST,sugarcane,2026-01-30,4.76
PARCEL_015,2026-01-03,0.35,21.3,0.0,OK,True,MILL_SOUTH,sugarcane,2026-01-06,4.87
PARCEL_003,2026-01-02,0.135,18.3,0.0,OK,True,MILL_NORTH,soybean,2026-02-13,5.35
PARCEL_004,2026-03-15,0.601,20.7,5.5,OK,True,MILL_NORTH,sugarcane,2026-01-02,3.18
PARCEL_010,2026-05-07,0.526,28.9,0.0,OK,True,MILL_EAST,sugarcane,2026-01-07,7.44
PARCEL_007,2026-01-18,0.373,31.8,0.0,OK,True,MILL_NORTH,sugarcane,2026-01-18,8.53
PARCEL_010,2026-04-14,0.435,15.6,0.0,OK,True,MILL_EAST,sugarcane,2026-01-07,7.44
PARCEL_020,2026-02-11,0.187,23.6,0.0,OK,True,MILL_NORTH,sugarcane,2026-02-19,9.95
PARCEL_004,2026-05-10,0.686,30.1,0.0,OK,True,MILL_NORTH,sugarcane,2026-01-02,3.18
PARCEL_009,2026-05-17,0.601,25.9,0.0,OK,True,MILL_EAST,sugarcane,2026-02-18,1.57
PARCEL_010,2026-02-23,0.691,21.3,0.0,OK,True,MILL_EAST,sugarcane,2026-01-07,7.44
PARCEL_010,2026-03-12,0.667,23.6,0.0,OK,True,MILL_EAST,sugarcane,2026-01-07,7.44
PARCEL_005,2026-03-14,0.404,16.5,0.0,OK,True,MILL_NORTH,soybean,2026-02-08,2.79
PARCEL_019,2026-05-18,0.444,30.1,5.0,OK,True,MILL_SOUTH,sugarcane,2026-01-18,10.19
PARCEL_015,2026-05-11,0.724,33.6,8.6,OK,True,MILL_SOUTH,sugarcane,2026-01-06,4.87
PARCEL_006,2026-05-19,0.446,32.2,1.8,OK,True,MILL_WEST,sugarcane,2026-02-11,5.67
PARCEL_005,2026-02-20,0.349,34.9,0.0,OK,True,MILL_NORTH,soybean,2026-02-08,2.79
PARCEL_017,2026-01-05,0.155,26.5,0.0,OK,True,MILL_EAST,sugarcane,2026-01-14,7.51
PARCEL_022,2026-05-04,0.61,30.2,0.0,OK,True,MILL_EAST,sugarcane,2026-01-14,8.04
PARCEL_022,2026-01-22,0.384,16.1,0.0,OK,True,MILL_EAST,sugarcane,2026-01-14,8.04
PARCEL_010,2026-01-08,0.333,32.5,0.0,OK,True,MILL_EAST,sugarcane,2026-01-07,7.44
PARCEL_024,2026-05-20,0.62,33.2,0.0,OK,True,MILL_EAST,soybean,2026-01-16,5.43
PARCEL_013,2026-03-22,0.455,33.8,0.0,OK,True,MILL_EAST,soybean,2026-02-23,2.71
PARCEL_023,2026-01-18,0.139,19.1,0.0,ERROR,False,MILL_WEST,sugarcane,2026-01-26,3.55
PARCEL_011,2026-03-06,0.259,31.9,0.0,OK,True,MILL_NORTH,wheat,2026-02-21,6.67
PARCEL_009,2026-03-18,0.329,20.4,0.0,OK,True,MILL_EAST,sugarcane,2026-02-18,1.57
PARCEL_014,2026-03-28,0.775,28.7,0.0,OK,True,MILL_NORTH,sugarcane,2026-01-05,9.39
PARCEL_015,2026-02-06,0.714,34.3,0.0,OK,True,MILL_SOUTH,sugarcane,2026-01-06,4.87
PARCEL_016,2026-01-27,0.233,30.5,0.0,OK,True,MILL_EAST,sugarcane,2026-01-30,4.76
PARCEL_011,2026-05-19,0.567,33.4,0.0,OK,True,MILL_NORTH,wheat,2026-02-21,6.67
PARCEL_023,2026-04-30,0.495,34.9,0.0,OK,True,MILL_WEST,sugarcane,2026-01-26,3.55
PARCEL_021,2026-03-18,0.345,31.6,0.0,OK,True,MILL_EAST,wheat,2026-02-21,3.58
PARCEL_024,2026-01-17,0.243,25.6,0.0,OK,True,MILL_EAST,soybean,2026-01-16,5.43
PARCEL_014,2026-01-12,0.273,31.3,0.0,OK,True,MILL_NORTH,sugarcane,2026-01-05,9.39
PARCEL_019,2026-04-01,0.81,32.8,0.0,OK,True,MILL_SOUTH,sugarcane,2026-01-18,10.19
PARCEL_016,2026-04-05,0.62,22.9,0.0,OK,True,MILL_EAST,sugarcane,2026-01-30,4.76
PARCEL_014,2026-05-21,0.569,25.2,0.0,OK,True,MILL_NORTH,sugarcane,2026-01-05,9.39
PARCEL_024,2026-01-25,0.33,34.9,0.0,OK,True,MILL_EAST,soybean,2026-01-16,5.43
PARCEL_013,2026-02-10,0.119,18.4,0.0,OK,True,MILL_EAST,soybean,2026-02-23,2.71
PARCEL_005,2026-05-20,0.481,34.7,0.0,OK,True,MILL_NORTH,soybean,2026-02-08,2.79
PARCEL_010,2026-02-22,0.786,16.4,5.4,OK,True,MILL_EAST,sugarcane,2026-01-07,7.44
PARCEL_005,2026-03-21,0.597,25.0,2.4,BAD_SENSOR,False,MILL_NORTH,soybean,2026-02-08,2.79
PARCEL_012,2026-03-25,0.264,22.5,4.0,ERROR,False,MILL_WEST,sugarcane,2026-03-01,6.85
PARCEL_018,2026-01-14,0.392,18.6,0.0,OK,True,MILL_SOUTH,sugarcane,2026-01-11,5.82
PARCEL_022,2026-02-18,0.66,33.1,0.0,OK,True,MILL_EAST,sugarcane,2026-01-14,8.04
PARCEL_023,2026-05-30,0.58,20.2,0.0,OK,True,MILL_WEST,sugarcane,2026-01-26,3.55
PARCEL_001,2026-03-12,0.521,16.4,0.0,OK,True,MILL_NORTH,sugarcane,2026-02-10,9.03
PARCEL_020,2026-04-19,0.777,32.1,0.2,OK,True,MILL_NORTH,sugarcane,2026-02-19,9.95
PARCEL_025,2026-05-24,0.601,23.8,0.0,OK,True,MILL_WEST,sugarcane,2026-02-07,3.02
PARCEL_016,2026-01-20,0.161,25.7,0.0,OK,True,MILL_EAST,sugarcane,2026-01-30,4.76
PARCEL_003,2026-03-06,0.167,21.5,7.4,OK,True,MILL_NORTH,soybean,2026-02-13,5.35
PARCEL_016,2026-03-24,0.566,23.7,0.0,OK,True,MILL_EAST,sugarcane,2026-01-30,4.76
PARCEL_021,2026-03-28,0.603,33.5,0.0,OK,True,MILL_EAST,wheat,2026-02-21,3.58
PARCEL_018,2026-01-10,0.169,27.6,0.0,OK,True,MILL_SOUTH,sugarcane,2026-01-11,5.82
PARCEL_015,2026-05-02,0.5,22.6,3.5,OK,True,MILL_SOUTH,sugarcane,2026-01-06,4.87
PARCEL_007,2026-03-22,0.847,28.3,0.0,ERROR,False,MILL_NORTH,sugarcane,2026-01-18,8.53
PARCEL_025,2026-03-27,0.924,17.2,0.0,OK,True,MILL_WEST,sugarcane,2026-02-07,3.02
PARCEL_007,2026-05-12,0.432,23.1,0.0,OK,True,MILL_NORTH,sugarcane,2026-01-18,8.53
PARCEL_005,2026-03-07,0.391,18.2,0.0,BAD_SENSOR,False,MILL_NORTH,soybean,2026-02-08,2.79
PARCEL_016,2026-05-26,0.627,28.1,0.0,OK,True,MILL_EAST,sugarcane,2026-01-30,4.76
PARCEL_004,2026-03-07,0.604,16.0,7.2,OK,True,MILL_NORTH,sugarcane,2026-01-02,3.18
PARCEL_003,2026-05-15,0.46,25.5,0.0,OK,True,MILL_NORTH,soybean,2026-02-13,5.35
PARCEL_005,2026-03-12,0.604,15.7,0.0,BAD_SENSOR,False,MILL_NORTH,soybean,2026-02-08,2.79
PARCEL_010,2026-01-23,0.323,24.1,0.3,OK,True,MILL_EAST,sugarcane,2026-01-07,7.44
PARCEL_005,2026-03-24,0.682,25.9,0.0,ERROR,False,MILL_NORTH,soybean,2026-02-08,2.79
PARCEL_017,2026-02-22,0.781,30.8,0.0,OK,True,MILL_EAST,sugarcane,2026-01-14,7.51
PARCEL_018,2026-05-13,0.576,18.8,0.0,OK,True,MILL_SOUTH,sugarcane,2026-01-11,5.82
PARCEL_025,2026-04-12,0.619,21.7,0.0,OK,True,MILL_WEST,sugarcane,2026-02-07,3.02
PARCEL_025,2026-03-30,0.618,23.3,0.0,OK,True,MILL_WEST,sugarcane,2026-02-07,3.02
PARCEL_020,2026-01-24,0.284,15.7,0.0,OK,True,MILL_NORTH,sugarcane,2026-02-19,9.95
PARCEL_021,2026-03-25,0.55,31.1,0.0,OK,True,MILL_EAST,wheat,2026-02-21,3.58
PARCEL_006,2026-05-25,0.452,25.0,0.0,BAD_SENSOR,False,MILL_WEST,sugarcane,2026-02-11,5.67
PARCEL_021,2026-05-22,0.407,35.0,1.0,OK,True,MILL_EAST,wheat,2026-02-21,3.58
PARCEL_024,2026-05-24,0.75,20.1,0.0,OK,True,MILL_EAST,soybean,2026-01-16,5.43
PARCEL_025,2026-02-21,0.215,23.6,0.0,OK,True,MILL_WEST,sugarcane,2026-02-07,3.02
PARCEL_016,2026-03-02,0.673,27.4,0.0,OK,True,MILL_EAST,sugarcane,2026-01-30,4.76
PARCEL_015,2026-04-05,0.807,21.0,0.0,OK,True,MILL_SOUTH,sugarcane,2026-01-06,4.87
PARCEL_017,2026-01-27,0.391,16.6,0.0,OK,True,MILL_EAST,sugarcane,2026-01-14,7.51
PARCEL_024,2026-01-26,0.487,21.4,0.0,OK,True,MILL_EAST,soybean,2026-01-16,5.43
PARCEL_009,2026-03-12,0.307,17.8,0.0,OK,True,MILL_EAST,sugarcane,2026-02-18,1.57
PARCEL_003,2026-02-09,0.121,30.8,0.0,OK,True,MILL_NORTH,soybean,2026-02-13,5.35
PARCEL_020,2026-02-17,0.079,28.4,0.0,OK,True,MILL_NORTH,sugarcane,2026-02-19,9.95
PARCEL_022,2026-01-10,0.213,16.0,0.0,OK,True,MILL_EAST,sugarcane,2026-01-14,8.04
PARCEL_009,2026-02-24,0.351,17.3,6.2,OK,True,MILL_EAST,sugarcane,2026-02-18,1.57
PARCEL_004,2026-02-08,0.644,25.0,0.0,OK,True,MILL_NORTH,sugarcane,2026-01-02,3.18
PARCEL_007,2026-05-04,0.725,21.3,0.0,OK,True,MILL_NORTH,sugarcane,2026-01-18,8.53
PARCEL_008,2026-04-28,0.656,34.2,0.0,OK,True,MILL_EAST,sugarcane,2026-01-22,2.98
PARCEL_009,2026-01-26,0.299,33.2,0.0,BAD_SENSOR,False,MILL_EAST,sugarcane,2026-02-18,1.57
PARCEL_018,2026-03-11,0.632,20.2,0.0,OK,True,MILL_SOUTH,sugarcane,2026-01-11,5.82
PARCEL_005,2026-03-05,0.344,24.1,0.0,OK,True,MILL_NORTH,soybean,2026-02-08,2.79
PARCEL_003,2026-03-25,0.554,21.9,0.0,OK,True,MILL_NORTH,soybean,2026-02-13,5.35
PARCEL_019,2026-02-08,0.173,32.0,0.0,OK,True,MILL_SOUTH,sugarcane,2026-01-18,10.19
PARCEL_001,2026-01-30,0.212,19.2,0.0,OK,True,MILL_NORTH,sugarcane,2026-02-10,9.03
PARCEL_004,2026-04-18,0.503,17.3,0.0,OK,True,MILL_NORTH,sugarcane,2026-01-02,3.18
PARCEL_025,2026-05-22,0.549,18.4,0.0,OK,True,MILL_WEST,sugarcane,2026-02-07,3.02
PARCEL_004,2026-05-03,0.622,19.0,0.0,OK,True,MILL_NORTH,sugarcane,2026-01-02,3.18
PARCEL_005,2026-03-17,0.464,24.4,0.0,OK,True,MILL_NORTH,soybean,2026-02-08,2.79
PARCEL_008,2026-02-15,0.198,19.2,0.0,OK,True,MILL_EAST,sugarcane,2026-01-22,2.98
PARCEL_005,2026-03-16,0.608,21.1,0.0,OK,True,MILL_NORTH,soybean,2026-02-08,2.79
PARCEL_021,2026-01-06,0.228,17.0,0.0,OK,True,MILL_EAST,wheat,2026-02-21,3.58
PARCEL_024,2026-01-28,0.285,21.3,0.0,ERROR,False,MILL_EAST,soybean,2026-01-16,5.43
PARCEL_007,2026-05-19,0.491,33.8,0.0,OK,True,MILL_NORTH,sugarcane,2026-01-18,8.53
PARCEL_019,2026-05-04,0.48,32.5,0.0,OK,True,MILL_SOUTH,sugarcane,2026-01-18,10.19
PARCEL_019,2026-03-14,0.721,21.5,0.0,BAD_SENSOR,False,MILL_SOUTH,sugarcane,2026-01-18,10.19
PARCEL_010,2026-05-18,0.436,26.6,5.4,OK,True,MILL_EAST,sugarcane,2026-01-07,7.44
PARCEL_001,2026-03-20,0.744,29.3,0.0,OK,True,MILL_NORTH,sugarcane,2026-02-10,9.03
PARCEL_013,2026-03-07,0.34,21.4,0.0,OK,True,MILL_EAST,soybean,2026-02-23,2.71
PARCEL_012,2026-02-01,0.171,17.4,0.0,OK,True,MILL_WEST,sugarcane,2026-03-01,6.85
PARCEL_009,2026-01-31,0.278,16.3,7.1,OK,True,MILL_EAST,sugarcane,2026-02-18,1.57
PARCEL_016,2026-03-16,0.613,27.1,0.0,OK,True,MILL_EAST,sugarcane,2026-01-30,4.76
PARCEL_004,2026-03-27,0.805,31.1,0.0,OK,True,MILL_NORTH,sugarcane,2026-01-02,3.18
PARCEL_006,2026-04-15,0.701,33.8,0.0,OK,True,MILL_WEST,sugarcane,2026-02-11,5.67
PARCEL_003,2026-04-06,0.451,32.3,2.8,OK,True,MILL_NORTH,soybean,2026-02-13,5.35
PARCEL_007,2026-01-03,0.248,25.7,0.0,OK,True,MILL_NORTH,sugarcane,2026-01-18,8.53
PARCEL_010,2026-05-22,0.606,30.6,0.0,OK,True,MILL_EAST,sugarcane,2026-01-07,7.44
PARCEL_007,2026-05-10,0.502,31.6,0.0,OK,True,MILL_NORTH,sugarcane,2026-01-18,8.53
PARCEL_011,2026-05-12,0.621,18.8,0.0,OK,True,MILL_NORTH,wheat,2026-02-21,6.67
PARCEL_019,2026-05-15,0.483,19.7,0.0,OK,True,MILL_SOUTH,sugarcane,2026-01-18,10.19
PARCEL_001,2026-02-07,0.015,28.9,0.0,OK,True,MILL_NORTH,sugarcane,2026-02-10,9.03
PARCEL_005,2026-03-20,0.611,23.5,0.0,OK,True,MILL_NORTH,soybean,2026-02-08,2.79
PARCEL_011,2026-01-30,0.133,30.4,0.0,OK,True,MILL_NORTH,wheat,2026-02-21,6.67
PARCEL_002,2026-04-13,0.557,26.9,0.0,OK,True,MILL_SOUTH,sugarcane,2026-01-16,8.97
PARCEL_011,2026-05-20,0.617,26.6,0.0,OK,True,MILL_NORTH,wheat,2026-02-21,6.67
PARCEL_004,2026-02-04,0.739,29.9,0.0,OK,True,MILL_NORTH,sugarcane,2026-01-02,3.18
PARCEL_014,2026-04-01,0.599,17.9,0.0,BAD_SENSOR,False,MILL_NORTH,sugarcane,2026-01-05,9.39
PARCEL_002,2026-05-10,0.507,25.4,0.0,OK,True,MILL_SOUTH,sugarcane,2026-01-16,8.97
PARCEL_023,2026-03-08,0.624,25.6,0.0,OK,True,MILL_WEST,sugarcane,2026-01-26,3.55
PARCEL_025,2026-01-15,0.152,27.1,0.0,OK,True,MILL_WEST,sugarcane,2026-02-07,3.02
PARCEL_010,2026-02-15,0.757,33.6,0.0,OK,True,MILL_EAST,sugarcane,2026-01-07,7.44
PARCEL_019,2026-04-12,0.638,19.9,0.0,OK,True,MILL_SOUTH,sugarcane,2026-01-18,10.19
PARCEL_016,2026-04-20,0.739,16.3,0.0,OK,True,MILL_EAST,sugarcane,2026-01-30,4.76
PARCEL_010,2026-04-10,0.454,25.1,0.0,OK,True,MILL_EAST,sugarcane,2026-01-07,7.44
PARCEL_025,2026-05-10,0.536,16.9,0.0,OK,True,MILL_WEST,sugarcane,2026-02-07,3.02
PARCEL_002,2026-01-03,0.102,26.9,0.0,OK,True,MILL_SOUTH,sugarcane,2026-01-16,8.97
PARCEL_023,2026-01-30,0.401,26.2,0.0,OK,True,MILL_WEST,sugarcane,2026-01-26,3.55
PARCEL_011,2026-02-10,0.23,32.1,0.0,OK,True,MILL_NORTH,wheat,2026-02-21,6.67
PARCEL_005,2026-03-25,0.422,24.4,3.1,OK,True,MILL_NORTH,soybean,2026-02-08,2.79
PARCEL_011,2026-02-03,0.24,15.8,1.0,BAD_SENSOR,False,MILL_NORTH,wheat,2026-02-21,6.67
PARCEL_007,2026-01-21,0.417,27.4,0.0,OK,True,MILL_NORTH,sugarcane,2026-01-18,8.53
PARCEL_006,2026-03-07,0.257,31.1,0.0,OK,True,MILL_WEST,sugarcane,2026-02-11,5.67
PARCEL_009,2026-02-07,0.106,18.1,0.0,OK,True,MILL_EAST,sugarcane,2026-02-18,1.57
PARCEL_005,2026-03-10,0.507,34.7,1.4,ERROR,False,MILL_NORTH,soybean,2026-02-08,2.79
PARCEL_010,2026-04-16,0.438,21.6,0.0,OK,True,MILL_EAST,sugarcane,2026-01-07,7.44
PARCEL_022,2026-04-13,0.595,25.7,0.0,OK,True,MILL_EAST,sugarcane,2026-01-14,8.04
PARCEL_003,2026-04-02,0.319,23.6,0.0,OK,True,MILL_NORTH,soybean,2026-02-13,5.35
PARCEL_007,2026-02-05,0.178,27.2,2.6,OK,True,MILL_NORTH,sugarcane,2026-01-18,8.53
PARCEL_004,2026-05-28,0.534,18.4,0.0,OK,True,MILL_NORTH,sugarcane,2026-01-02,3.18
PARCEL_015,2026-05-26,0.548,16.6,0.0,OK,True,MILL_SOUTH,sugarcane,2026-01-06,4.87
PARCEL_011,2026-05-28,0.558,21.8,0.0,OK,True,MILL_NORTH,wheat,2026-02-21,6.67
PARCEL_002,2026-05-11,0.479,23.4,0.0,ERROR,False,MILL_SOUTH,sugarcane,2026-01-16,8.97
PARCEL_005,2026-04-26,0.671,25.2,8.3,BAD_SENSOR,False,MILL_NORTH,soybean,2026-02-08,2.79
PARCEL_025,2026-03-16,0.514,31.4,0.9,OK,True,MILL_WEST,sugarcane,2026-02-07,3.02
PARCEL_021,2026-04-06,0.638,17.0,0.0,OK,True,MILL_EAST,wheat,2026-02-21,3.58
PARCEL_015,2026-04-28,0.441,32.9,1.7,OK,True,MILL_SOUTH,sugarcane,2026-01-06,4.87
PARCEL_015,2026-05-28,0.592,28.5,2.6,OK,True,MILL_SOUTH,sugarcane,2026-01-06,4.87
PARCEL_005,2026-04-22,0.402,22.7,0.0,OK,True,MILL_NORTH,soybean,2026-02-08,2.79
PARCEL_012,2026-03-07,0.28,22.2,0.0,OK,True,MILL_WEST,sugarcane,2026-03-01,6.85
PARCEL_012,2026-01-23,0.061,17.0,0.0,OK,True,MILL_WEST,sugarcane,2026-03-01,6.85
PARCEL_012,2026-05-19,0.679,25.3,0.0,OK,True,MILL_WEST,sugarcane,2026-03-01,6.85
PARCEL_002,2026-02-25,0.639,24.9,2.3,OK,True,MILL_SOUTH,sugarcane,2026-01-16,8.97
PARCEL_023,2026-03-21,0.778,28.4,0.0,BAD_SENSOR,False,MILL_WEST,sugarcane,2026-01-26,3.55
PARCEL_025,2026-02-08,0.424,29.4,0.0,OK,True,MILL_WEST,sugarcane,2026-02-07,3.02
PARCEL_013,2026-03-04,0.311,26.6,0.0,OK,True,MILL_EAST,soybean,2026-02-23,2.71
PARCEL_021,2026-02-25,0.257,24.7,0.0,OK,True,MILL_EAST,wheat,2026-02-21,3.58
PARCEL_020,2026-01-08,0.192,30.8,0.0,OK,True,MILL_NORTH,sugarcane,2026-02-19,9.95
PARCEL_018,2026-05-26,0.493,31.7,0.0,OK,True,MILL_SOUTH,sugarcane,2026-01-11,5.82
PARCEL_017,2026-03-18,0.704,28.1,0.0,OK,True,MILL_EAST,sugarcane,2026-01-14,7.51
PARCEL_013,2026-01-06,0.251,17.5,0.0,OK,True,MILL_EAST,soybean,2026-02-23,2.71
PARCEL_009,2026-01-23,0.246,22.5,6.6,OK,True,MILL_EAST,sugarcane,2026-02-18,1.57
PARCEL_004,2026-05-06,0.36,16.1,4.1,OK,True,MILL_NORTH,sugarcane,2026-01-02,3.18
PARCEL_024,2026-05-10,0.595,18.4,0.0,OK,True,MILL_EAST,soybean,2026-01-16,5.43
PARCEL_019,2026-01-04,0.216,32.3,0.0,OK,True,MILL_SOUTH,sugarcane,2026-01-18,10.19
PARCEL_010,2026-02-12,0.7,33.3,0.0,OK,True,MILL_EAST,sugarcane,2026-01-07,7.44
PARCEL_025,2026-03-10,0.705,31.6,0.0,OK,True,MILL_WEST,sugarcane,2026-02-07,3.02
PARCEL_001,2026-02-06,0.146,29.7,0.0,OK,True,MILL_NORTH,sugarcane,2026-02-10,9.03
PARCEL_014,2026-01-13,0.341,24.0,0.0,OK,True,MILL_NORTH,sugarcane,2026-01-05,9.39
PARCEL_013,2026-01-02,0.243,27.5,0.0,OK,True,MILL_EAST,soybean,2026-02-23,2.71
PARCEL_017,2026-02-04,0.412,23.6,0.0,BAD_SENSOR,False,MILL_EAST,sugarcane,2026-01-14,7.51
PARCEL_022,2026-04-22,0.427,31.2,0.0,OK,True,MILL_EAST,sugarcane,2026-01-14,8.04
PARCEL_005,2026-01-18,0.265,23.5,0.0,OK,True,MILL_NORTH,soybean,2026-02-08,2.79
PARCEL_024,2026-02-07,0.419,18.3,0.0,OK,True,MILL_EAST,soybean,2026-01-16,5.43
PARCEL_012,2026-04-25,0.688,27.2,0.0,OK,True,MILL_WEST,sugarcane,2026-03-01,6.85
PARCEL_003,2026-03-24,0.416,19.7,3.6,OK,True,MILL_NORTH,soybean,2026-02-13,5.35
PARCEL_012,2026-04-16,0.754,23.8,0.0,OK,True,MILL_WEST,sugarcane,2026-03-01,6.85
PARCEL_014,2026-03-01,0.691,16.6,0.0,OK,True,MILL_NORTH,sugarcane,2026-01-05,9.39
PARCEL_024,2026-03-17,0.528,23.4,5.8,OK,True,MILL_EAST,soybean,2026-01-16,5.43
PARCEL_004,2026-05-15,0.663,24.9,0.0,OK,True,MILL_NORTH,sugarcane,2026-01-02,3.18
PARCEL_012,2026-04-13,0.595,24.3,0.0,OK,True,MILL_WEST,sugarcane,2026-03-01,6.85
PARCEL_021,2026-04-17,0.629,16.9,5.8,OK,True,MILL_EAST,wheat,2026-02-21,3.58
PARCEL_005,2026-01-07,0.096,29.9,0.0,OK,True,MILL_NORTH,soybean,2026-02-08,2.79
PARCEL_001,2026-03-07,0.47,26.6,0.0,OK,True,MILL_NORTH,sugarcane,2026-02-10,9.03
PARCEL_018,2026-03-27,0.729,35.4,0.0,ERROR,False,MILL_SOUTH,sugarcane,2026-01-11,5.82
PARCEL_010,2026-04-06,0.705,20.4,0.0,OK,True,MILL_EAST,sugarcane,2026-01-07,7.44
PARCEL_025,2026-04-08,0.758,34.4,0.0,OK,True,MILL_WEST,sugarcane,2026-02-07,3.02
PARCEL_012,2026-02-20,0.193,24.9,0.0,OK,True,MILL_WEST,sugarcane,2026-03-01,6.85
PARCEL_022,2026-03-21,0.833,29.5,0.0,OK,True,MILL_EAST,sugarcane,2026-01-14,8.04
PARCEL_021,2026-02-12,0.067,32.4,0.0,OK,True,MILL_EAST,wheat,2026-02-21,3.58
PARCEL_009,2026-05-08,0.856,30.5,5.5,OK,True,MILL_EAST,sugarcane,2026-02-18,1.57
PARCEL_015,2026-01-18,0.439,27.5,0.4,OK,True,MILL_SOUTH,sugarcane,2026-01-06,4.87
PARCEL_004,2026-04-16,0.404,18.8,0.0,OK,True,MILL_NORTH,sugarcane,2026-01-02,3.18
PARCEL_013,2026-01-09,0.1,16.1,7.1,OK,True,MILL_EAST,soybean,2026-02-23,2.71
PARCEL_020,2026-01-03,0.256,23.3,4.4,OK,True,MILL_NORTH,sugarcane,2026-02-19,9.95
PARCEL_016,2026-04-29,0.616,17.8,0.0,OK,True,MILL_EAST,sugarcane,2026-01-30,4.76
PARCEL_005,2026-01-28,0.207,31.0,0.0,OK,True,MILL_NORTH,soybean,2026-02-08,2.79
PARCEL_015,2026-05-18,0.478,25.5,4.4,OK,True,MILL_SOUTH,sugarcane,2026-01-06,4.87
PARCEL_009,2026-04-01,0.661,29.2,0.0,OK,True,MILL_EAST,sugarcane,2026-02-18,1.57
PARCEL_012,2026-04-28,0.809,31.6,0.0,OK,True,MILL_WEST,sugarcane,2026-03-01,6.85
PARCEL_003,2026-05-12,0.601,32.8,0.0,OK,True,MILL_NORTH,soybean,2026-02-13,5.35
PARCEL_002,2026-02-20,0.535,20.7,0.0,OK,True,MILL_SOUTH,sugarcane,2026-01-16,8.97
PARCEL_006,2026-05-18,0.49,15.8,0.0,OK,True,MILL_WEST,sugarcane,2026-02-11,5.67
PARCEL_011,2026-02-26,0.263,16.7,8.4,OK,True,MILL_NORTH,wheat,2026-02-21,6.67
PARCEL_019,2026-01-22,0.217,33.6,4.4,OK,True,MILL_SOUTH,sugarcane,2026-01-18,10.19
PARCEL_003,2026-03-27,0.528,27.2,0.0,OK,True,MILL_NORTH,soybean,2026-02-13,5.35
PARCEL_019,2026-02-09,0.444,17.9,0.0,OK,True,MILL_SOUTH,sugarcane,2026-01-18,10.19
PARCEL_012,2026-04-26,0.604,22.0,0.0,OK,True,MILL_WEST,sugarcane,2026-03-01,6.85
PARCEL_013,2026-02-01,0.179,35.1,0.0,OK,True,MILL_EAST,soybean,2026-02-23,2.71
PARCEL_023,2026-03-22,0.727,35.4,0.0,ERROR,False,MILL_WEST,sugarcane,2026-01-26,3.55
PARCEL_009,2026-04-12,0.671,21.4,9.6,OK,True,MILL_EAST,sugarcane,2026-02-18,1.57
PARCEL_017,2026-01-07,0.245,25.7,2.1,OK,True,MILL_EAST,sugarcane,2026-01-14,7.51
PARCEL_019,2026-05-20,0.489,15.6,0.0,OK,True,MILL_SOUTH,sugarcane,2026-01-18,10.19
PARCEL_006,2026-04-26,0.592,24.9,0.0,ERROR,False,MILL_WEST,sugarcane,2026-02-11,5.67
PARCEL_010,2026-03-21,0.701,29.2,0.0,OK,True,MILL_EAST,sugarcane,2026-01-07,7.44
PARCEL_006,2026-03-06,0.313,26.1,0.0,OK,True,MILL_WEST,sugarcane,2026-02-11,5.67
PARCEL_013,2026-05-25,0.546,32.0,0.0,OK,True,MILL_EAST,soybean,2026-02-23,2.71
PARCEL_014,2026-02-16,0.708,17.2,0.0,OK,True,MILL_NORTH,sugarcane,2026-01-05,9.39
PARCEL_020,2026-04-07,0.794,28.0,2.2,OK,True,MILL_NORTH,sugarcane,2026-02-19,9.95
PARCEL_014,2026-04-10,0.716,27.1,0.0,OK,True,MILL_NORTH,sugarcane,2026-01-05,9.39
PARCEL_011,2026-05-08,0.498,20.7,0.0,OK,True,MILL_NORTH,wheat,2026-02-21,6.67
PARCEL_019,2026-04-16,0.441,17.8,0.0,OK,True,MILL_SOUTH,sugarcane,2026-01-18,10.19
PARCEL_009,2026-04-24,0.593,21.2,0.0,OK,True,MILL_EAST,sugarcane,2026-02-18,1.57
PARCEL_001,2026-03-16,0.712,31.7,0.0,OK,True,MILL_NORTH,sugarcane,2026-02-10,9.03
PARCEL_020,2026-05-09,0.616,19.2,0.0,OK,True,MILL_NORTH,sugarcane,2026-02-19,9.95
PARCEL_019,2026-04-10,0.602,22.1,0.0,OK,True,MILL_SOUTH,sugarcane,2026-01-18,10.19
PARCEL_021,2026-01-11,0.225,22.4,0.0,OK,True,MILL_EAST,wheat,2026-02-21,3.58
PARCEL_005,2026-02-18,0.26,24.8,0.0,OK,True,MILL_NORTH,soybean,2026-02-08,2.79
PARCEL_010,2026-01-28,0.273,32.9,0.3,OK,True,MILL_EAST,sugarcane,2026-01-07,7.44
PARCEL_003,2026-02-24,0.181,27.8,0.8,OK,True,MILL_NORTH,soybean,2026-02-13,5.35
PARCEL_009,2026-02-10,0.228,17.8,0.0,OK,True,MILL_EAST,sugarcane,2026-02-18,1.57
PARCEL_019,2026-02-23,0.746,34.8,0.0,OK,True,MILL_SOUTH,sugarcane,2026-01-18,10.19
PARCEL_005,2026-02-10,0.134,33.4,1.7,OK,True,MILL_NORTH,soybean,2026-02-08,2.79
PARCEL_008,2026-04-27,0.493,18.7,0.0,OK,True,MILL_EAST,sugarcane,2026-01-22,2.98
PARCEL_015,2026-04-12,0.529,26.6,0.0,OK,True,MILL_SOUTH,sugarcane,2026-01-06,4.87
PARCEL_002,2026-02-03,0.502,21.0,0.0,OK,True,MILL_SOUTH,sugarcane,2026-01-16,8.97
PARCEL_020,2026-04-22,0.8,20.6,0.0,OK,True,MILL_NORTH,sugarcane,2026-02-19,9.95
PARCEL_018,2026-02-05,0.37,25.8,0.0,OK,True,MILL_SOUTH,sugarcane,2026-01-11,5.82
PARCEL_011,2026-03-12,0.282,27.5,0.0,OK,True,MILL_NORTH,wheat,2026-02-21,6.67
PARCEL_017,2026-03-08,0.82,29.9,0.0,OK,True,MILL_EAST,sugarcane,2026-01-14,7.51
PARCEL_020,2026-02-03,0.212,26.1,0.5,OK,True,MILL_NORTH,sugarcane,2026-02-19,9.95
PARCEL_019,2026-04-08,0.58,27.2,3.0,OK,True,MILL_SOUTH,sugarcane,2026-01-18,10.19
PARCEL_021,2026-04-08,0.693,24.8,0.0,OK,True,MILL_EAST,wheat,2026-02-21,3.58
PARCEL_007,2026-04-06,0.785,34.1,7.7,OK,True,MILL_NORTH,sugarcane,2026-01-18,8.53
PARCEL_017,2026-04-29,0.411,19.4,8.8,OK,True,MILL_EAST,sugarcane,2026-01-14,7.51
PARCEL_018,2026-05-24,0.507,35.0,0.0,OK,True,MILL_SOUTH,sugarcane,2026-01-11,5.82
PARCEL_013,2026-05-30,0.617,30.1,0.0,OK,True,MILL_EAST,soybean,2026-02-23,2.71
PARCEL_012,2026-05-29,0.89,25.2,0.0,OK,True,MILL_WEST,sugarcane,2026-03-01,6.85
PARCEL_011,2026-02-05,0.07,27.5,0.0,OK,True,MILL_NORTH,wheat,2026-02-21,6.67
PARCEL_008,2026-05-19,0.444,19.7,0.0,ERROR,False,MILL_EAST,sugarcane,2026-01-22,2.98
PARCEL_014,2026-04-21,0.424,16.0,0.0,OK,True,MILL_NORTH,sugarcane,2026-01-05,9.39
PARCEL_021,2026-05-12,0.733,23.5,1.7,OK,True,MILL_EAST,wheat,2026-02-21,3.58
PARCEL_024,2026-03-24,0.603,34.6,0.0,OK,True,MILL_EAST,soybean,2026-01-16,5.43
PARCEL_013,2026-03-08,0.222,17.1,0.0,OK,True,MILL_EAST,soybean,2026-02-23,2.71
PARCEL_002,2026-01-08,0.166,31.2,0.0,OK,True,MILL_SOUTH,sugarcane,2026-01-16,8.97
PARCEL_025,2026-02-14,0.408,18.3,0.0,BAD_SENSOR,False,MILL_WEST,sugarcane,2026-02-07,3.02
PARCEL_010,2026-05-30,0.632,24.3,0.0,OK,True,MILL_EAST,sugarcane,2026-01-07,7.44
PARCEL_023,2026-02-22,0.287,22.5,0.0,OK,True,MILL_WEST,sugarcane,2026-01-26,3.55
PARCEL_021,2026-03-21,0.255,22.7,0.0,OK,True,MILL_EAST,wheat,2026-02-21,3.58
PARCEL_018,2026-05-08,0.483,26.1,0.0,OK,True,MILL_SOUTH,sugarcane,2026-01-11,5.82
PARCEL_013,2026-01-22,0.077,19.2,0.0,OK,True,MILL_EAST,soybean,2026-02-23,2.71
PARCEL_001,2026-05-16,0.431,30.5,0.0,OK,True,MILL_NORTH,sugarcane,2026-02-10,9.03
PARCEL_011,2026-04-02,0.515,33.6,0.0,ERROR,False,MILL_NORTH,wheat,2026-02-21,6.67
PARCEL_018,2026-01-11,0.364,31.4,0.0,OK,True,MILL_SOUTH,sugarcane,2026-01-11,5.82
PARCEL_009,2026-03-09,0.391,23.8,0.0,BAD_SENSOR,False,MILL_EAST,sugarcane,2026-02-18,1.57
PARCEL_008,2026-05-25,0.538,34.6,0.0,OK,True,MILL_EAST,sugarcane,2026-01-22,2.98
PARCEL_010,2026-04-29,0.606,28.3,0.0,OK,True,MILL_EAST,sugarcane,2026-01-07,7.44
PARCEL_017,2026-05-30,0.522,23.7,6.0,OK,True,MILL_EAST,sugarcane,2026-01-14,7.51
PARCEL_013,2026-04-30,0.439,31.4,0.0,OK,True,MILL_EAST,soybean,2026-02-23,2.71
PARCEL_009,2026-02-05,0.201,24.5,3.5,OK,True,MILL_EAST,sugarcane,2026-02-18,1.57
PARCEL_008,2026-01-19,0.25,30.0,0.0,OK,True,MILL_EAST,sugarcane,2026-01-22,2.98
PARCEL_017,2026-04-03,0.815,34.4,0.0,OK,True,MILL_EAST,sugarcane,2026-01-14,7.51
PARCEL_002,2026-01-22,0.365,30.7,0.0,OK,True,MILL_SOUTH,sugarcane,2026-01-16,8.97
PARCEL_008,2026-04-22,0.6,25.5,0.0,OK,True,MILL_EAST,sugarcane,2026-01-22,2.98
PARCEL_004,2026-01-09,0.336,22.1,0.0,OK,True,MILL_NORTH,sugarcane,2026-01-02,3.18
PARCEL_016,2026-01-07,0.232,30.5,4.6,OK,True,MILL_EAST,sugarcane,2026-01-30,4.76
PARCEL_019,2026-03-07,0.697,26.1,0.0,OK,True,MILL_SOUTH,sugarcane,2026-01-18,10.19
PARCEL_021,2026-05-10,0.663,31.6,0.8,OK,True,MILL_EAST,wheat,2026-02-21,3.58
PARCEL_003,2026-02-11,0.193,22.0,0.0,OK,True,MILL_NORTH,soybean,2026-02-13,5.35
PARCEL_022,2026-01-26,0.409,30.4,0.0,OK,True,MILL_EAST,sugarcane,2026-01-14,8.04
PARCEL_017,2026-02-09,0.399,29.5,10.1,OK,True,MILL_EAST,sugarcane,2026-01-14,7.51
PARCEL_002,2026-02-11,0.254,27.8,0.0,OK,True,MILL_SOUTH,sugarcane,2026-01-16,8.97
PARCEL_013,2026-02-05,0.233,21.9,6.0,OK,True,MILL_EAST,soybean,2026-02-23,2.71
PARCEL_023,2026-03-25,0.728,21.4,0.0,OK,True,MILL_WEST,sugarcane,2026-01-26,3.55
PARCEL_008,2026-04-04,0.783,25.4,0.0,OK,True,MILL_EAST,sugarcane,2026-01-22,2.98
PARCEL_001,2026-03-03,0.12,23.8,0.0,OK,True,MILL_NORTH,sugarcane,2026-02-10,9.03
PARCEL_017,2026-04-25,0.581,23.1,0.0,OK,True,MILL_EAST,sugarcane,2026-01-14,7.51
PARCEL_021,2026-04-29,0.427,17.9,6.3,ERROR,False,MILL_EAST,wheat,2026-02-21,3.58
PARCEL_004,2026-01-13,0.354,17.0,0.0,OK,True,MILL_NORTH,sugarcane,2026-01-02,3.18
PARCEL_009,2026-02-09,0.204,17.0,3.9,OK,True,MILL_EAST,sugarcane,2026-02-18,1.57
PARCEL_013,2026-01-26,0.211,18.9,0.0,OK,True,MILL_EAST,soybean,2026-02-23,2.71
PARCEL_016,2026-04-02,0.697,34.9,0.0,OK,True,MILL_EAST,sugarcane,2026-01-30,4.76
PARCEL_001,2026-01-27,0.291,28.9,0.0,OK,True,MILL_NORTH,sugarcane,2026-02-10,9.03
PARCEL_013,2026-04-16,0.658,28.5,0.0,OK,True,MILL_EAST,soybean,2026-02-23,2.71
PARCEL_002,2026-03-09,0.538,25.0,0.0,OK,True,MILL_SOUTH,sugarcane,2026-01-16,8.97
PARCEL_005,2026-02-07,0.169,22.1,0.0,OK,True,MILL_NORTH,soybean,2026-02-08,2.79
PARCEL_002,2026-05-21,0.506,21.8,0.0,OK,True,MILL_SOUTH,sugarcane,2026-01-16,8.97
PARCEL_003,2026-04-11,0.568,25.1,0.0,OK,True,MILL_NORTH,soybean,2026-02-13,5.35
PARCEL_024,2026-05-30,0.445,33.8,0.0,OK,True,MILL_EAST,soybean,2026-01-16,5.43
PARCEL_011,2026-02-19,0.203,27.5,0.0,OK,True,MILL_NORTH,wheat,2026-02-21,6.67
PARCEL_001,2026-05-22,0.379,18.8,0.0,OK,True,MILL_NORTH,sugarcane,2026-02-10,9.03
PARCEL_011,2026-05-09,0.568,19.2,0.0,OK,True,MILL_NORTH,wheat,2026-02-21,6.67
PARCEL_009,2026-04-14,0.771,27.6,0.0,OK,True,MILL_EAST,sugarcane,2026-02-18,1.57
PARCEL_002,2026-03-07,0.685,20.9,1.8,OK,True,MILL_SOUTH,sugarcane,2026-01-16,8.97
PARCEL_017,2026-03-14,0.836,28.5,0.0,OK,True,MILL_EAST,sugarcane,2026-01-14,7.51
PARCEL_013,2026-01-25,0.008,20.0,0.0,OK,True,MILL_EAST,soybean,2026-02-23,2.71
PARCEL_024,2026-01-03,0.123,28.2,0.0,BAD_SENSOR,False,MILL_EAST,soybean,2026-01-16,5.43
PARCEL_018,2026-01-31,0.359,33.8,3.6,OK,True,MILL_SOUTH,sugarcane,2026-01-11,5.82
PARCEL_004,2026-02-03,0.787,34.9,0.0,OK,True,MILL_NORTH,sugarcane,2026-01-02,3.18
PARCEL_020,2026-01-16,0.218,17.1,0.0,OK,True,MILL_NORTH,sugarcane,2026-02-19,9.95
PARCEL_022,2026-02-05,0.248,32.9,0.0,OK,True,MILL_EAST,sugarcane,2026-01-14,8.04
PARCEL_018,2026-03-28,0.678,31.2,0.0,OK,True,MILL_SOUTH,sugarcane,2026-01-11,5.82
PARCEL_001,2026-04-05,0.553,30.8,0.0,OK,True,MILL_NORTH,sugarcane,2026-02-10,9.03
PARCEL_004,2026-01-24,0.256,33.3,0.0,OK,True,MILL_NORTH,sugarcane,2026-01-02,3.18
PARCEL_019,2026-02-11,0.323,20.1,0.0,OK,True,MILL_SOUTH,sugarcane,2026-01-18,10.19
PARCEL_022,2026-01-24,0.16,32.4,0.0,OK,True,MILL_EAST,sugarcane,2026-01-14,8.04
PARCEL_016,2026-01-31,0.276,21.9,0.0,OK,True,MILL_EAST,sugarcane,2026-01-30,4.76
PARCEL_021,2026-04-22,0.581,32.3,0.0,OK,True,MILL_EAST,wheat,2026-02-21,3.58
PARCEL_020,2026-05-10,0.559,25.5,1.6,BAD_SENSOR,False,MILL_NORTH,sugarcane,2026-02-19,9.95
PARCEL_017,2026-04-18,0.514,18.8,0.0,OK,True,MILL_EAST,sugarcane,2026-01-14,7.51
PARCEL_019,2026-01-19,0.473,18.1,0.0,OK,True,MILL_SOUTH,sugarcane,2026-01-18,10.19
PARCEL_011,2026-02-07,0.105,22.7,0.0,ERROR,False,MILL_NORTH,wheat,2026-02-21,6.67
PARCEL_020,2026-05-30,0.534,23.3,0.0,OK,True,MILL_NORTH,sugarcane,2026-02-19,9.95
PARCEL_009,2026-03-27,0.679,34.5,2.7,OK,True,MILL_EAST,sugarcane,2026-02-18,1.57
PARCEL_004,2026-03-08,0.74,29.5,1.1,OK,True,MILL_NORTH,sugarcane,2026-01-02,3.18
PARCEL_007,2026-04-11,0.853,30.7,0.0,OK,True,MILL_NORTH,sugarcane,2026-01-18,8.53
PARCEL_005,2026-03-22,0.633,17.4,0.0,OK,True,MILL_NORTH,soybean,2026-02-08,2.79
PARCEL_013,2026-05-17,0.595,30.8,4.2,OK,True,MILL_EAST,soybean,2026-02-23,2.71
PARCEL_024,2026-04-17,0.398,35.2,0.0,OK,True,MILL_EAST,soybean,2026-01-16,5.43
PARCEL_005,2026-01-12,0.193,16.1,0.0,OK,True,MILL_NORTH,soybean,2026-02-08,2.79
PARCEL_022,2026-04-29,0.516,22.9,0.0,OK,True,MILL_EAST,sugarcane,2026-01-14,8.04
PARCEL_018,2026-03-19,0.694,23.6,5.6,OK,True,MILL_SOUTH,sugarcane,2026-01-11,5.82
PARCEL_015,2026-05-17,0.592,24.7,12.4,OK,True,MILL_SOUTH,sugarcane,2026-01-06,4.87
PARCEL_024,2026-02-03,0.319,24.8,0.0,OK,True,MILL_EAST,soybean,2026-01-16,5.43
PARCEL_016,2026-02-13,0.355,30.9,0.0,OK,True,MILL_EAST,sugarcane,2026-01-30,4.76
PARCEL_023,2026-03-18,0.632,18.1,0.0,OK,True,MILL_WEST,sugarcane,2026-01-26,3.55
PARCEL_018,2026-04-03,0.751,17.8,0.1,OK,True,MILL_SOUTH,sugarcane,2026-01-11,5.82
PARCEL_011,2026-04-29,0.702,34.8,0.0,OK,True,MILL_NORTH,wheat,2026-02-21,6.67
PARCEL_010,2026-04-25,0.68,16.9,0.0,OK,True,MILL_EAST,sugarcane,2026-01-07,7.44
PARCEL_006,2026-03-20,0.616,29.9,0.0,BAD_SENSOR,False,MILL_WEST,sugarcane,2026-02-11,5.67
PARCEL_002,2026-04-25,0.659,26.8,0.0,OK,True,MILL_SOUTH,sugarcane,2026-01-16,8.97
PARCEL_006,2026-05-20,0.53,22.1,1.8,OK,True,MILL_WEST,sugarcane,2026-02-11,5.67
PARCEL_025,2026-05-08,0.482,23.0,0.0,BAD_SENSOR,False,MILL_WEST,sugarcane,2026-02-07,3.02
PARCEL_019,2026-02-25,0.906,19.5,0.0,OK,True,MILL_SOUTH,sugarcane,2026-01-18,10.19
PARCEL_019,2026-03-24,0.634,24.7,0.0,OK,True,MILL_SOUTH,sugarcane,2026-01-18,10.19
PARCEL_021,2026-03-19,0.447,26.1,0.0,OK,True,MILL_EAST,wheat,2026-02-21,3.58
PARCEL_007,2026-05-20,0.77,21.4,0.0,OK,True,MILL_NORTH,sugarcane,2026-01-18,8.53
PARCEL_020,2026-03-11,0.329,31.5,0.0,OK,True,MILL_NORTH,sugarcane,2026-02-19,9.95
PARCEL_022,2026-03-08,0.848,17.5,0.0,OK,True,MILL_EAST,sugarcane,2026-01-14,8.04
PARCEL_021,2026-01-26,0.069,19.5,0.0,OK,True,MILL_EAST,wheat,2026-02-21,3.58
PARCEL_004,2026-05-25,0.639,17.5,0.0,ERROR,False,MILL_NORTH,sugarcane,2026-01-02,3.18
PARCEL_023,2026-01-09,0.295,22.9,0.0,OK,True,MILL_WEST,sugarcane,2026-01-26,3.55
PARCEL_021,2026-01-22,0.098,16.2,0.0,OK,True,MILL_EAST,wheat,2026-02-21,3.58
PARCEL_004,2026-04-07,0.515,28.5,0.0,OK,True,MILL_NORTH,sugarcane,2026-01-02,3.18
PARCEL_017,2026-02-13,0.754,21.4,0.0,OK,True,MILL_EAST,sugarcane,2026-01-14,7.51
PARCEL_002,2026-05-13,0.732,28.9,0.0,OK,True,MILL_SOUTH,sugarcane,2026-01-16,8.97
PARCEL_020,2026-03-02,0.303,32.5,5.6,OK,True,MILL_NORTH,sugarcane,2026-02-19,9.95
PARCEL_002,2026-03-05,0.751,26.3,0.0,OK,True,MILL_SOUTH,sugarcane,2026-01-16,8.97
PARCEL_013,2026-05-27,0.54,32.6,0.0,OK,True,MILL_EAST,soybean,2026-02-23,2.71
PARCEL_017,2026-04-15,0.632,26.6,2.0,OK,True,MILL_EAST,sugarcane,2026-01-14,7.51
PARCEL_004,2026-03-22,0.571,20.6,0.0,OK,True,MILL_NORTH,sugarcane,2026-01-02,3.18
PARCEL_004,2026-02-15,0.634,31.2,0.0,OK,True,MILL_NORTH,sugarcane,2026-01-02,3.18
PARCEL_006,2026-01-12,0.163,19.0,0.0,OK,True,MILL_WEST,sugarcane,2026-02-11,5.67
PARCEL_003,2026-04-30,0.541,17.5,0.0,OK,True,MILL_NORTH,soybean,2026-02-13,5.35
PARCEL_021,2026-02-18,0.306,28.6,0.0,BAD_SENSOR,False,MILL_EAST,wheat,2026-02-21,3.58
PARCEL_025,2026-01-18,0.189,17.8,0.0,OK,True,MILL_WEST,sugarcane,2026-02-07,3.02
PARCEL_010,2026-03-28,0.752,29.5,0.0,OK,True,MILL_EAST,sugarcane,2026-01-07,7.44
PARCEL_013,2026-05-18,0.536,26.0,0.0,OK,True,MILL_EAST,soybean,2026-02-23,2.71
PARCEL_003,2026-01-31,0.212,17.8,0.0,OK,True,MILL_NORTH,soybean,2026-02-13,5.35
PARCEL_012,2026-01-28,0.215,18.1,0.0,OK,True,MILL_WEST,sugarcane,2026-03-01,6.85
PARCEL_018,2026-05-14,0.626,22.0,0.0,OK,True,MILL_SOUTH,sugarcane,2026-01-11,5.82
PARCEL_012,2026-04-17,0.641,20.8,0.0,OK,True,MILL_WEST,sugarcane,2026-03-01,6.85
PARCEL_002,2026-04-26,0.699,29.2,1.9,OK,True,MILL_SOUTH,sugarcane,2026-01-16,8.97
PARCEL_007,2026-05-18,0.497,23.8,0.0,OK,True,MILL_NORTH,sugarcane,2026-01-18,8.53
PARCEL_020,2026-04-02,0.55,34.4,0.0,OK,True,MILL_NORTH,sugarcane,2026-02-19,9.95
PARCEL_001,2026-05-30,0.467,33.2,0.0,OK,True,MILL_NORTH,sugarcane,2026-02-10,9.03
PARCEL_022,2026-04-30,0.579,20.9,0.0,OK,True,MILL_EAST,sugarcane,2026-01-14,8.04
PARCEL_004,2026-05-22,0.453,29.2,0.0,OK,True,MILL_NORTH,sugarcane,2026-01-02,3.18
PARCEL_023,2026-02-24,0.369,21.0,0.0,OK,True,MILL_WEST,sugarcane,2026-01-26,3.55
PARCEL_013,2026-03-10,0.261,19.3,0.0,OK,True,MILL_EAST,soybean,2026-02-23,2.71
PARCEL_006,2026-03-17,0.554,29.2,0.0,OK,True,MILL_WEST,sugarcane,2026-02-11,5.67
PARCEL_021,2026-05-05,0.589,22.4,0.0,OK,True,MILL_EAST,wheat,2026-02-21,3.58
PARCEL_003,2026-01-05,0.128,20.0,0.0,OK,True,MILL_NORTH,soybean,2026-02-13,5.35
PARCEL_004,2026-01-28,0.218,21.6,0.0,OK,True,MILL_NORTH,sugarcane,2026-01-02,3.18
PARCEL_013,2026-01-04,0.138,23.3,0.4,OK,True,MILL_EAST,soybean,2026-02-23,2.71
PARCEL_012,2026-04-18,0.738,17.1,0.0,BAD_SENSOR,False,MILL_WEST,sugarcane,2026-03-01,6.85
PARCEL_001,2026-01-31,0.213,23.2,8.2,OK,True,MILL_NORTH,sugarcane,2026-02-10,9.03
PARCEL_017,2026-02-08,0.349,30.2,0.0,OK,True,MILL_EAST,sugarcane,2026-01-14,7.51
PARCEL_008,2026-04-14,0.75,17.8,0.0,OK,True,MILL_EAST,sugarcane,2026-01-22,2.98
PARCEL_014,2026-03-14,0.534,33.9,0.0,OK,True,MILL_NORTH,sugarcane,2026-01-05,9.39
PARCEL_022,2026-04-11,0.778,20.2,0.0,OK,True,MILL_EAST,sugarcane,2026-01-14,8.04
PARCEL_005,2026-04-09,0.605,29.9,0.0,OK,True,MILL_NORTH,soybean,2026-02-08,2.79
PARCEL_012,2026-04-05,0.792,29.9,0.0,OK,True,MILL_WEST,sugarcane,2026-03-01,6.85
PARCEL_011,2026-03-14,0.351,34.1,0.0,OK,True,MILL_NORTH,wheat,2026-02-21,6.67
PARCEL_017,2026-04-21,0.608,28.1,0.0,OK,True,MILL_EAST,sugarcane,2026-01-14,7.51
PARCEL_016,2026-04-17,0.795,35.2,4.8,OK,True,MILL_EAST,sugarcane,2026-01-30,4.76
PARCEL_011,2026-05-25,0.373,24.6,0.0,OK,True,MILL_NORTH,wheat,2026-02-21,6.67
PARCEL_015,2026-05-21,0.582,32.2,0.0,OK,True,MILL_SOUTH,sugarcane,2026-01-06,4.87
PARCEL_015,2026-01-27,0.234,24.4,0.0,OK,True,MILL_SOUTH,sugarcane,2026-01-06,4.87
PARCEL_003,2026-01-30,0.197,17.6,0.0,OK,True,MILL_NORTH,soybean,2026-02-13,5.35
PARCEL_021,2026-03-01,0.335,28.6,0.0,OK,True,MILL_EAST,wheat,2026-02-21,3.58
PARCEL_015,2026-02-27,0.773,21.7,0.0,OK,True,MILL_SOUTH,sugarcane,2026-01-06,4.87
PARCEL_007,2026-03-06,0.526,22.0,0.0,OK,True,MILL_NORTH,sugarcane,2026-01-18,8.53
PARCEL_002,2026-03-24,0.631,24.7,0.0,OK,True,MILL_SOUTH,sugarcane,2026-01-16,8.97
PARCEL_021,2026-01-14,0.241,28.4,5.9,OK,True,MILL_EAST,wheat,2026-02-21,3.58
PARCEL_002,2026-02-06,0.307,15.8,0.0,OK,True,MILL_SOUTH,sugarcane,2026-01-16,8.97
PARCEL_024,2026-02-16,0.544,21.7,0.0,OK,True,MILL_EAST,soybean,2026-01-16,5.43
PARCEL_017,2026-05-24,0.577,19.5,0.0,OK,True,MILL_EAST,sugarcane,2026-01-14,7.51
PARCEL_002,2026-02-09,0.233,34.6,0.0,OK,True,MILL_SOUTH,sugarcane,2026-01-16,8.97
PARCEL_005,2026-01-08,0.281,24.9,0.0,OK,True,MILL_NORTH,soybean,2026-02-08,2.79
PARCEL_005,2026-05-22,0.537,27.2,0.0,OK,True,MILL_NORTH,soybean,2026-02-08,2.79
PARCEL_011,2026-04-04,0.605,26.8,8.6,OK,True,MILL_NORTH,wheat,2026-02-21,6.67
PARCEL_018,2026-03-01,0.666,26.2,0.0,OK,True,MILL_SOUTH,sugarcane,2026-01-11,5.82
PARCEL_009,2026-03-05,0.4,16.8,0.0,OK,True,MILL_EAST,sugarcane,2026-02-18,1.57
PARCEL_006,2026-05-15,0.639,28.4,0.0,ERROR,False,MILL_WEST,sugarcane,2026-02-11,5.67
PARCEL_024,2026-01-01,0.188,26.5,0.2,OK,True,MILL_EAST,soybean,2026-01-16,5.43
PARCEL_003,2026-02-05,0.209,30.1,0.0,OK,True,MILL_NORTH,soybean,2026-02-13,5.35
PARCEL_005,2026-02-03,0.258,32.6,0.0,OK,True,MILL_NORTH,soybean,2026-02-08,2.79
PARCEL_007,2026-02-11,0.268,19.7,2.5,OK,True,MILL_NORTH,sugarcane,2026-01-18,8.53
PARCEL_007,2026-04-05,0.565,19.3,0.0,OK,True,MILL_NORTH,sugarcane,2026-01-18,8.53
PARCEL_018,2026-05-09,0.515,25.9,0.0,OK,True,MILL_SOUTH,sugarcane,2026-01-11,5.82
PARCEL_005,2026-04-05,0.469,34.2,0.0,OK,True,MILL_NORTH,soybean,2026-02-08,2.79
PARCEL_003,2026-03-19,0.504,25.3,0.0,OK,True,MILL_NORTH,soybean,2026-02-13,5.35
PARCEL_013,2026-04-18,0.517,23.6,0.0,BAD_SENSOR,False,MILL_EAST,soybean,2026-02-23,2.71
PARCEL_019,2026-01-21,0.338,21.4,0.0,OK,True,MILL_SOUTH,sugarcane,2026-01-18,10.19
PARCEL_004,2026-01-06,0.37,23.6,0.0,OK,True,MILL_NORTH,sugarcane,2026-01-02,3.18
PARCEL_025,2026-05-21,0.494,16.1,0.0,OK,True,MILL_WEST,sugarcane,2026-02-07,3.02
PARCEL_015,2026-04-25,0.556,31.6,0.0,OK,True,MILL_SOUTH,sugarcane,2026-01-06,4.87
PARCEL_001,2026-03-22,0.53,20.8,8.6,OK,True,MILL_NORTH,sugarcane,2026-02-10,9.03
PARCEL_012,2026-01-05,0.171,22.0,5.5,OK,True,MILL_WEST,sugarcane,2026-03-01,6.85
PARCEL_024,2026-03-29,0.48,34.6,0.0,OK,True,MILL_EAST,soybean,2026-01-16,5.43
PARCEL_022,2026-04-06,0.859,33.2,0.0,OK,True,MILL_EAST,sugarcane,2026-01-14,8.04
PARCEL_023,2026-04-10,0.726,32.8,0.0,OK,True,MILL_WEST,sugarcane,2026-01-26,3.55
PARCEL_005,2026-05-21,0.581,20.0,0.0,OK,True,MILL_NORTH,soybean,2026-02-08,2.79
PARCEL_022,2026-02-21,0.652,32.5,0.0,OK,True,MILL_EAST,sugarcane,2026-01-14,8.04
PARCEL_007,2026-01-26,0.446,25.9,1.7,OK,True,MILL_NORTH,sugarcane,2026-01-18,8.53
PARCEL_019,2026-01-07,0.149,17.8,0.0,OK,True,MILL_SOUTH,sugarcane,2026-01-18,10.19
PARCEL_005,2026-03-08,0.302,31.9,0.0,OK,True,MILL_NORTH,soybean,2026-02-08,2.79
PARCEL_019,2026-03-03,0.698,30.6,0.0,OK,True,MILL_SOUTH,sugarcane,2026-01-18,10.19
PARCEL_010,2026-02-25,0.702,16.1,0.0,OK,True,MILL_EAST,sugarcane,2026-01-07,7.44
PARCEL_020,2026-02-25,0.214,15.7,0.9,OK,True,MILL_NORTH,sugarcane,2026-02-19,9.95
PARCEL_001,2026-02-22,0.31,29.9,0.0,BAD_SENSOR,False,MILL_NORTH,sugarcane,2026-02-10,9.03
PARCEL_017,2026-01-19,0.375,27.3,0.0,BAD_SENSOR,False,MILL_EAST,sugarcane,2026-01-14,7.51
PARCEL_001,2026-02-05,0.165,28.7,0.0,OK,True,MILL_NORTH,sugarcane,2026-02-10,9.03
PARCEL_015,2026-03-23,0.933,32.3,2.0,OK,True,MILL_SOUTH,sugarcane,2026-01-06,4.87
PARCEL_003,2026-02-17,0.25,29.1,0.0,OK,True,MILL_NORTH,soybean,2026-02-13,5.35
PARCEL_015,2026-05-04,0.513,29.0,0.0,OK,True,MILL_SOUTH,sugarcane,2026-01-06,4.87
PARCEL_020,2026-05-19,0.696,25.0,0.0,OK,True,MILL_NORTH,sugarcane,2026-02-19,9.95
PARCEL_024,2026-05-29,0.466,29.3,0.0,OK,True,MILL_EAST,soybean,2026-01-16,5.43
PARCEL_014,2026-01-02,0.159,28.9,0.0,OK,True,MILL_NORTH,sugarcane,2026-01-05,9.39
PARCEL_016,2026-01-16,0.198,22.9,0.0,OK,True,MILL_EAST,sugarcane,2026-01-30,4.76
PARCEL_003,2026-03-09,0.221,21.8,0.0,OK,True,MILL_NORTH,soybean,2026-02-13,5.35
PARCEL_014,2026-01-25,0.345,24.6,0.0,OK,True,MILL_NORTH,sugarcane,2026-01-05,9.39
PARCEL_017,2026-01-02,0.137,19.2,0.0,OK,True,MILL_EAST,sugarcane,2026-01-14,7.51
PARCEL_013,2026-02-24,0.198,24.1,1.8,OK,True,MILL_EAST,soybean,2026-02-23,2.71
PARCEL_018,2026-02-28,0.662,31.9,0.0,OK,True,MILL_SOUTH,sugarcane,2026-01-11,5.82
PARCEL_007,2026-04-17,0.74,29.1,6.4,OK,True,MILL_NORTH,sugarcane,2026-01-18,8.53
PARCEL_018,2026-05-19,0.641,16.9,0.0,OK,True,MILL_SOUTH,sugarcane,2026-01-11,5.82
PARCEL_023,2026-02-19,0.407,33.2,0.0,OK,True,MILL_WEST,sugarcane,2026-01-26,3.55
PARCEL_021,2026-02-10,0.123,17.8,0.0,OK,True,MILL_EAST,wheat,2026-02-21,3.58
PARCEL_003,2026-05-08,0.387,23.4,0.0,OK,True,MILL_NORTH,soybean,2026-02-13,5.35
PARCEL_018,2026-02-25,0.695,33.0,0.0,OK,True,MILL_SOUTH,sugarcane,2026-01-11,5.82
PARCEL_004,2026-04-04,0.478,31.8,0.0,OK,True,MILL_NORTH,sugarcane,2026-01-02,3.18
PARCEL_011,2026-01-16,0.1,24.9,0.0,OK,True,MILL_NORTH,wheat,2026-02-21,6.67
PARCEL_011,2026-04-24,0.629,18.1,0.0,OK,True,MILL_NORTH,wheat,2026-02-21,6.67
PARCEL_002,2026-01-14,0.071,17.1,0.0,OK,True,MILL_SOUTH,sugarcane,2026-01-16,8.97
PARCEL_012,2026-02-11,0.085,19.0,1.9,OK,True,MILL_WEST,sugarcane,2026-03-01,6.85
PARCEL_022,2026-05-15,0.455,27.0,0.0,OK,True,MILL_EAST,sugarcane,2026-01-14,8.04
PARCEL_019,2026-05-13,0.571,26.7,0.0,OK,True,MILL_SOUTH,sugarcane,2026-01-18,10.19
PARCEL_013,2026-01-11,0.106,27.7,0.0,OK,True,MILL_EAST,soybean,2026-02-23,2.71
PARCEL_006,2026-04-21,0.681,33.5,0.0,OK,True,MILL_WEST,sugarcane,2026-02-11,5.67
PARCEL_018,2026-03-10,0.625,32.3,0.0,OK,True,MILL_SOUTH,sugarcane,2026-01-11,5.82
PARCEL_024,2026-02-12,0.329,17.1,1.8,OK,True,MILL_EAST,soybean,2026-01-16,5.43
PARCEL_018,2026-01-20,0.454,23.0,0.0,OK,True,MILL_SOUTH,sugarcane,2026-01-11,5.82
PARCEL_019,2026-02-20,0.697,34.9,6.8,OK,True,MILL_SOUTH,sugarcane,2026-01-18,10.19
PARCEL_009,2026-05-16,0.745,19.9,0.0,ERROR,False,MILL_EAST,sugarcane,2026-02-18,1.57
PARCEL_019,2026-01-08,0.287,24.0,0.0,OK,True,MILL_SOUTH,sugarcane,2026-01-18,10.19
PARCEL_003,2026-04-18,0.512,33.3,0.0,ERROR,False,MILL_NORTH,soybean,2026-02-13,5.35
PARCEL_025,2026-03-01,0.305,29.8,2.8,BAD_SENSOR,False,MILL_WEST,sugarcane,2026-02-07,3.02
PARCEL_020,2026-04-23,0.782,18.4,2.3,BAD_SENSOR,False,MILL_NORTH,sugarcane,2026-02-19,9.95
PARCEL_023,2026-03-27,0.726,32.8,0.0,OK,True,MILL_WEST,sugarcane,2026-01-26,3.55
PARCEL_012,2026-04-03,0.625,17.7,0.0,OK,True,MILL_WEST,sugarcane,2026-03-01,6.85
PARCEL_002,2026-04-06,0.847,34.9,0.0,OK,True,MILL_SOUTH,sugarcane,2026-01-16,8.97
PARCEL_017,2026-05-07,0.626,32.7,3.1,ERROR,False,MILL_EAST,sugarcane,2026-01-14,7.51
PARCEL_012,2026-02-16,0.143,26.2,0.0,OK,True,MILL_WEST,sugarcane,2026-03-01,6.85
PARCEL_003,2026-04-27,0.609,27.2,0.0,OK,True,MILL_NORTH,soybean,2026-02-13,5.35
PARCEL_017,2026-02-12,0.185,27.1,0.0,OK,True,MILL_EAST,sugarcane,2026-01-14,7.51
PARCEL_003,2026-05-06,0.456,18.8,0.0,OK,True,MILL_NORTH,soybean,2026-02-13,5.35
PARCEL_015,2026-01-02,0.288,26.4,0.0,OK,True,MILL_SOUTH,sugarcane,2026-01-06,4.87
PARCEL_011,2026-04-13,0.512,17.9,0.0,OK,True,MILL_NORTH,wheat,2026-02-21,6.67
PARCEL_025,2026-03-11,0.69,21.7,0.0,OK,True,MILL_WEST,sugarcane,2026-02-07,3.02
PARCEL_009,2026-05-11,0.687,23.2,0.0,OK,True,MILL_EAST,sugarcane,2026-02-18,1.57
PARCEL_006,2026-03-30,0.758,34.0,0.0,OK,True,MILL_WEST,sugarcane,2026-02-11,5.67
PARCEL_003,2026-01-06,0.235,30.4,0.0,OK,True,MILL_NORTH,soybean,2026-02-13,5.35
PARCEL_001,2026-05-23,0.505,24.0,0.0,OK,True,MILL_NORTH,sugarcane,2026-02-10,9.03
PARCEL_004,2026-01-26,0.16,17.2,0.0,OK,True,MILL_NORTH,sugarcane,2026-01-02,3.18
PARCEL_001,2026-02-23,0.411,32.7,4.1,OK,True,MILL_NORTH,sugarcane,2026-02-10,9.03
PARCEL_016,2026-03-31,0.615,28.8,0.0,OK,True,MILL_EAST,sugarcane,2026-01-30,4.76
PARCEL_006,2026-05-06,0.838,31.8,5.1,OK,True,MILL_WEST,sugarcane,2026-02-11,5.67
PARCEL_015,2026-03-16,0.721,33.8,0.0,OK,True,MILL_SOUTH,sugarcane,2026-01-06,4.87
PARCEL_024,2026-04-16,0.608,22.8,0.0,OK,True,MILL_EAST,soybean,2026-01-16,5.43
PARCEL_011,2026-01-27,0.088,27.6,0.0,OK,True,MILL_NORTH,wheat,2026-02-21,6.67
PARCEL_018,2026-04-18,0.662,27.7,0.0,OK,True,MILL_SOUTH,sugarcane,2026-01-11,5.82
PARCEL_006,2026-01-09,0.162,16.4,0.0,OK,True,MILL_WEST,sugarcane,2026-02-11,5.67
PARCEL_001,2026-04-29,0.509,32.0,0.0,OK,True,MILL_NORTH,sugarcane,2026-02-10,9.03
PARCEL_024,2026-01-21,0.268,26.7,0.0,OK,True,MILL_EAST,soybean,2026-01-16,5.43
PARCEL_001,2026-01-02,0.214,20.9,8.4,OK,True,MILL_NORTH,sugarcane,2026-02-10,9.03
PARCEL_023,2026-04-02,0.708,20.7,0.0,OK,True,MILL_WEST,sugarcane,2026-01-26,3.55
PARCEL_010,2026-03-17,0.67,25.6,0.0,OK,True,MILL_EAST,sugarcane,2026-01-07,7.44
PARCEL_025,2026-05-11,0.427,21.4,0.0,OK,True,MILL_WEST,sugarcane,2026-02-07,3.02
PARCEL_016,2026-03-18,0.643,20.4,0.0,OK,True,MILL_EAST,sugarcane,2026-01-30,4.76
PARCEL_025,2026-03-29,0.658,35.2,7.7,OK,True,MILL_WEST,sugarcane,2026-02-07,3.02
PARCEL_004,2026-01-01,0.168,26.2,0.0,OK,True,MILL_NORTH,sugarcane,2026-01-02,3.18
PARCEL_001,2026-01-06,0.232,34.0,6.2,OK,True,MILL_NORTH,sugarcane,2026-02-10,9.03
PARCEL_013,2026-01-10,0.16,20.4,0.0,OK,True,MILL_EAST,soybean,2026-02-23,2.71
PARCEL_020,2026-05-24,0.643,24.8,0.0,OK,True,MILL_NORTH,sugarcane,2026-02-19,9.95
PARCEL_022,2026-04-04,0.89,35.0,0.0,OK,True,MILL_EAST,sugarcane,2026-01-14,8.04
PARCEL_022,2026-04-02,0.715,34.8,1.9,OK,True,MILL_EAST,sugarcane,2026-01-14,8.04
PARCEL_013,2026-03-16,0.37,19.5,0.0,OK,True,MILL_EAST,soybean,2026-02-23,2.71
PARCEL_017,2026-02-20,0.867,16.0,1.7,OK,True,MILL_EAST,sugarcane,2026-01-14,7.51
PARCEL_004,2026-05-21,0.472,24.8,0.0,OK,True,MILL_NORTH,sugarcane,2026-01-02,3.18
PARCEL_007,2026-03-21,0.546,19.0,0.0,BAD_SENSOR,False,MILL_NORTH,sugarcane,2026-01-18,8.53
PARCEL_007,2026-03-13,0.773,31.7,2.0,OK,True,MILL_NORTH,sugarcane,2026-01-18,8.53
PARCEL_007,2026-04-13,0.473,25.3,0.0,ERROR,False,MILL_NORTH,sugarcane,2026-01-18,8.53
PARCEL_019,2026-01-29,0.307,15.4,0.0,OK,True,MILL_SOUTH,sugarcane,2026-01-18,10.19
PARCEL_010,2026-03-09,0.766,24.5,0.0,OK,True,MILL_EAST,sugarcane,2026-01-07,7.44
PARCEL_004,2026-04-13,0.482,23.2,0.0,OK,True,MILL_NORTH,sugarcane,2026-01-02,3.18
PARCEL_010,2026-01-18,0.57,27.8,0.0,OK,True,MILL_EAST,sugarcane,2026-01-07,7.44
PARCEL_024,2026-04-25,0.449,23.7,0.0,OK,True,MILL_EAST,soybean,2026-01-16,5.43
PARCEL_002,2026-02-10,0.273,34.3,0.0,OK,True,MILL_SOUTH,sugarcane,2026-01-16,8.97
PARCEL_020,2026-02-09,0.15,33.7,0.0,OK,True,MILL_NORTH,sugarcane,2026-02-19,9.95
PARCEL_017,2026-05-27,0.596,17.4,2.4,ERROR,False,MILL_EAST,sugarcane,2026-01-14,7.51
PARCEL_020,2026-02-08,0.042,22.7,0.0,OK,True,MILL_NORTH,sugarcane,2026-02-19,9.95
PARCEL_003,2026-01-15,0.163,19.7,0.0,OK,True,MILL_NORTH,soybean,2026-02-13,5.35
PARCEL_022,2026-01-28,0.246,15.3,0.0,ERROR,False,MILL_EAST,sugarcane,2026-01-14,8.04
PARCEL_022,2026-03-14,0.598,24.3,0.0,OK,True,MILL_EAST,sugarcane,2026-01-14,8.04
PARCEL_016,2026-01-22,0.079,33.1,0.0,OK,True,MILL_EAST,sugarcane,2026-01-30,4.76
PARCEL_022,2026-03-06,0.868,34.7,1.8,OK,True,MILL_EAST,sugarcane,2026-01-14,8.04
PARCEL_013,2026-02-12,0.07,26.7,0.0,OK,True,MILL_EAST,soybean,2026-02-23,2.71
PARCEL_024,2026-04-29,0.516,29.3,5.1,OK,True,MILL_EAST,soybean,2026-01-16,5.43
PARCEL_017,2026-03-30,0.731,25.7,0.0,OK,True,MILL_EAST,sugarcane,2026-01-14,7.51
PARCEL_011,2026-03-28,0.728,20.0,0.8,OK,True,MILL_NORTH,wheat,2026-02-21,6.67
PARCEL_010,2026-03-06,0.629,26.3,0.0,OK,True,MILL_EAST,sugarcane,2026-01-07,7.44
PARCEL_022,2026-01-12,0.179,34.4,0.0,OK,True,MILL_EAST,sugarcane,2026-01-14,8.04
PARCEL_013,2026-01-27,0.157,23.6,0.0,OK,True,MILL_EAST,soybean,2026-02-23,2.71
PARCEL_021,2026-03-23,0.532,31.4,0.0,OK,True,MILL_EAST,wheat,2026-02-21,3.58
PARCEL_018,2026-02-21,0.699,17.6,0.0,ERROR,False,MILL_SOUTH,sugarcane,2026-01-11,5.82
PARCEL_022,2026-05-28,0.643,17.3,0.0,OK,True,MILL_EAST,sugarcane,2026-01-14,8.04
PARCEL_008,2026-01-25,0.292,26.6,8.4,OK,True,MILL_EAST,sugarcane,2026-01-22,2.98
PARCEL_023,2026-04-26,0.434,24.2,4.2,OK,True,MILL_WEST,sugarcane,2026-01-26,3.55
PARCEL_002,2026-02-18,0.654,33.0,0.0,OK,True,MILL_SOUTH,sugarcane,2026-01-16,8.97
PARCEL_011,2026-01-24,0.169,33.6,0.0,OK,True,MILL_NORTH,wheat,2026-02-21,6.67
PARCEL_025,2026-03-18,0.57,21.5,0.0,OK,True,MILL_WEST,sugarcane,2026-02-07,3.02
PARCEL_004,2026-03-11,0.696,25.3,6.7,OK,True,MILL_NORTH,sugarcane,2026-01-02,3.18
PARCEL_006,2026-02-25,0.407,18.6,0.0,OK,True,MILL_WEST,sugarcane,2026-02-11,5.67
PARCEL_006,2026-04-06,0.648,31.5,0.0,OK,True,MILL_WEST,sugarcane,2026-02-11,5.67
PARCEL_003,2026-03-08,0.267,30.0,0.0,ERROR,False,MILL_NORTH,soybean,2026-02-13,5.35
PARCEL_013,2026-05-05,0.607,26.9,0.0,OK,True,MILL_EAST,soybean,2026-02-23,2.71
PARCEL_003,2026-03-11,0.239,20.6,6.0,OK,True,MILL_NORTH,soybean,2026-02-13,5.35
PARCEL_023,2026-02-28,0.729,17.8,0.0,OK,True,MILL_WEST,sugarcane,2026-01-26,3.55
PARCEL_020,2026-05-06,0.841,22.0,0.0,OK,True,MILL_NORTH,sugarcane,2026-02-19,9.95
PARCEL_004,2026-04-12,0.423,23.3,0.0,OK,True,MILL_NORTH,sugarcane,2026-01-02,3.18
PARCEL_018,2026-03-29,0.569,24.9,0.0,OK,True,MILL_SOUTH,sugarcane,2026-01-11,5.82
PARCEL_023,2026-01-29,0.161,29.4,0.0,OK,True,MILL_WEST,sugarcane,2026-01-26,3.55
PARCEL_013,2026-05-22,0.467,34.6,0.0,OK,True,MILL_EAST,soybean,2026-02-23,2.71
PARCEL_014,2026-05-06,0.413,15.7,0.0,OK,True,MILL_NORTH,sugarcane,2026-01-05,9.39
PARCEL_009,2026-02-19,0.32,29.8,5.7,BAD_SENSOR,False,MILL_EAST,sugarcane,2026-02-18,1.57
PARCEL_014,2026-02-07,0.649,16.4,0.0,OK,True,MILL_NORTH,sugarcane,2026-01-05,9.39
PARCEL_008,2026-05-06,0.544,26.5,0.0,OK,True,MILL_EAST,sugarcane,2026-01-22,2.98
PARCEL_013,2026-01-16,0.129,35.1,0.0,OK,True,MILL_EAST,soybean,2026-02-23,2.71
PARCEL_015,2026-02-21,0.652,25.3,0.0,OK,True,MILL_SOUTH,sugarcane,2026-01-06,4.87
PARCEL_007,2026-03-01,0.62,26.5,0.0,OK,True,MILL_NORTH,sugarcane,2026-01-18,8.53
PARCEL_002,2026-04-23,0.718,29.3,0.0,OK,True,MILL_SOUTH,sugarcane,2026-01-16,8.97
PARCEL_025,2026-02-01,0.07,29.4,0.0,OK,True,MILL_WEST,sugarcane,2026-02-07,3.02
PARCEL_018,2026-04-24,0.382,25.2,0.0,OK,True,MILL_SOUTH,sugarcane,2026-01-11,5.82
PARCEL_010,2026-01-05,0.194,33.6,7.6,OK,True,MILL_EAST,sugarcane,2026-01-07,7.44
PARCEL_001,2026-01-03,0.118,27.5,0.0,OK,True,MILL_NORTH,sugarcane,2026-02-10,9.03
PARCEL_013,2026-05-09,0.415,25.2,0.0,OK,True,MILL_EAST,soybean,2026-02-23,2.71
PARCEL_012,2026-03-20,0.372,32.5,0.0,OK,True,MILL_WEST,sugarcane,2026-03-01,6.85
PARCEL_009,2026-04-25,0.809,30.1,0.0,OK,True,MILL_EAST,sugarcane,2026-02-18,1.57
PARCEL_019,2026-04-25,0.451,23.0,0.0,OK,True,MILL_SOUTH,sugarcane,2026-01-18,10.19
PARCEL_013,2026-04-04,0.673,26.6,0.0,OK,True,MILL_EAST,soybean,2026-02-23,2.71
PARCEL_010,2026-02-21,0.706,28.9,0.0,OK,True,MILL_EAST,sugarcane,2026-01-07,7.44
PARCEL_010,2026-05-21,0.669,31.0,0.0,OK,True,MILL_EAST,sugarcane,2026-01-07,7.44
PARCEL_007,2026-02-19,0.684,31.2,0.0,OK,True,MILL_NORTH,sugarcane,2026-01-18,8.53
PARCEL_002,2026-02-21,0.647,24.4,0.0,OK,True,MILL_SOUTH,sugarcane,2026-01-16,8.97
PARCEL_017,2026-03-07,0.677,27.4,0.0,OK,True,MILL_EAST,sugarcane,2026-01-14,7.51
PARCEL_016,2026-04-13,0.672,26.6,0.0,OK,True,MILL_EAST,sugarcane,2026-01-30,4.76
PARCEL_001,2026-01-23,0.234,19.4,0.0,OK,True,MILL_NORTH,sugarcane,2026-02-10,9.03
PARCEL_002,2026-05-15,0.593,25.7,0.0,OK,True,MILL_SOUTH,sugarcane,2026-01-16,8.97
PARCEL_014,2026-03-29,0.734,22.9,0.0,OK,True,MILL_NORTH,sugarcane,2026-01-05,9.39
